fare_amount,pickup_timestamp,pickup_longitude,pickup_latitude,dropoff_longitude,dropoff_latitude
26.0,2013-05-10 14:42:07 UTC,-73.981828,40.750499,-73.961214,40.748411
21.5,2013-11-10 06:57:18 UTC,-73.960184,40.776519,-73.957553,40.765177
24.3,2011-11-27 10:23:52 UTC,-73.988015,40.79828,-73.9745,40.787364
23.6,2013-05-21 23:02:21 UTC,-73.99493,40.699435,-73.994619,40.683525
21.0,2013-02-08 23:43:29 UTC,-74.025075,40.740455,-74.01756,40.74813
21.7,2013-03-16 01:59:20 UTC,-73.99873,40.742019,-73.998197,40.754073
27.6,2012-04-04 21:43:24 UTC,-73.998921,40.70798,-73.988865,40.686362
29.4,2012-04-19 09:27:59 UTC,-73.976829,40.735447,-73.997212,40.75383
20.1,2013-09-02 14:46:50 UTC,-73.992209,40.762833,-73.983328,40.762713
19.3,2013-04-11 02:36:50 UTC,-73.93684,40.74164,-73.930152,40.744538
23.0,2012-10-08 20:08:38 UTC,-74.001153,40.703661,-74.002694,40.688937
22.5,2012-01-23 13:49:57 UTC,-73.951987,40.836222,-73.956079,40.849431
17.4,2013-02-15 20:01:19 UTC,-73.975605,40.757985,-73.978596,40.759988
21.5,2011-04-02 14:59:06 UTC,-73.963865,40.753351,-73.961037,40.764739
24.2,2012-05-23 07:46:34 UTC,-73.96508,40.717062,-73.952939,40.729271
22.8,2011-07-25 16:35:49 UTC,-74.024365,40.757821,-74.029707,40.77117
24.7,2013-10-22 05:53:41 UTC,-73.980231,40.745074,-73.997249,40.738591
28.1,2012-12-03 17:25:43 UTC,-73.985245,40.693344,-73.960399,40.691265
20.2,2011-06-11 09:35:13 UTC,-74.00266,40.717892,-73.995944,40.711775
20.5,2013-03-26 14:07:13 UTC,-73.970807,40.773848,-73.97472,40.782799
21.8,2013-10-13 07:20:15 UTC,-73.945669,40.808321,-73.933781,40.811649
22.7,2011-12-04 14:52:23 UTC,-74.03346,40.761015,-74.024123,40.771706
21.7,2011-08-05 12:40:28 UTC,-73.990689,40.783092,-73.985767,40.79422
24.6,2011-01-15 12:00:24 UTC,-74.004915,40.745327,-74.009686,40.728055
23.2,2012-06-04 23:00:43 UTC,-73.978564,40.747404,-73.971891,40.760911
22.9,2012-10-09 23:10:50 UTC,-73.986512,40.782729,-73.975617,40.792238
24.4,2012-08-15 07:34:34 UTC,-73.992114,40.799883,-74.009314,40.796191
17.7,2011-10-16 04:41:38 UTC,-73.96621,40.789033,-73.963965,40.792531
17.2,2013-10-14 08:27:06 UTC,-73.947276,40.718009,-73.944295,40.716772
19.0,2011-07-20 07:11:33 UTC,-73.926774,40.747991,-73.924113,40.754152
17.5,2013-11-22 15:54:22 UTC,-73.994793,40.758326,-73.994331,40.754612
22.0,2013-03-15 02:43:39 UTC,-74.016418,40.74221,-74.004557,40.746999
16.7,2012-12-26 02:00:34 UTC,-73.968816,40.761636,-73.970929,40.762309
17.8,2012-09-04 14:13:02 UTC,-73.94779,40.774617,-73.947818,40.770295
17.5,2013-10-25 22:13:38 UTC,-73.963726,40.780084,-73.96057,40.781986
29.2,2013-03-05 08:14:14 UTC,-73.947873,40.800576,-73.949654,40.827641
23.4,2013-06-10 12:50:31 UTC,-73.98451,40.740117,-73.99837,40.733261
17.3,2013-01-12 16:51:31 UTC,-73.992191,40.709079,-73.99005,40.70658
19.2,2012-04-29 22:38:44 UTC,-73.977691,40.760747,-73.975437,40.754066
19.0,2012-06-24 03:12:31 UTC,-73.986611,40.806514,-73.990263,40.800882
19.8,2012-07-31 09:44:56 UTC,-73.966738,40.735691,-73.968061,40.743848
31.9,2013-10-09 05:27:27 UTC,-73.960605,40.770605,-73.992403,40.777764
21.7,2011-07-09 00:00:56 UTC,-73.959038,40.770872,-73.946954,40.770814
22.5,2012-09-24 19:12:40 UTC,-73.969788,40.755743,-73.960778,40.766006
23.4,2012-12-10 07:26:08 UTC,-73.975084,40.750208,-73.988462,40.758142
19.1,2011-11-14 04:32:50 UTC,-73.964111,40.722297,-73.970866,40.720674
26.2,2012-11-14 23:14:58 UTC,-74.01926,40.68155,-74.004775,40.666211
22.7,2012-03-17 19:11:38 UTC,-73.975789,40.716644,-73.987337,40.724942
18.2,2013-08-09 16:58:48 UTC,-73.97895,40.738291,-73.974166,40.739988
18.1,2011-01-02 01:27:53 UTC,-73.975738,40.782923,-73.980659,40.783145
18.7,2013-05-04 04:31:32 UTC,-73.981752,40.746906,-73.977651,40.742246
19.4,2012-01-20 18:01:52 UTC,-73.971363,40.734429,-73.970862,40.741876
17.9,2012-12-30 05:31:54 UTC,-73.991492,40.72327,-73.994324,40.726755
17.9,2013-04-15 22:10:55 UTC,-73.95741,40.769704,-73.953524,40.767336
22.2,2011-05-03 16:37:23 UTC,-73.970527,40.790751,-73.975457,40.778496
26.0,2013-06-02 01:05:21 UTC,-73.976986,40.781903,-73.994829,40.792582
21.2,2013-01-21 15:32:08 UTC,-73.99395,40.768184,-74.003228,40.774234
21.0,2011-07-06 05:15:28 UTC,-73.963694,40.705732,-73.974172,40.708286
31.1,2012-10-21 03:18:25 UTC,-73.975867,40.73945,-73.991908,40.712882
17.5,2011-05-27 19:31:06 UTC,-73.99511,40.808419,-73.991416,40.80804
17.1,2012-05-03 00:39:38 UTC,-73.981133,40.783659,-73.982861,40.781246
19.2,2011-12-04 07:00:10 UTC,-73.967418,40.703875,-73.963879,40.69769
20.2,2012-04-17 17:22:30 UTC,-73.968969,40.748332,-73.963761,40.755875
20.8,2011-09-20 15:25:47 UTC,-73.97026,40.760893,-73.962695,40.768042
18.6,2013-10-13 19:59:48 UTC,-73.978149,40.727135,-73.97408,40.731503
22.8,2011-01-02 00:47:11 UTC,-73.959484,40.680724,-73.96928,40.691103
21.5,2012-03-28 04:31:58 UTC,-73.955244,40.752965,-73.949449,40.742742
18.2,2013-10-11 08:40:34 UTC,-73.965254,40.726367,-73.963036,40.721831
26.6,2013-03-26 15:02:19 UTC,-73.991749,40.726485,-73.969848,40.727233
18.7,2011-06-01 21:55:32 UTC,-74.001161,40.73936,-74.001082,40.73314
19.7,2012-09-19 10:48:07 UTC,-73.990879,40.74599,-73.98705,40.753261
18.3,2011-04-14 19:34:47 UTC,-73.940927,40.749728,-73.941875,40.744506
22.1,2012-05-24 02:24:28 UTC,-73.974366,40.72348,-73.973877,40.736464
20.3,2013-07-02 13:17:01 UTC,-73.937471,40.743394,-73.937657,40.734082
26.5,2013-04-01 02:15:40 UTC,-73.982404,40.697277,-73.98675,40.718597
25.8,2011-06-10 03:32:13 UTC,-73.985176,40.759331,-73.983403,40.779624
18.8,2013-03-26 19:55:07 UTC,-73.981481,40.664312,-73.975264,40.663364
21.7,2012-02-05 00:47:11 UTC,-73.981843,40.741315,-73.986039,40.752777
20.3,2013-08-12 18:21:54 UTC,-73.995473,40.777576,-73.987117,40.773571
21.8,2013-11-11 13:29:37 UTC,-74.002977,40.71822,-73.995834,40.728353
20.1,2011-08-18 12:50:53 UTC,-73.969973,40.771493,-73.978776,40.769733
23.7,2011-01-27 01:20:29 UTC,-73.958902,40.784672,-73.968539,40.771818
33.4,2011-10-11 14:32:04 UTC,-73.9311,40.650763,-73.926619,40.615435
18.9,2013-10-16 15:18:03 UTC,-73.988674,40.745459,-73.99455,40.742772
21.0,2012-06-30 16:16:43 UTC,-73.987053,40.663727,-73.99751,40.666517
26.5,2011-06-07 13:52:05 UTC,-73.995425,40.746454,-73.978256,40.759757
20.5,2011-04-09 08:36:23 UTC,-73.957485,40.749785,-73.967149,40.750151
24.8,2012-05-11 13:52:30 UTC,-73.9637,40.675524,-73.978936,40.685553
20.2,2012-11-30 00:51:20 UTC,-73.997539,40.807745,-74.005376,40.803206
17.7,2013-07-16 22:32:02 UTC,-73.998044,40.75858,-73.995727,40.755208
20.9,2011-05-08 17:24:41 UTC,-73.96095,40.724529,-73.960214,40.73507
31.2,2012-07-19 02:39:45 UTC,-73.972336,40.793961,-73.953464,40.769315
19.5,2012-09-17 14:21:22 UTC,-73.964832,40.696132,-73.972516,40.696261
18.0,2013-08-19 09:01:25 UTC,-73.997655,40.713125,-73.995294,40.709125
24.5,2013-02-23 07:32:08 UTC,-74.017554,40.681016,-74.00627,40.694622
19.9,2011-09-03 15:38:28 UTC,-73.997499,40.804031,-74.004089,40.798749
20.0,2013-01-28 02:49:24 UTC,-73.966245,40.75997,-73.959207,40.765136
0.8,2012-02-12 12:59:57 UTC,-73.937779,40.769782,-73.956101,40.778997
27.2,2013-06-21 03:44:19 UTC,-73.988589,40.75903,-73.971002,40.744104
20.7,2011-11-17 07:45:15 UTC,-73.934483,40.767213,-73.924535,40.765819
19.7,2012-10-15 11:50:22 UTC,-73.963404,40.752342,-73.97021,40.748026
21.9,2013-04-13 22:21:50 UTC,-74.007861,40.758128,-73.999562,40.767591
23.0,2012-07-28 21:57:57 UTC,-73.975719,40.753228,-73.962587,40.759979
22.2,2011-11-01 19:41:05 UTC,-73.962721,40.731742,-73.975607,40.72941
21.7,2013-12-13 10:59:36 UTC,-74.02851,40.748601,-74.034508,40.738127
24.1,2013-09-19 07:52:59 UTC,-73.967111,40.758208,-73.95365,40.768589
16.1,2013-09-30 11:04:38 UTC,-73.956546,40.753316,-73.955871,40.75264
24.0,2013-02-12 12:31:51 UTC,-73.972023,40.705667,-73.967661,40.689483
23.3,2011-02-16 02:54:39 UTC,-73.981234,40.70965,-73.980532,40.694327
20.6,2012-10-17 12:49:59 UTC,-73.983459,40.782485,-73.974544,40.786862
22.5,2012-10-18 23:18:27 UTC,-73.984626,40.74079,-73.979497,40.728032
24.9,2013-12-17 22:25:36 UTC,-74.00352,40.767542,-74.002457,40.786138
27.1,2011-04-27 22:08:11 UTC,-73.99375,40.717236,-74.014767,40.707866
18.8,2013-10-09 00:57:57 UTC,-73.988332,40.705806,-73.981932,40.705802
19.4,2012-05-27 14:33:31 UTC,-73.97773,40.724692,-73.970438,40.726283
22.8,2012-07-13 07:44:52 UTC,-73.991136,40.743323,-74.003532,40.736029
28.3,2013-06-15 15:38:04 UTC,-73.997383,40.730046,-74.009099,40.707648
18.4,2013-02-28 22:02:11 UTC,-73.964805,40.788818,-73.959629,40.790727
19.5,2011-06-03 15:50:36 UTC,-73.972588,40.755386,-73.970644,40.747853
25.5,2012-11-27 13:27:04 UTC,-73.990785,40.805468,-74.010533,40.806634
19.8,2013-12-06 16:29:45 UTC,-73.969874,40.762132,-73.978095,40.760909
17.7,2013-08-15 19:04:11 UTC,-73.989063,40.677623,-73.985925,40.680256
24.1,2013-06-30 15:20:38 UTC,-73.978739,40.781681,-73.971972,40.7973
19.6,2011-12-23 22:57:09 UTC,-73.960499,40.704713,-73.966342,40.699252
18.1,2013-03-12 19:30:09 UTC,-73.992075,40.756916,-73.993549,40.752228
25.1,2013-01-31 18:57:31 UTC,-74.003448,40.726759,-74.012242,40.710102
22.3,2013-02-07 23:04:44 UTC,-73.982903,40.814281,-73.969663,40.812329
17.9,2012-05-30 15:23:15 UTC,-74.007269,40.793188,-74.005523,40.797287
19.8,2011-09-15 16:27:31 UTC,-73.985549,40.727745,-73.992226,40.72291
21.8,2013-05-01 23:11:49 UTC,-73.985613,40.746179,-73.997176,40.750344
22.0,2012-01-15 00:32:50 UTC,-74.029274,40.757338,-74.041943,40.755563
26.8,2013-12-02 11:28:12 UTC,-73.969387,40.775902,-73.951272,40.76288
17.4,2011-01-12 13:01:50 UTC,-73.983654,40.750875,-73.985389,40.753994
17.9,2013-01-23 02:22:16 UTC,-73.956362,40.719253,-73.960357,40.717195
16.9,2011-03-31 07:28:25 UTC,-73.975689,40.728473,-73.977822,40.729701
19.9,2013-08-27 01:50:40 UTC,-73.965288,40.749866,-73.97159,40.744196
19.0,2013-04-05 20:49:44 UTC,-73.956199,40.787034,-73.957269,40.78048
16.4,2012-02-17 23:35:24 UTC,-73.982634,40.762835,-73.982285,40.764409
16.8,2013-10-17 03:09:36 UTC,-73.980016,40.726798,-73.979866,40.724492
26.3,2012-04-01 23:34:48 UTC,-74.011471,40.769451,-74.024097,40.786694
21.6,2013-09-04 16:38:31 UTC,-73.955209,40.73839,-73.946285,40.746378
19.5,2012-10-24 04:11:48 UTC,-73.982914,40.776712,-73.988444,40.782162
19.0,2011-10-06 02:40:29 UTC,-74.000115,40.82581,-74.006701,40.824036
26.4,2011-03-03 19:47:24 UTC,-73.965206,40.739235,-73.972244,40.718975
22.3,2012-02-01 18:48:35 UTC,-74.023596,40.774048,-74.03412,40.765972
19.1,2012-01-31 08:18:11 UTC,-73.988585,40.727638,-73.985908,40.721165
20.3,2011-09-22 06:27:13 UTC,-73.961834,40.746632,-73.952884,40.743882
19.3,2013-01-04 19:18:57 UTC,-73.988754,40.750887,-73.995984,40.750553
25.4,2011-05-24 20:04:34 UTC,-73.994358,40.744189,-74.01279,40.75075
20.9,2012-01-31 19:58:20 UTC,-73.988323,40.82389,-73.998594,40.826622
21.8,2012-07-22 06:44:52 UTC,-74.020199,40.740802,-74.024681,40.752394
22.0,2013-12-01 06:13:30 UTC,-73.96569,40.767606,-73.978005,40.764487
18.9,2012-09-25 04:34:22 UTC,-73.982458,40.692097,-73.988445,40.694669
18.9,2013-01-02 10:10:17 UTC,-73.985446,40.76296,-73.990962,40.766398
16.9,2013-01-20 11:08:09 UTC,-73.985373,40.784262,-73.985528,40.786719
25.3,2013-08-11 11:16:37 UTC,-73.979718,40.734172,-73.994268,40.746991
20.6,2011-06-19 08:49:26 UTC,-73.966931,40.674693,-73.96113,40.682731
26.2,2012-09-25 01:04:28 UTC,-73.981041,40.74884,-73.964432,40.735646
22.8,2011-12-05 07:47:44 UTC,-74.007233,40.750516,-73.992942,40.749372
18.6,2012-05-14 16:06:24 UTC,-73.96849,40.771722,-73.97433,40.771583
26.9,2013-12-29 18:43:53 UTC,-73.970029,40.810327,-73.963342,40.831843
18.8,2011-06-16 09:25:18 UTC,-73.975889,40.738598,-73.970387,40.7353
20.5,2011-02-08 02:44:12 UTC,-73.958495,40.724311,-73.95893,40.714487
18.0,2013-01-23 19:27:07 UTC,-73.979392,40.714992,-73.977622,40.719376
19.9,2013-04-08 08:38:00 UTC,-73.957772,40.755942,-73.950942,40.760912
20.1,2012-01-22 12:27:56 UTC,-73.951856,40.764381,-73.943022,40.763643
19.8,2013-04-03 00:37:52 UTC,-73.968354,40.73363,-73.97647,40.731428
21.7,2011-05-14 11:44:31 UTC,-73.994959,40.77336,-73.987482,40.78285
25.0,2011-06-22 14:20:15 UTC,-73.982616,40.763962,-73.965951,40.755426
20.4,2013-06-04 20:10:59 UTC,-73.955223,40.751297,-73.946401,40.747887
23.7,2011-02-16 08:48:13 UTC,-74.009953,40.722928,-73.994588,40.717706
29.7,2012-10-17 22:56:10 UTC,-73.987839,40.735544,-74.013674,40.746483
18.9,2013-11-01 09:31:15 UTC,-73.986859,40.677107,-73.980902,40.679962
21.1,2013-08-25 05:11:23 UTC,-73.997304,40.757074,-73.994662,40.746424
22.7,2012-10-29 20:07:57 UTC,-73.962542,40.75079,-73.952272,40.741145
26.6,2012-11-06 07:57:59 UTC,-73.972464,40.755654,-73.98372,40.774389
21.6,2012-06-23 04:40:35 UTC,-73.994221,40.76513,-73.999283,40.775962
21.8,2012-05-16 16:08:32 UTC,-73.96789,40.761575,-73.958884,40.76999
391.1,2012-04-05 15:28:12 UTC,-73.983168,40.746689,-73.993765,40.746811
23.3,2012-01-25 17:50:04 UTC,-73.997804,40.75146,-73.995381,40.766545
21.1,2012-03-25 09:55:29 UTC,-73.994258,40.707871,-73.994428,40.696836
19.5,2013-05-26 04:54:55 UTC,-73.971279,40.732488,-73.973238,40.740018
19.3,2012-01-09 00:17:31 UTC,-73.96122,40.751514,-73.955493,40.747081
21.3,2011-06-26 10:20:25 UTC,-73.989735,40.727924,-74.00089,40.725435
21.0,2011-03-04 21:58:26 UTC,-73.969111,40.775805,-73.976912,40.783062
16.6,2012-11-19 12:32:33 UTC,-73.948365,40.730241,-73.949757,40.728805
22.0,2011-04-15 02:00:20 UTC,-74.005177,40.756489,-74.017189,40.752142
22.3,2013-04-02 05:27:16 UTC,-73.972887,40.753497,-73.960577,40.748545
26.3,2012-12-09 04:37:02 UTC,-73.963387,40.772388,-73.971375,40.752525
21.1,2013-11-12 04:52:36 UTC,-73.981903,40.777024,-73.97404,40.784656
22.3,2012-12-14 09:18:16 UTC,-73.955234,40.770821,-73.963989,40.760755
25.6,2012-04-01 13:00:50 UTC,-73.936023,40.68682,-73.928981,40.705404
23.8,2012-11-15 12:03:00 UTC,-73.973133,40.785824,-73.989221,40.782948
25.2,2013-05-30 07:31:33 UTC,-73.984672,40.795819,-73.970586,40.808914
26.3,2011-04-05 07:38:25 UTC,-73.96046,40.735536,-73.949109,40.717446
20.2,2011-09-07 01:53:53 UTC,-73.963159,40.757099,-73.968684,40.764414
22.1,2013-02-09 17:11:00 UTC,-74.030377,40.723275,-74.038633,40.733161
22.5,2013-12-13 11:04:29 UTC,-73.980055,40.691549,-73.975477,40.704584
26.4,2013-02-01 16:47:46 UTC,-73.987892,40.727839,-74.003153,40.712558
19.2,2013-07-07 14:36:20 UTC,-73.972066,40.733796,-73.971718,40.726769
20.6,2012-07-31 10:50:38 UTC,-73.983873,40.739354,-73.991949,40.74512
17.1,2013-02-02 01:37:49 UTC,-73.981704,40.721233,-73.984247,40.722717
19.2,2011-04-08 17:29:14 UTC,-73.997264,40.727997,-74.003703,40.730931
20.0,2013-05-08 18:33:51 UTC,-73.965309,40.74967,-73.973293,40.746067
27.2,2011-09-06 05:32:23 UTC,-73.946899,40.726893,-73.929851,40.742401
29.2,2013-10-16 22:41:50 UTC,-73.996953,40.766306,-73.989148,40.79239
23.0,2011-03-22 04:28:03 UTC,-74.007941,40.77045,-74.02274,40.77149
20.6,2011-05-18 23:16:09 UTC,-73.9796,40.821412,-73.988358,40.825946
19.9,2013-02-23 19:23:04 UTC,-73.980573,40.78377,-73.971999,40.784333
23.7,2012-06-29 05:52:01 UTC,-73.956581,40.757293,-73.946894,40.770134
23.7,2011-07-24 10:42:47 UTC,-74.004584,40.731392,-74.018435,40.739683
22.0,2011-04-21 22:54:15 UTC,-73.990759,40.758812,-73.983773,40.748149
19.0,2011-04-05 10:53:15 UTC,-74.022954,40.759798,-74.020304,40.753671
26.6,2013-06-18 07:03:55 UTC,-73.9525,40.734601,-73.971917,40.724508
29.3,2011-10-08 02:31:02 UTC,-73.974989,40.773512,-73.979021,40.80046
18.9,2012-10-28 17:57:50 UTC,-73.989269,40.708057,-73.99063,40.71441
18.6,2013-10-25 17:27:41 UTC,-74.006445,40.742668,-74.005961,40.736711
23.0,2012-06-17 20:05:00 UTC,-74.00461,40.766676,-74.017815,40.75992
21.2,2012-10-06 08:11:25 UTC,-73.971715,40.741372,-73.979345,40.749425
21.1,2013-12-05 01:48:13 UTC,-74.002149,40.743797,-74.008378,40.752847
20.4,2013-03-04 14:56:21 UTC,-73.97792,40.745866,-73.983277,40.753848
19.0,2011-08-27 23:29:42 UTC,-73.939141,40.724932,-73.944331,40.720676
17.3,2013-04-10 15:16:25 UTC,-73.986952,40.785217,-73.988278,40.788275
17.3,2013-03-14 00:07:48 UTC,-73.999229,40.719459,-73.996133,40.720568
25.7,2012-12-19 14:55:21 UTC,-73.97236,40.759545,-73.954618,40.750182
22.0,2012-06-09 22:13:23 UTC,-74.004516,40.762409,-73.995807,40.753144
22.5,2011-12-31 13:58:55 UTC,-73.9456,40.721541,-73.932432,40.725661
18.2,2013-06-01 06:02:46 UTC,-73.951928,40.752193,-73.956735,40.754158
21.4,2013-07-07 13:42:46 UTC,-73.983283,40.722711,-73.993323,40.728245
21.3,2013-03-16 02:50:14 UTC,-73.997946,40.791731,-73.989932,40.799642
23.1,2012-04-29 09:38:56 UTC,-73.988515,40.715837,-73.988678,40.73083
21.0,2011-03-27 11:24:16 UTC,-73.985913,40.730383,-73.97861,40.722624
21.1,2011-01-25 03:09:02 UTC,-73.972329,40.713273,-73.981152,40.719576
20.6,2011-08-21 12:17:46 UTC,-73.959207,40.709269,-73.952722,40.716761
17.4,2011-08-16 14:21:33 UTC,-74.00073,40.797736,-74.002483,40.794615
18.0,2012-09-14 07:39:48 UTC,-73.959782,40.766283,-73.964391,40.767502
18.0,2013-01-17 18:41:40 UTC,-73.967646,40.754209,-73.971314,40.751343
26.5,2012-09-04 05:51:25 UTC,-73.990156,40.730303,-73.985251,40.751389
19.5,2011-11-11 12:05:36 UTC,-74.001734,40.777228,-73.993993,40.778277
18.5,2012-10-23 20:05:05 UTC,-73.977675,40.725273,-73.981339,40.729788
17.8,2012-09-15 03:29:10 UTC,-74.001192,40.773809,-73.997749,40.771169
18.6,2011-12-16 23:54:08 UTC,-73.959526,40.723825,-73.956118,40.719028
23.1,2013-01-28 02:50:30 UTC,-74.002478,40.730665,-73.995094,40.717645
23.0,2013-11-29 04:35:23 UTC,-73.969046,40.772748,-73.959177,40.783747
25.5,2011-01-06 01:19:27 UTC,-73.981612,40.775915,-73.9635,40.783599
18.4,2011-03-16 03:14:05 UTC,-73.991212,40.767924,-73.995864,40.764913
24.2,2011-04-28 16:29:55 UTC,-73.982057,40.71851,-73.967457,40.709506
16.7,2013-08-04 01:14:10 UTC,-73.9584,40.736598,-73.95723,40.738397
448.7,2013-11-15 18:44:43 UTC,-74.003845,40.754707,-74.014793,40.74973
19.1,2011-11-22 21:03:18 UTC,-73.988243,40.724522,-73.994748,40.722301
22.4,2012-12-24 00:19:48 UTC,-73.995035,40.791129,-73.990375,40.778493
19.4,2011-05-20 14:00:25 UTC,-73.980772,40.677942,-73.973535,40.680112
20.8,2012-10-15 05:36:10 UTC,-73.993694,40.726638,-74.003856,40.729008
22.3,2013-04-24 10:02:32 UTC,-74.015362,40.734713,-74.023,40.74566
18.4,2013-06-20 17:55:09 UTC,-74.001103,40.664682,-74.006434,40.663174
20.3,2011-09-18 22:09:43 UTC,-73.947245,40.708113,-73.955879,40.704778
27.8,2013-06-16 12:39:01 UTC,-73.975065,40.768759,-73.993866,40.753191
28.0,2011-11-17 04:08:16 UTC,-73.975753,40.750909,-73.997946,40.761918
20.5,2013-02-15 10:14:23 UTC,-73.985652,40.797194,-73.98947,40.806122
16.9,2011-11-14 11:49:13 UTC,-73.981033,40.796357,-73.978512,40.796644
23.0,2012-01-11 10:08:33 UTC,-73.988596,40.762991,-73.98204,40.749699
24.8,2012-08-10 02:34:00 UTC,-73.969461,40.759397,-73.983085,40.747252
22.9,2013-07-06 07:10:40 UTC,-73.977984,40.751978,-73.991437,40.746507
21.1,2011-09-27 02:20:36 UTC,-74.003425,40.670348,-74.008705,40.68
17.1,2011-01-05 18:58:13 UTC,-73.974926,40.708163,-73.974892,40.711067
24.6,2012-07-27 03:24:44 UTC,-74.029175,40.75302,-74.019087,40.738087
19.8,2013-12-01 17:39:07 UTC,-73.971723,40.768481,-73.964546,40.772523
20.2,2012-09-07 13:31:50 UTC,-74.008187,40.75869,-74.011865,40.750299
18.8,2012-02-26 00:22:14 UTC,-73.981921,40.723226,-73.97832,40.718004
22.1,2013-09-19 16:32:46 UTC,-74.003893,40.778122,-74.012328,40.78784
19.5,2012-05-17 01:13:52 UTC,-73.979944,40.794473,-73.9792,40.802128
21.1,2011-04-14 18:38:50 UTC,-73.968434,40.77814,-73.969059,40.789071
22.7,2011-07-17 05:02:06 UTC,-73.949943,40.779688,-73.9359,40.779457
20.7,2012-07-07 19:14:46 UTC,-74.010827,40.733223,-74.005892,40.742053
20.5,2012-04-22 06:26:35 UTC,-73.960491,40.782278,-73.968198,40.776417
19.6,2011-06-06 05:56:32 UTC,-73.977377,40.754373,-73.984982,40.751797
18.0,2013-10-17 04:26:54 UTC,-73.989013,40.765347,-73.992344,40.762084
23.5,2011-10-16 03:21:01 UTC,-73.964803,40.760963,-73.980448,40.761202
22.2,2012-05-31 09:32:53 UTC,-73.984718,40.746355,-73.987019,40.73349
17.0,2013-03-16 12:30:46 UTC,-73.965649,40.7242,-73.967086,40.72195
23.3,2011-08-16 12:23:51 UTC,-73.999845,40.747536,-73.99518,40.762052
21.9,2011-01-15 07:04:28 UTC,-73.99266,40.779603,-73.986539,40.768678
22.3,2011-02-16 03:11:44 UTC,-73.961128,40.736756,-73.960139,40.723463
25.9,2011-05-10 18:50:35 UTC,-73.950292,40.7768,-73.966592,40.764314
30.3,2013-03-04 10:26:04 UTC,-73.980701,40.772112,-73.992911,40.798731
19.4,2011-01-11 09:39:37 UTC,-74.035746,40.741032,-74.041797,40.74568
19.2,2012-12-12 22:46:25 UTC,-73.983981,40.791664,-73.977458,40.788961
18.7,2011-10-29 10:11:25 UTC,-73.979351,40.739334,-73.973166,40.740017
17.3,2011-05-21 07:17:24 UTC,-73.984655,40.795286,-73.98715,40.797563
27.9,2013-09-19 14:39:59 UTC,-73.973273,40.763024,-73.949676,40.756619
23.9,2012-11-13 11:43:35 UTC,-73.989538,40.749524,-73.973923,40.744352
21.9,2013-10-04 03:04:55 UTC,-73.963223,40.723366,-73.950823,40.721789
20.7,2011-05-07 09:48:27 UTC,-74.003334,40.747352,-73.996328,40.740105
18.7,2013-10-10 18:28:13 UTC,-73.955263,40.743887,-73.950678,40.739918
18.2,2013-02-17 22:00:45 UTC,-73.948998,40.712251,-73.945143,40.715782
25.9,2012-02-24 21:22:56 UTC,-73.998261,40.743472,-74.016311,40.7335
29.7,2013-10-21 21:54:50 UTC,-73.998272,40.725886,-74.008785,40.751985
19.6,2013-07-24 14:20:46 UTC,-73.971786,40.76758,-73.974007,40.775111
22.0,2013-08-26 20:08:09 UTC,-74.003744,40.789188,-74.002466,40.776488
28.0,2011-11-09 20:25:40 UTC,-73.989852,40.713193,-73.991097,40.688413
19.3,2012-07-28 19:24:25 UTC,-73.957949,40.801369,-73.955227,40.794494
26.7,2011-03-16 05:01:06 UTC,-73.965248,40.746143,-73.986281,40.752987
19.2,2012-04-19 01:26:16 UTC,-73.940396,40.720749,-73.935339,40.725654
16.3,2012-10-01 10:58:43 UTC,-73.976584,40.772733,-73.975963,40.771624
18.8,2013-02-01 18:53:23 UTC,-73.992217,40.736606,-73.994091,40.730592
22.1,2011-01-25 06:51:05 UTC,-73.978975,40.747548,-73.969702,40.738507
21.2,2011-06-26 10:21:25 UTC,-73.983012,40.737872,-73.993467,40.733846
20.8,2011-06-05 17:20:48 UTC,-73.982731,40.725498,-73.9851,40.715374
18.1,2013-08-24 16:19:40 UTC,-73.980476,40.77172,-73.977632,40.767731
23.5,2012-11-19 19:53:21 UTC,-73.998635,40.741411,-74.007165,40.75472
26.4,2012-04-20 07:48:06 UTC,-73.974356,40.7069,-73.994389,40.699188
22.2,2013-09-16 22:50:58 UTC,-74.008173,40.766532,-74.019704,40.772641
19.5,2013-08-09 18:31:29 UTC,-73.994337,40.713833,-73.994984,40.721467
21.2,2011-10-12 16:44:28 UTC,-73.982378,40.715402,-73.984868,40.704606
19.8,2011-10-13 15:39:18 UTC,-74.025191,40.785778,-74.025374,40.777344
21.9,2011-01-18 00:13:50 UTC,-73.96462,40.71411,-73.971213,40.724799
23.7,2013-10-06 01:53:27 UTC,-74.021063,40.680507,-74.034186,40.671249
16.4,2011-04-24 05:50:03 UTC,-73.966608,40.768686,-73.965238,40.768111
25.9,2013-07-13 22:38:02 UTC,-74.005856,40.740884,-74.007521,40.761284
21.5,2013-03-10 09:09:18 UTC,-73.988098,40.74347,-73.98172,40.753269
19.4,2011-06-11 00:22:54 UTC,-73.969617,40.740565,-73.977094,40.741417
26.6,2013-10-28 00:56:54 UTC,-73.936037,40.75695,-73.956246,40.765357
28.7,2012-03-18 07:53:56 UTC,-73.977671,40.727418,-74.003716,40.726859
21.1,2012-08-01 18:32:27 UTC,-74.019653,40.794283,-74.023667,40.804466
25.9,2013-10-03 07:33:34 UTC,-73.960926,40.705713,-73.959647,40.68525
17.0,2011-04-06 23:13:31 UTC,-73.984638,40.763346,-73.986961,40.761954
26.4,2013-03-24 10:15:03 UTC,-73.978602,40.769264,-73.984253,40.7484
23.6,2011-06-14 21:20:13 UTC,-73.968843,40.72721,-73.984757,40.728824
25.2,2013-01-04 22:47:17 UTC,-74.024508,40.719288,-74.043401,40.716926
22.7,2011-01-07 09:06:32 UTC,-73.979869,40.780515,-73.976197,40.794123
19.4,2011-05-31 20:18:47 UTC,-73.988194,40.720274,-73.99047,40.727392
18.8,2013-07-03 03:28:59 UTC,-73.955563,40.7318,-73.959198,40.726539
23.6,2011-03-23 01:00:46 UTC,-73.965458,40.776619,-73.980875,40.772557
20.8,2012-12-09 19:10:41 UTC,-74.01254,40.751042,-74.022203,40.754849
18.5,2013-10-19 01:02:22 UTC,-73.954747,40.696086,-73.954296,40.69036
17.1,2012-01-31 19:04:36 UTC,-73.971009,40.802412,-73.968163,40.802088
22.3,2013-07-22 08:33:52 UTC,-74.010945,40.7341,-74.012587,40.747267
23.7,2013-07-28 02:51:57 UTC,-73.978885,40.737917,-73.965092,40.729626
19.3,2013-05-03 11:23:16 UTC,-73.959303,40.757674,-73.965058,40.753197
22.2,2012-12-14 23:58:45 UTC,-74.004281,40.768752,-73.991412,40.765678
31.5,2011-05-08 16:49:50 UTC,-73.952448,40.808833,-73.95028,40.840414
18.7,2012-06-09 08:39:01 UTC,-74.010253,40.700198,-74.009171,40.70628
1.5,2011-08-25 06:08:53 UTC,-73.995825,40.774779,-73.986499,40.786099
20.6,2012-05-08 03:25:57 UTC,-73.998857,40.77229,-74.005099,40.779972
20.1,2011-01-29 12:33:22 UTC,-73.952461,40.745885,-73.955753,40.754239
22.2,2013-03-15 10:05:17 UTC,-73.98982,40.773618,-74.002056,40.778354
20.7,2011-05-08 20:41:35 UTC,-74.003256,40.778028,-73.993904,40.781681
23.1,2011-02-10 05:33:16 UTC,-73.971096,40.708541,-73.967741,40.694034
21.4,2013-09-24 11:22:52 UTC,-73.966776,40.802493,-73.955798,40.806072
16.8,2011-12-08 20:26:56 UTC,-73.966649,40.703237,-73.964601,40.702154
21.8,2012-10-07 07:33:11 UTC,-73.985427,40.715941,-73.974396,40.721395
19.4,2013-03-31 06:09:44 UTC,-73.974909,40.742146,-73.982382,40.741438
21.9,2013-07-10 20:27:57 UTC,-73.993005,40.807748,-73.983132,40.81538
20.7,2011-05-10 21:42:00 UTC,-73.946504,40.740752,-73.950482,40.750152
30.2,2013-03-29 20:35:50 UTC,-73.957116,40.749042,-73.957091,40.71992
19.9,2013-03-04 20:10:39 UTC,-73.958341,40.792962,-73.951057,40.788623
30.5,2011-01-11 03:48:58 UTC,-73.964118,40.74099,-73.940839,40.722417
19.9,2013-03-17 07:34:53 UTC,-73.969605,40.714647,-73.961405,40.717036
20.4,2011-04-08 22:46:23 UTC,-74.004887,40.737483,-73.995744,40.734476
22.9,2013-01-27 21:04:55 UTC,-73.967334,40.791124,-73.972788,40.804682
16.9,2013-01-20 19:18:34 UTC,-73.977715,40.752126,-73.976145,40.754198
18.1,2013-08-15 12:42:33 UTC,-73.954733,40.80792,-73.955691,40.803064
24.1,2011-07-20 01:52:08 UTC,-73.963852,40.772138,-73.949775,40.781524
17.4,2012-12-13 07:16:00 UTC,-73.968992,40.730656,-73.970452,40.727474
22.7,2011-03-02 10:39:41 UTC,-74.013684,40.751532,-74.000399,40.746552
22.4,2011-01-25 06:34:02 UTC,-73.98178,40.724403,-73.994796,40.72834
26.3,2011-04-18 11:50:29 UTC,-73.991158,40.729947,-73.97717,40.746077
21.7,2011-04-12 01:11:18 UTC,-73.974953,40.884373,-73.983567,40.892908
20.8,2013-12-03 16:16:09 UTC,-73.988311,40.780559,-73.979772,40.786228
30.0,2011-01-12 15:23:18 UTC,-73.985519,40.775833,-73.994162,40.803342
20.4,2012-10-22 16:22:36 UTC,-73.970819,40.731305,-73.964636,40.72398
21.7,2012-01-09 15:05:07 UTC,-73.988643,40.797088,-73.998269,40.78954
20.9,2012-04-10 11:14:58 UTC,-73.977568,40.782982,-73.967203,40.784438
24.3,2012-05-03 12:25:46 UTC,-74.010388,40.806449,-74.001936,40.821599
21.2,2013-02-16 15:06:16 UTC,-73.996648,40.804993,-74.002655,40.795577
24.9,2013-09-07 21:57:06 UTC,-73.966879,40.705627,-73.961098,40.723173
24.2,2011-12-01 20:06:08 UTC,-74.004604,40.716705,-73.99513,40.702314
20.3,2013-06-01 15:07:49 UTC,-73.955085,40.719886,-73.964319,40.718674
20.9,2013-04-06 22:28:17 UTC,-73.960512,40.721682,-73.970852,40.723416
22.6,2013-09-16 19:38:34 UTC,-73.985365,40.759704,-73.996078,40.750877
22.4,2012-02-06 09:38:16 UTC,-73.920025,40.732996,-73.932155,40.726784
22.3,2013-09-21 11:59:44 UTC,-73.955138,40.812178,-73.965899,40.820144
24.2,2011-05-11 04:42:39 UTC,-73.998986,40.80714,-73.989738,40.821556
26.6,2013-09-12 22:22:43 UTC,-73.965077,40.749806,-73.959498,40.72866
24.2,2011-02-08 14:55:48 UTC,-73.978683,40.80866,-73.995643,40.810462
18.2,2013-09-08 12:17:32 UTC,-73.995534,40.794644,-74.000636,40.793511
21.4,2011-01-16 12:41:43 UTC,-74.001398,40.736479,-74.012977,40.737553
20.2,2013-06-12 01:54:34 UTC,-73.960102,40.689724,-73.951487,40.686556
22.5,2012-06-29 22:12:12 UTC,-73.991959,40.743461,-73.996455,40.730556
26.5,2013-11-28 13:51:28 UTC,-73.982038,40.730661,-73.997482,40.746084
21.5,2013-08-15 16:28:52 UTC,-73.998421,40.756195,-73.996719,40.767788
18.7,2013-01-17 15:55:43 UTC,-73.994963,40.752677,-73.988898,40.751637
21.0,2012-01-12 09:29:24 UTC,-73.982539,40.751891,-73.992076,40.747007
19.0,2011-12-06 04:00:29 UTC,-73.972236,40.765711,-73.974886,40.759616
29.3,2011-01-03 12:13:55 UTC,-74.031767,40.713624,-74.040791,40.687768
22.1,2011-11-20 17:36:24 UTC,-73.979662,40.762341,-73.967221,40.765879
20.1,2012-03-07 00:52:45 UTC,-73.994922,40.736812,-73.999236,40.744615
19.3,2012-08-07 14:48:56 UTC,-73.951953,40.755999,-73.959171,40.757378
16.1,2013-08-21 11:58:57 UTC,-73.921145,40.778722,-73.921658,40.777859
16.9,2011-03-02 04:42:59 UTC,-73.987186,40.713268,-73.989261,40.714602
21.1,2012-12-10 06:55:45 UTC,-74.014445,40.741561,-74.00756,40.733029
22.2,2011-01-11 12:33:24 UTC,-73.977662,40.746444,-73.965502,40.741448
21.8,2012-07-17 03:58:07 UTC,-73.984109,40.734572,-73.971872,40.732909
19.6,2013-06-03 18:44:45 UTC,-73.940573,40.776995,-73.944392,40.783962
22.7,2011-08-14 08:48:57 UTC,-73.946668,40.728388,-73.943617,40.742177
23.2,2011-09-16 23:05:04 UTC,-73.962693,40.733338,-73.947808,40.731047
24.9,2011-02-23 14:22:48 UTC,-73.991734,40.728702,-73.976464,40.718255
20.0,2013-11-09 16:58:41 UTC,-73.966445,40.782762,-73.975204,40.783118
26.1,2012-02-23 17:17:16 UTC,-73.9747,40.735227,-73.968777,40.755342
20.9,2011-08-04 02:31:34 UTC,-73.975174,40.763801,-73.970941,40.754223
22.0,2013-02-19 23:46:24 UTC,-74.011165,40.809271,-74.001901,40.81813
24.8,2011-11-25 03:13:36 UTC,-73.958764,40.747755,-73.946328,40.761115
21.1,2013-08-09 02:58:27 UTC,-73.977844,40.783362,-73.988254,40.779762
20.6,2013-07-09 01:11:41 UTC,-73.982017,40.800141,-73.988924,40.793133
21.0,2012-06-04 14:39:24 UTC,-73.992003,40.780816,-73.982927,40.786565
17.5,2013-08-12 01:23:59 UTC,-73.995872,40.749496,-73.994392,40.753028
27.3,2013-09-01 05:07:58 UTC,-73.973655,40.769263,-73.995927,40.776211
28.9,2013-07-02 05:36:59 UTC,-74.014983,40.711379,-74.031646,40.732116
19.0,2013-08-30 04:12:16 UTC,-73.96421,40.726599,-73.957584,40.728269
22.9,2013-11-29 12:31:28 UTC,-74.001082,40.73186,-73.992691,40.719937
22.4,2011-04-25 02:55:39 UTC,-74.021174,40.817218,-74.034668,40.817885
21.3,2011-02-09 12:44:32 UTC,-73.943562,40.725622,-73.93257,40.728038
22.0,2011-08-04 18:15:39 UTC,-73.997162,40.725176,-73.999133,40.737847
20.8,2011-04-02 00:58:58 UTC,-73.994443,40.718682,-74.004668,40.716715
19.1,2013-03-26 08:12:42 UTC,-73.957309,40.766794,-73.962912,40.762704
24.8,2012-07-10 20:41:35 UTC,-73.942911,40.754279,-73.955139,40.740567
19.8,2011-07-10 05:59:06 UTC,-74.01066,40.782603,-74.016819,40.788077
34.8,2011-05-13 10:44:57 UTC,-73.999123,40.770138,-74.017812,40.80362
16.8,2013-01-30 18:30:22 UTC,-73.997654,40.708588,-73.998392,40.706362
19.3,2012-03-01 09:31:42 UTC,-73.961304,40.725782,-73.955433,40.730301
22.9,2011-03-23 03:01:13 UTC,-73.947217,40.79096,-73.960692,40.785482
22.0,2012-08-11 11:38:01 UTC,-74.001605,40.743901,-74.001435,40.731088
20.2,2013-12-05 16:40:16 UTC,-73.951705,40.785628,-73.959752,40.78997
19.0,2011-12-26 01:59:23 UTC,-73.994181,40.74551,-73.987493,40.745791
32.3,2011-12-31 02:47:05 UTC,-73.973278,40.72097,-73.996422,40.697115
24.4,2012-04-11 06:09:40 UTC,-74.005429,40.740902,-73.99831,40.757002
25.0,2013-09-20 14:29:36 UTC,-73.982439,40.720959,-74.000616,40.725118
16.7,2013-09-15 21:03:19 UTC,-73.982222,40.733033,-73.984322,40.733772
19.8,2012-04-28 17:03:26 UTC,-73.986303,40.756028,-73.993392,40.751808
18.3,2011-07-11 16:11:21 UTC,-73.972301,40.765348,-73.975908,40.769401
23.6,2012-02-05 09:53:00 UTC,-74.000141,40.702294,-74.015435,40.706808
24.2,2011-01-22 23:58:17 UTC,-73.997674,40.749479,-73.981073,40.753492
24.0,2011-11-02 13:46:28 UTC,-73.971243,40.732402,-73.984108,40.743081
24.5,2012-12-16 03:58:34 UTC,-73.953159,40.730548,-73.965236,40.7435
29.1,2013-08-05 11:06:28 UTC,-73.980456,40.753981,-73.962508,40.774036
20.1,2013-06-25 00:05:46 UTC,-73.969927,40.733486,-73.9667,40.725118
22.5,2011-03-20 18:10:57 UTC,-73.964838,40.791464,-73.977381,40.78573
17.5,2013-01-07 03:16:34 UTC,-73.96339,40.785642,-73.964678,40.789254
19.7,2012-02-01 08:38:14 UTC,-73.99907,40.785455,-74.001428,40.777664
24.6,2013-06-05 10:51:31 UTC,-73.99554,40.735153,-74.012417,40.728973
20.1,2013-08-31 19:21:10 UTC,-73.993801,40.721125,-74.001384,40.725877
20.1,2013-04-28 11:55:27 UTC,-73.941427,40.752461,-73.941691,40.761469
24.6,2013-09-15 20:46:15 UTC,-73.969836,40.74549,-73.957172,40.758249
17.0,2013-05-18 19:05:18 UTC,-73.970734,40.731735,-73.972622,40.729809
18.0,2012-07-23 05:14:33 UTC,-73.972675,40.714728,-73.973812,40.719359
19.9,2013-10-05 23:11:17 UTC,-74.006416,40.748754,-74.014568,40.751182
21.1,2012-05-06 15:26:07 UTC,-73.941236,40.737878,-73.930277,40.738054
21.7,2013-12-19 13:24:16 UTC,-73.970416,40.77065,-73.961393,40.76249
21.8,2012-06-03 14:26:45 UTC,-73.965537,40.769953,-73.957643,40.760521
19.0,2011-07-18 02:28:43 UTC,-74.01531,40.783024,-74.014192,40.789691
24.6,2012-11-23 23:59:57 UTC,-73.964407,40.712221,-73.980393,40.703893
26.0,2013-06-17 19:45:14 UTC,-73.987124,40.762032,-73.976258,40.744263
16.0,2013-01-03 13:06:16 UTC,-74.006456,40.728176,-74.005882,40.727858
23.1,2012-06-04 05:47:56 UTC,-73.999075,40.713388,-74.002161,40.72794
29.8,2013-08-13 21:53:52 UTC,-74.005298,40.737142,-74.000813,40.709193
17.5,2011-04-27 01:23:07 UTC,-74.005636,40.782061,-74.003394,40.779178
22.0,2012-01-30 12:16:07 UTC,-73.978789,40.73883,-73.989481,40.745583
24.9,2011-10-01 17:45:46 UTC,-73.987735,40.796964,-73.990943,40.778729
25.2,2012-08-29 05:31:10 UTC,-73.973319,40.766466,-73.99236,40.764333
21.3,2012-12-29 00:59:37 UTC,-73.94648,40.738177,-73.94562,40.726783
24.0,2013-02-17 21:50:23 UTC,-73.98259,40.784801,-73.969289,40.77473
24.8,2012-02-05 11:56:45 UTC,-74.024898,40.763362,-74.042854,40.759338
21.3,2012-08-14 21:21:27 UTC,-73.984839,40.722023,-73.983553,40.710792
22.5,2012-11-03 09:39:31 UTC,-73.956132,40.805764,-73.949447,40.793701
19.7,2011-08-30 00:01:32 UTC,-73.981719,40.757784,-73.973555,40.757192
27.4,2013-03-11 08:12:29 UTC,-73.949413,40.750564,-73.956875,40.772835
22.3,2012-08-11 19:25:21 UTC,-73.970941,40.724334,-73.981963,40.731911
21.5,2011-07-13 05:38:25 UTC,-74.016765,40.785386,-74.022636,40.795491
22.8,2011-05-02 17:14:33 UTC,-73.977808,40.765518,-73.9659,40.773491
24.9,2011-04-16 22:43:48 UTC,-73.97406,40.768877,-73.991156,40.761902
21.9,2011-11-13 02:58:05 UTC,-73.958393,40.734774,-73.970553,40.737882
21.6,2011-01-09 05:08:38 UTC,-73.943607,40.775023,-73.948195,40.786
22.0,2011-08-11 08:49:11 UTC,-73.961845,40.777354,-73.971602,40.785638
16.6,2011-04-21 06:10:19 UTC,-73.97119,40.729937,-73.971607,40.731882
23.2,2011-07-27 03:05:57 UTC,-73.966476,40.70749,-73.952331,40.712691
29.3,2011-01-22 02:40:59 UTC,-73.98336,40.767441,-73.995398,40.79207
19.9,2013-05-23 13:10:17 UTC,-74.009258,40.7028,-74.010721,40.711194
17.2,2013-10-10 11:22:11 UTC,-73.97917,40.75456,-73.979253,40.751409
17.3,2013-06-27 12:50:57 UTC,-73.972694,40.736583,-73.97604,40.735842
25.1,2013-01-19 03:44:07 UTC,-74.004073,40.78656,-74.019857,40.776018
27.8,2011-11-05 22:31:50 UTC,-73.953468,40.738215,-73.959846,40.761685
24.3,2013-07-02 18:21:36 UTC,-73.959892,40.783218,-73.96624,40.799257
18.8,2011-11-08 08:58:02 UTC,-74.007435,40.734574,-74.0011,40.735406
26.7,2013-07-12 09:50:34 UTC,-73.952683,40.78,-73.948488,40.801808
24.0,2012-03-20 21:14:32 UTC,-73.986166,40.81181,-74.001685,40.818134
18.5,2013-06-21 11:48:29 UTC,-73.99557,40.717959,-73.999441,40.71365
20.8,2011-06-08 23:19:36 UTC,-73.958414,40.758761,-73.963417,40.767826
25.6,2012-05-30 11:19:59 UTC,-73.981021,40.832463,-73.961474,40.83645
20.1,2011-06-01 17:48:50 UTC,-73.942016,40.751998,-73.939093,40.760376
24.3,2012-08-30 08:35:57 UTC,-73.997058,40.751854,-74.007832,40.738163
21.2,2013-05-15 03:01:14 UTC,-74.014633,40.773655,-74.022401,40.765552
23.3,2013-07-20 05:38:41 UTC,-73.985609,40.751232,-73.989394,40.766117
24.3,2013-01-24 18:57:53 UTC,-73.964216,40.698783,-73.960592,40.715715
23.1,2012-09-28 11:02:44 UTC,-73.998543,40.783969,-73.993694,40.79812
26.8,2012-06-13 07:20:14 UTC,-74.006602,40.689912,-74.004597,40.712098
18.7,2013-05-16 07:35:47 UTC,-73.975421,40.737496,-73.977519,40.74327
18.3,2012-04-22 22:41:43 UTC,-74.009274,40.786223,-74.010634,40.791294
20.2,2012-06-09 13:01:54 UTC,-73.973866,40.739304,-73.975156,40.730172
25.0,2011-10-20 04:37:44 UTC,-73.986812,40.729189,-74.004642,40.723384
25.6,2012-07-06 21:59:46 UTC,-73.970111,40.776378,-73.970724,40.756495
18.9,2011-01-14 23:38:24 UTC,-74.007677,40.724467,-74.013449,40.721252
28.8,2011-05-10 06:05:16 UTC,-73.954037,40.713333,-73.970565,40.692748
28.9,2013-06-09 01:34:36 UTC,-73.983661,40.758235,-73.959482,40.769045
18.1,2011-09-18 00:39:11 UTC,-73.96473,40.744512,-73.961617,40.748396
25.8,2011-10-28 22:46:30 UTC,-73.960802,40.71269,-73.960671,40.692428
17.7,2013-10-30 02:53:13 UTC,-74.003149,40.769109,-74.00686,40.76721
26.1,2012-08-14 09:28:09 UTC,-73.962355,40.763935,-73.955053,40.783611
21.5,2013-04-23 08:00:04 UTC,-74.008501,40.739207,-74.020124,40.737951
20.9,2013-08-29 00:56:53 UTC,-74.007403,40.74126,-74.01053,40.731276
25.7,2012-11-17 04:11:36 UTC,-73.94072,40.764112,-73.950242,40.746257
25.1,2011-11-01 16:55:43 UTC,-73.957763,40.785711,-73.950547,40.768154
20.6,2011-06-05 14:14:05 UTC,-73.938527,40.741516,-73.946794,40.746872
21.6,2012-09-11 19:49:13 UTC,-73.987404,40.769641,-73.976391,40.765302
17.5,2013-08-26 04:19:25 UTC,-73.977951,40.766956,-73.978944,40.763446
20.1,2013-03-07 00:54:34 UTC,-73.969453,40.776379,-73.961708,40.772082
17.8,2011-07-17 04:52:58 UTC,-73.980244,40.751179,-73.976245,40.749777
23.7,2013-04-16 00:48:50 UTC,-73.994923,40.72263,-73.98433,40.710359
20.6,2013-11-01 09:19:52 UTC,-73.997922,40.736125,-74.007273,40.739286
24.1,2011-08-30 23:58:42 UTC,-73.975723,40.760286,-73.966667,40.746059
25.7,2011-05-06 01:24:49 UTC,-74.001337,40.804554,-74.019963,40.796996
20.7,2013-11-28 23:46:42 UTC,-74.001897,40.735479,-74.001466,40.745588
18.9,2013-07-07 11:37:19 UTC,-73.972129,40.774144,-73.977588,40.777906
23.4,2011-05-31 12:51:15 UTC,-73.981903,40.740158,-73.995949,40.747015
27.3,2013-01-15 22:07:49 UTC,-73.961256,40.753314,-73.970191,40.774818
18.8,2011-05-09 22:07:28 UTC,-73.988498,40.795462,-73.994905,40.794865
16.6,2012-05-31 14:21:46 UTC,-73.991625,40.772929,-73.993591,40.773143
18.6,2011-11-07 22:25:42 UTC,-73.971529,40.712761,-73.976777,40.710118
17.9,2011-04-24 17:16:25 UTC,-73.99624,40.732826,-73.99544,40.728392
22.2,2011-10-30 07:48:11 UTC,-73.993163,40.787687,-74.001464,40.777581
18.1,2013-09-13 07:24:45 UTC,-73.992369,40.754256,-73.997138,40.755097
17.9,2013-03-11 00:18:30 UTC,-73.984194,40.715535,-73.987085,40.719085
17.9,2013-12-12 15:04:40 UTC,-73.944551,40.725431,-73.94273,40.729539
19.9,2013-10-06 05:08:32 UTC,-74.007536,40.771105,-73.999047,40.771748
21.9,2012-11-18 12:08:52 UTC,-73.95409,40.779832,-73.945553,40.789094
16.8,2012-08-11 08:10:03 UTC,-73.965244,40.750536,-73.962869,40.75083
18.6,2012-05-08 03:37:18 UTC,-73.94866,40.824259,-73.944358,40.820166
20.5,2012-02-01 08:22:18 UTC,-73.917266,40.774725,-73.914148,40.765455
23.5,2013-04-01 06:24:20 UTC,-73.951371,40.742696,-73.954517,40.727206
24.2,2013-12-24 11:57:06 UTC,-73.961487,40.725529,-73.952481,40.740133
21.4,2011-05-23 20:18:59 UTC,-74.00625,40.720753,-74.015395,40.713763
26.9,2012-08-27 00:48:31 UTC,-74.003724,40.760063,-74.024206,40.750806
21.2,2011-10-18 11:37:25 UTC,-73.972796,40.735337,-73.983211,40.731161
22.8,2013-05-16 07:45:13 UTC,-74.013962,40.800212,-73.99993,40.797428
24.0,2013-04-21 01:45:08 UTC,-73.967691,40.793989,-73.970646,40.810374
17.8,2013-10-23 20:25:07 UTC,-74.022698,40.768992,-74.019957,40.765711
28.9,2013-03-26 01:05:27 UTC,-73.956955,40.71463,-73.959695,40.740964
18.5,2012-09-20 11:04:33 UTC,-73.986434,40.729833,-73.980817,40.73047
25.9,2011-10-31 04:14:43 UTC,-73.977468,40.78767,-73.976761,40.808241
20.1,2013-02-21 10:47:22 UTC,-73.994967,40.733108,-73.995653,40.742047
19.2,2012-05-12 11:58:42 UTC,-74.017971,40.783664,-74.011833,40.787275
23.9,2013-10-01 20:22:42 UTC,-73.955306,40.764238,-73.959963,40.780017
21.5,2013-10-11 15:46:52 UTC,-73.953286,40.751552,-73.949565,40.762774
18.9,2012-02-03 03:10:50 UTC,-73.98703,40.728915,-73.988777,40.735262
27.2,2011-11-20 20:12:21 UTC,-73.966761,40.747173,-73.967836,40.770349
20.4,2013-02-25 01:13:03 UTC,-73.987818,40.755689,-73.996004,40.750706
20.7,2013-10-04 20:51:45 UTC,-73.97423,40.780976,-73.97639,40.771027
20.0,2013-01-20 02:07:15 UTC,-73.964817,40.723428,-73.97023,40.716666
26.1,2011-04-16 03:29:17 UTC,-73.968898,40.742115,-73.957599,40.759638
26.7,2011-01-02 16:12:03 UTC,-73.953181,40.751345,-73.970021,40.765852
20.8,2011-03-31 10:06:30 UTC,-73.969622,40.76988,-73.96073,40.764628
30.3,2013-11-28 12:30:06 UTC,-73.979438,40.722746,-73.996881,40.6992
18.5,2013-08-16 23:48:41 UTC,-73.995228,40.710503,-73.989856,40.708444
22.2,2012-03-20 09:55:35 UTC,-73.98957,40.770219,-73.997947,40.760086
19.4,2012-07-12 12:54:21 UTC,-73.963799,40.704462,-73.958136,40.699522
20.9,2012-12-26 08:25:08 UTC,-74.010037,40.788549,-74.01125,40.778005
26.4,2011-01-10 23:57:56 UTC,-73.957884,40.745322,-73.972207,40.729227
27.2,2012-11-12 07:23:15 UTC,-73.985623,40.703574,-73.972037,40.722406
20.8,2013-12-08 04:03:49 UTC,-73.996372,40.735587,-73.988606,40.728751
23.1,2012-10-25 18:35:59 UTC,-74.001974,40.761374,-73.996943,40.7755
19.0,2013-05-06 17:18:35 UTC,-73.966513,40.734019,-73.972916,40.731805
22.6,2013-09-19 22:49:04 UTC,-73.980293,40.750601,-73.972182,40.739293
22.5,2012-11-17 16:34:43 UTC,-73.948225,40.772202,-73.961057,40.777293
26.9,2012-11-03 22:20:16 UTC,-74.005262,40.743934,-74.027538,40.740024
23.5,2012-10-23 15:36:14 UTC,-73.991563,40.721888,-74.007187,40.719817
20.3,2012-02-23 06:31:10 UTC,-73.981844,40.74103,-73.991064,40.74248
21.2,2012-10-11 08:13:12 UTC,-73.995037,40.792445,-74.002586,40.784323
24.0,2012-05-23 01:34:06 UTC,-73.979878,40.800552,-73.984226,40.784341
17.6,2012-09-28 06:40:48 UTC,-73.97361,40.689402,-73.977514,40.68889
21.4,2012-04-03 06:23:59 UTC,-73.97031,40.782731,-73.976809,40.79237
27.1,2011-10-29 18:03:25 UTC,-73.949877,40.757504,-73.97104,40.748489
16.9,2012-07-07 06:44:45 UTC,-74.006069,40.777719,-74.004148,40.779259
23.3,2011-02-05 07:36:32 UTC,-73.973245,40.733485,-73.975892,40.74854
19.1,2011-03-14 07:32:58 UTC,-73.992939,40.696952,-73.999902,40.696054
22.6,2013-12-29 08:38:03 UTC,-73.9714,40.767535,-73.95742,40.768396
16.9,2012-07-14 01:59:04 UTC,-73.971373,40.721771,-73.973795,40.722323
19.1,2012-03-03 20:07:37 UTC,-73.999738,40.708351,-73.999153,40.701528
22.0,2011-03-08 21:43:57 UTC,-73.998023,40.710448,-73.990065,40.700514
24.6,2011-12-08 05:01:22 UTC,-73.969767,40.768027,-73.984666,40.758135
17.5,2013-02-08 05:16:34 UTC,-73.979532,40.754184,-73.979758,40.757865
21.1,2011-12-20 22:29:51 UTC,-73.984392,40.773474,-73.976467,40.781053
19.7,2012-10-23 11:57:35 UTC,-73.96684,40.770072,-73.967754,40.778123
22.4,2012-03-28 12:28:30 UTC,-73.965366,40.737372,-73.978399,40.733587
21.6,2013-10-13 22:15:41 UTC,-73.990593,40.747886,-73.995417,40.758819
17.4,2012-03-21 22:15:11 UTC,-73.997041,40.734657,-73.995151,40.737731
26.2,2012-10-18 15:11:07 UTC,-74.005238,40.74369,-74.026307,40.744398
33.6,2013-09-06 02:15:29 UTC,-73.979331,40.720982,-73.992858,40.687589
26.3,2011-08-25 22:27:50 UTC,-74.008463,40.761715,-73.988728,40.75354
23.6,2012-09-21 04:19:39 UTC,-73.978011,40.782254,-73.973166,40.767043
23.7,2011-12-30 00:56:29 UTC,-73.955663,40.725502,-73.940829,40.731772
20.0,2011-05-29 19:05:21 UTC,-73.987069,40.788438,-73.978406,40.789388
21.3,2013-09-04 07:38:31 UTC,-73.990724,40.753406,-73.986784,40.742686
17.8,2013-10-09 15:11:37 UTC,-73.940043,40.757232,-73.943134,40.760276
23.0,2013-01-07 13:35:32 UTC,-73.949806,40.699017,-73.945994,40.684782
24.6,2011-04-24 12:01:40 UTC,-73.995292,40.695782,-73.980792,40.685344
21.1,2011-12-07 01:26:56 UTC,-73.97722,40.754323,-73.968964,40.747221
18.5,2013-08-26 00:10:02 UTC,-73.973426,40.773692,-73.971758,40.779093
22.7,2011-11-07 05:34:21 UTC,-73.975927,40.729859,-73.97765,40.743853
19.5,2011-05-23 21:59:36 UTC,-73.943707,40.800103,-73.938723,40.794243
0.4,2011-09-01 09:11:46 UTC,-73.978255,40.772048,-73.983576,40.785273
18.1,2012-07-14 09:37:17 UTC,-73.975255,40.72275,-73.970271,40.723224
19.3,2011-05-14 02:15:06 UTC,-73.966227,40.750925,-73.973206,40.753287
17.4,2013-08-05 13:08:14 UTC,-73.956202,40.824308,-73.959741,40.82367
20.9,2012-07-31 01:34:17 UTC,-73.961262,40.712723,-73.971539,40.71075
18.7,2011-09-23 01:24:53 UTC,-73.969238,40.765848,-73.973636,40.770241
20.7,2011-06-13 13:00:45 UTC,-74.011174,40.740318,-74.018011,40.747721
25.2,2011-12-02 21:45:51 UTC,-73.989763,40.771207,-73.972844,40.762361
20.2,2013-06-17 02:40:05 UTC,-73.963612,40.788018,-73.972557,40.786125
24.2,2013-11-14 12:52:33 UTC,-73.974992,40.738413,-73.971144,40.755106
20.4,2013-07-05 01:03:24 UTC,-73.963477,40.783567,-73.972946,40.785339
17.1,2013-11-01 12:30:13 UTC,-73.942257,40.816636,-73.941788,40.819503
21.6,2013-09-15 05:31:28 UTC,-74.003539,40.751988,-74.00064,40.763661
25.2,2011-02-12 01:59:22 UTC,-73.957242,40.773547,-73.975753,40.768534
22.6,2012-04-11 18:04:18 UTC,-73.986607,40.732287,-74.000584,40.731947
21.9,2013-02-16 01:10:49 UTC,-73.961293,40.750578,-73.97084,40.758746
24.6,2013-12-15 14:08:22 UTC,-73.980824,40.7447,-73.993857,40.757089
27.5,2011-03-24 08:34:20 UTC,-73.93746,40.773908,-73.936619,40.750257
19.5,2011-07-09 13:50:06 UTC,-73.977398,40.78614,-73.974972,40.778774
22.9,2012-02-04 00:03:03 UTC,-73.99281,40.74671,-74.003441,40.736727
16.5,2013-02-23 04:38:59 UTC,-73.971603,40.796009,-73.970361,40.79477
20.7,2013-03-30 19:35:59 UTC,-73.973521,40.795901,-73.977762,40.786675
19.0,2012-02-26 06:49:36 UTC,-73.957238,40.775406,-73.958233,40.782047
18.9,2013-02-06 02:06:26 UTC,-73.971039,40.734519,-73.977323,40.736243
20.7,2011-04-02 21:13:06 UTC,-73.930499,40.731645,-73.925622,40.740537
25.1,2012-08-20 04:54:01 UTC,-73.982228,40.725629,-73.965879,40.735159
20.8,2012-02-09 21:37:14 UTC,-73.981992,40.778475,-73.974249,40.785266
22.8,2012-10-22 09:22:57 UTC,-73.992078,40.713647,-73.978144,40.710289
22.7,2013-06-19 00:12:20 UTC,-73.978287,40.770305,-73.992315,40.771348
19.7,2011-08-30 12:20:52 UTC,-73.975379,40.717567,-73.982136,40.712958
23.0,2011-12-04 04:44:31 UTC,-73.974376,40.774706,-73.968723,40.761059
24.6,2011-06-13 16:34:48 UTC,-73.978656,40.750517,-73.963573,40.760054
18.9,2012-11-30 10:20:51 UTC,-73.992196,40.790009,-73.985692,40.789169
24.7,2011-07-02 20:25:03 UTC,-73.997633,40.784244,-74.007896,40.769218
19.1,2012-06-29 19:47:59 UTC,-73.987503,40.793052,-73.99185,40.798421
17.6,2012-08-16 07:34:40 UTC,-73.957169,40.793825,-73.953835,40.791585
26.0,2012-07-07 20:41:12 UTC,-73.952864,40.754309,-73.954511,40.733711
23.6,2012-09-16 08:16:55 UTC,-73.981539,40.715236,-73.989527,40.701499
19.4,2012-01-28 08:00:01 UTC,-73.998832,40.718424,-74.001734,40.711418
16.7,2012-07-25 15:28:32 UTC,-73.981623,40.687395,-73.981768,40.6895
22.3,2013-10-30 17:57:59 UTC,-73.938167,40.71749,-73.949016,40.72537
21.8,2011-08-20 20:27:10 UTC,-73.960021,40.752065,-73.950176,40.759602
19.4,2013-01-28 01:07:58 UTC,-73.968985,40.73321,-73.973381,40.739239
16.0,2012-12-26 07:48:14 UTC,-73.960746,40.744596,-73.961472,40.744252
25.7,2013-08-13 22:23:44 UTC,-73.949189,40.764781,-73.938838,40.782004
19.2,2012-04-11 04:31:43 UTC,-74.003057,40.740878,-74.004307,40.747877
20.7,2012-03-24 22:36:07 UTC,-73.987841,40.716345,-73.978037,40.718566
21.5,2013-04-24 07:56:22 UTC,-73.990574,40.748403,-74.000866,40.754069
18.6,2011-02-12 00:44:50 UTC,-73.968258,40.723045,-73.963928,40.719055
19.8,2012-02-12 02:23:16 UTC,-73.976798,40.741876,-73.968405,40.741304
26.8,2011-05-28 20:39:57 UTC,-73.964874,40.790283,-73.973172,40.769464
17.8,2012-01-01 03:10:51 UTC,-73.990138,40.741885,-73.991921,40.738017
24.5,2012-02-03 18:06:50 UTC,-73.952561,40.803129,-73.954138,40.820728
16.9,2012-06-23 18:42:57 UTC,-73.981387,40.792949,-73.97929,40.794433
18.1,2013-02-11 21:31:07 UTC,-73.966109,40.732621,-73.961361,40.733688
22.4,2011-05-18 05:46:31 UTC,-73.956092,40.716666,-73.965204,40.726652
17.4,2012-01-03 16:30:07 UTC,-73.957698,40.748423,-73.958298,40.752002
24.5,2011-12-26 08:01:14 UTC,-73.972783,40.7846,-73.95687,40.776735
20.9,2013-08-03 02:48:35 UTC,-73.963613,40.735294,-73.953074,40.735531
22.6,2013-04-15 13:40:40 UTC,-73.945167,40.777243,-73.937228,40.765891
17.0,2011-08-05 22:49:09 UTC,-73.969728,40.786253,-73.971656,40.788089
27.1,2011-05-29 03:11:26 UTC,-73.994593,40.726779,-73.973305,40.718402
22.6,2013-02-08 21:12:52 UTC,-73.968339,40.729718,-73.958041,40.739001
18.2,2011-06-09 15:31:31 UTC,-73.980746,40.77138,-73.980371,40.766277
19.9,2013-06-10 01:10:09 UTC,-74.02696,40.754555,-74.024756,40.746308
18.0,2013-02-21 16:39:17 UTC,-73.97076,40.729418,-73.975349,40.72829
18.3,2011-07-02 08:24:39 UTC,-73.977667,40.739435,-73.973733,40.743089
22.4,2013-04-25 17:21:51 UTC,-73.956872,40.747884,-73.950941,40.735811
20.0,2012-02-18 19:20:43 UTC,-73.995002,40.703054,-73.987976,40.697842
16.7,2012-11-16 16:55:20 UTC,-74.010114,40.772969,-74.011921,40.774021
25.6,2011-05-02 22:38:48 UTC,-73.976626,40.735639,-73.991363,40.749023
28.3,2013-02-18 08:46:17 UTC,-73.972396,40.666489,-73.969979,40.641201
20.3,2011-05-29 12:20:07 UTC,-73.978123,40.749284,-73.971055,40.755436
20.9,2011-10-29 07:45:06 UTC,-73.979586,40.727753,-73.989371,40.723917
18.1,2012-10-24 11:31:10 UTC,-74.001375,40.800665,-74.002283,40.795719
23.2,2011-09-13 21:21:42 UTC,-73.982778,40.732437,-73.969364,40.725625
21.9,2012-06-17 12:17:01 UTC,-73.986968,40.717071,-73.999003,40.713432
19.0,2012-06-24 20:14:51 UTC,-73.958546,40.765238,-73.961383,40.771446
23.5,2011-10-10 17:30:14 UTC,-73.972413,40.730187,-73.957542,40.724819
24.0,2011-03-29 11:12:21 UTC,-73.98556,40.726616,-73.983983,40.743202
19.7,2012-02-25 00:55:02 UTC,-73.945522,40.765285,-73.950782,40.771524
16.6,2012-12-03 21:18:22 UTC,-73.985378,40.718786,-73.985448,40.720766
19.8,2012-02-17 06:43:46 UTC,-73.968844,40.706282,-73.960585,40.704621
21.7,2011-05-16 09:57:15 UTC,-73.983338,40.80178,-73.985373,40.813678
23.0,2011-05-09 11:04:02 UTC,-73.947377,40.767385,-73.941401,40.780745
21.6,2012-03-24 03:39:34 UTC,-73.978263,40.742074,-73.975913,40.73046
19.5,2013-05-23 01:42:24 UTC,-73.977672,40.749896,-73.974501,40.742877
20.2,2013-10-30 20:45:38 UTC,-73.982797,40.765176,-73.976182,40.771522
20.5,2013-07-11 01:40:47 UTC,-73.97607,40.7792,-73.979018,40.788567
20.6,2013-11-02 08:51:35 UTC,-73.956009,40.727321,-73.965454,40.724317
20.0,2012-08-20 09:25:57 UTC,-73.963083,40.760984,-73.958339,40.75356
16.4,2012-07-19 11:16:13 UTC,-73.979438,40.734799,-73.980763,40.735585
23.3,2013-11-03 01:52:56 UTC,-73.945973,40.744331,-73.950455,40.759097
18.3,2013-11-09 10:15:50 UTC,-73.96254,40.754821,-73.957276,40.755231
24.6,2013-10-11 05:55:18 UTC,-73.988764,40.7498,-73.97599,40.73716
16.6,2012-11-28 03:46:03 UTC,-74.007607,40.772067,-74.009153,40.773163
19.5,2013-11-09 09:23:53 UTC,-73.9883,40.764613,-73.988216,40.77244
21.6,2011-08-15 04:37:20 UTC,-73.971733,40.704755,-73.983551,40.703741
22.0,2013-04-01 07:38:20 UTC,-73.968056,40.709265,-73.970283,40.721847
20.1,2011-07-21 05:45:03 UTC,-73.952817,40.738908,-73.950604,40.747567
16.0,2011-07-07 12:19:16 UTC,-74.001891,40.804859,-74.002095,40.804241
17.5,2012-08-05 03:28:13 UTC,-73.988783,40.724452,-73.992405,40.724884
25.5,2011-12-02 22:51:03 UTC,-74.003553,40.743753,-73.996294,40.725336
21.7,2013-02-04 23:33:29 UTC,-74.006776,40.73391,-74.006196,40.746012
28.7,2012-08-16 18:30:59 UTC,-73.992556,40.733379,-73.966668,40.730083
17.9,2011-03-01 18:48:45 UTC,-73.972668,40.755347,-73.970591,40.751348
29.6,2011-07-30 21:23:44 UTC,-73.964572,40.792023,-73.992037,40.786525
21.6,2012-06-25 05:52:30 UTC,-73.998967,40.763679,-74.010087,40.768246
21.9,2013-05-17 18:47:44 UTC,-73.996186,40.725894,-73.990864,40.714607
21.5,2013-01-09 22:48:54 UTC,-74.015596,40.832597,-74.02203,40.822755
18.6,2012-04-25 17:51:48 UTC,-73.975713,40.752357,-73.981525,40.751832
22.6,2013-02-01 14:10:56 UTC,-73.994643,40.732683,-74.007035,40.726418
18.5,2013-10-16 21:44:32 UTC,-73.946739,40.792363,-73.951507,40.795715
18.7,2012-02-05 05:03:19 UTC,-73.971804,40.735928,-73.969865,40.730029
23.8,2013-12-06 14:05:46 UTC,-73.983429,40.799887,-73.979571,40.815838
21.8,2011-03-19 10:38:08 UTC,-73.992822,40.723881,-74.003021,40.730815
20.9,2012-08-24 15:04:56 UTC,-74.009893,40.792901,-74.001839,40.79971
22.3,2012-05-14 09:49:02 UTC,-74.007357,40.756031,-74.019271,40.749982
27.9,2013-08-30 10:48:29 UTC,-73.992443,40.788732,-73.988063,40.812788
18.4,2011-09-11 21:44:05 UTC,-73.993978,40.807053,-73.990608,40.802663
21.5,2012-07-16 20:18:41 UTC,-73.999983,40.716022,-74.009327,40.708884
22.0,2012-06-30 13:25:50 UTC,-73.972458,40.788273,-73.982991,40.795341
17.8,2012-08-03 04:19:48 UTC,-73.969715,40.707733,-73.965892,40.709685
20.6,2013-07-05 09:04:35 UTC,-73.989173,40.718584,-73.994771,40.710401
26.7,2012-09-29 06:38:49 UTC,-73.941297,40.725898,-73.943202,40.747856
21.6,2013-07-19 00:23:56 UTC,-74.014935,40.765109,-74.008061,40.774865
18.0,2012-09-03 05:40:53 UTC,-73.978837,40.75099,-73.974045,40.751031
28.5,2012-11-16 11:59:56 UTC,-73.984372,40.744986,-73.993531,40.768997
19.7,2013-09-11 03:20:29 UTC,-73.991014,40.754387,-73.99155,40.762495
20.3,2013-05-25 09:29:21 UTC,-73.993953,40.767739,-74.0033,40.76762
27.8,2013-06-21 02:54:27 UTC,-73.980139,40.770047,-73.97144,40.792862
24.0,2011-09-27 23:09:15 UTC,-73.984511,40.782825,-73.969145,40.789415
20.9,2011-07-24 05:43:08 UTC,-73.987838,40.804601,-73.996288,40.810753
17.6,2012-08-18 17:57:42 UTC,-74.005974,40.749359,-74.006286,40.745496
20.2,2011-07-15 17:32:26 UTC,-74.012362,40.734367,-74.003188,40.734861
17.7,2013-12-29 14:17:31 UTC,-73.98577,40.768406,-73.985528,40.764299
23.4,2013-08-01 06:20:41 UTC,-73.988042,40.715672,-73.982427,40.73007
23.7,2012-05-06 23:13:56 UTC,-73.983941,40.729639,-73.983425,40.713545
24.3,2011-06-14 20:17:04 UTC,-73.982172,40.779981,-73.99274,40.79364
20.1,2013-09-10 16:18:50 UTC,-73.99045,40.746276,-73.989261,40.737503
21.3,2013-05-02 11:56:40 UTC,-73.984248,40.713754,-73.972975,40.713175
17.8,2011-06-10 17:52:03 UTC,-73.997071,40.705306,-73.993928,40.702354
24.2,2013-06-13 09:56:06 UTC,-73.949521,40.751462,-73.933284,40.74626
25.1,2012-08-20 22:32:16 UTC,-73.995995,40.784257,-74.01371,40.791155
17.5,2012-07-26 01:27:57 UTC,-73.98742,40.783856,-73.983629,40.783804
20.3,2011-02-12 08:38:21 UTC,-73.994476,40.753326,-74.000956,40.746649
20.1,2011-06-26 16:33:05 UTC,-73.994812,40.810267,-74.003568,40.811807
23.2,2011-07-17 01:00:09 UTC,-73.979507,40.746855,-73.966163,40.739895
18.6,2013-05-02 04:01:21 UTC,-73.982045,40.745843,-73.984595,40.740465
23.3,2013-12-16 01:09:33 UTC,-73.989189,40.672977,-73.992705,40.658004
18.5,2012-03-10 06:21:11 UTC,-73.98567,40.736579,-73.982234,40.732076
26.7,2011-12-10 14:39:37 UTC,-73.994396,40.77556,-74.015921,40.780502
22.4,2012-07-24 09:34:50 UTC,-73.971965,40.796919,-73.958417,40.79729
28.8,2012-07-14 06:20:19 UTC,-73.938896,40.725093,-73.919852,40.743244
29.5,2012-01-18 03:45:51 UTC,-73.997497,40.763868,-73.988346,40.789996
18.7,2011-08-02 14:55:39 UTC,-73.972121,40.781406,-73.968001,40.776764
19.9,2011-08-01 14:21:51 UTC,-73.979101,40.750336,-73.981267,40.742003
23.4,2012-08-26 13:26:40 UTC,-73.966627,40.681502,-73.97738,40.6928
21.8,2012-11-10 16:01:24 UTC,-73.966064,40.757419,-73.954124,40.760771
22.9,2013-12-03 00:41:51 UTC,-73.975892,40.772843,-73.966728,40.784202
18.6,2011-08-15 05:38:51 UTC,-73.980796,40.721577,-73.976295,40.725566
17.6,2012-08-23 17:42:18 UTC,-73.988689,40.742375,-73.985353,40.740432
17.4,2012-12-09 18:10:55 UTC,-73.995299,40.715335,-73.992293,40.713448
19.0,2011-09-25 09:07:23 UTC,-73.981937,40.672896,-73.987196,40.677223
28.2,2012-05-22 08:35:36 UTC,-74.005692,40.78081,-73.98068,40.778699
21.9,2012-07-20 08:46:14 UTC,-73.991877,40.749888,-73.994733,40.762083
22.5,2011-08-26 07:17:41 UTC,-73.957863,40.79793,-73.96213,40.784907
23.9,2013-04-07 19:05:11 UTC,-73.97803,40.77572,-73.966824,40.787861
25.0,2012-01-21 06:15:02 UTC,-73.962147,40.739374,-73.962439,40.72064
16.4,2013-05-26 02:26:49 UTC,-73.950607,40.747505,-73.950797,40.748956
22.9,2011-02-09 05:32:27 UTC,-73.983541,40.766985,-73.969395,40.763675
23.9,2013-10-11 07:36:31 UTC,-73.975853,40.779007,-73.969067,40.763843
26.6,2012-11-18 10:36:03 UTC,-73.986037,40.75968,-73.978743,40.73908
24.6,2013-09-16 05:45:53 UTC,-73.996252,40.783168,-74.010429,40.772193
17.6,2012-06-27 08:11:10 UTC,-73.999059,40.7411,-73.995054,40.741557
21.5,2013-03-24 22:15:00 UTC,-73.963137,40.720086,-73.973193,40.714064
21.3,2012-07-28 12:54:52 UTC,-73.975827,40.748056,-73.980377,40.737646
22.5,2012-10-31 12:33:03 UTC,-73.943068,40.756156,-73.941312,40.769678
21.8,2013-07-12 05:57:30 UTC,-73.960559,40.713954,-73.960921,40.701632
20.3,2011-09-04 04:24:02 UTC,-73.994624,40.709898,-73.988082,40.71669
21.5,2011-12-19 03:24:19 UTC,-73.963193,40.763422,-73.955486,40.754532
22.7,2013-07-18 04:34:27 UTC,-73.986102,40.737809,-73.977645,40.726581
23.0,2011-09-22 19:37:49 UTC,-73.955663,40.745025,-73.969105,40.738986
27.8,2012-10-07 18:59:43 UTC,-73.989727,40.739209,-73.9661,40.745408
22.5,2013-07-31 11:43:08 UTC,-74.001049,40.795618,-74.001294,40.781903
21.9,2012-12-25 23:33:21 UTC,-73.995915,40.787853,-73.983786,40.790727
29.1,2012-08-10 15:20:27 UTC,-73.994893,40.712879,-74.020036,40.703272
19.8,2011-07-09 00:20:34 UTC,-73.996805,40.734016,-73.999458,40.726209
23.2,2012-06-29 08:50:46 UTC,-73.991452,40.7755,-74.006059,40.779507
27.3,2011-12-04 10:56:22 UTC,-73.962866,40.768058,-73.97148,40.789793
20.2,2013-06-14 21:16:04 UTC,-73.944079,40.748756,-73.943574,40.739646
19.6,2012-09-11 10:29:14 UTC,-74.006604,40.715872,-74.009951,40.723071
22.4,2013-07-19 00:19:15 UTC,-73.95473,40.729524,-73.94159,40.726397
24.8,2013-12-25 02:39:55 UTC,-73.989554,40.734497,-73.971864,40.72975
22.8,2011-06-05 14:38:05 UTC,-73.973042,40.75831,-73.982711,40.769024
20.5,2011-07-20 19:59:00 UTC,-74.013083,40.801112,-74.017961,40.792677
23.4,2013-08-25 22:22:02 UTC,-73.969519,40.729394,-73.97983,40.717852
21.9,2012-05-30 14:37:14 UTC,-74.020106,40.719219,-74.008547,40.723821
23.6,2012-06-16 02:56:52 UTC,-73.973721,40.746742,-73.972131,40.76269
19.4,2013-08-06 13:51:13 UTC,-73.974855,40.780952,-73.974532,40.788452
22.8,2012-04-04 16:38:08 UTC,-73.97618,40.706594,-73.973055,40.692523
19.1,2013-04-24 14:17:50 UTC,-73.994698,40.793609,-73.99781,40.787456
22.1,2012-10-07 22:58:26 UTC,-73.969009,40.744839,-73.977574,40.754635
23.5,2013-06-06 13:37:13 UTC,-73.972178,40.72797,-73.971668,40.743782
17.4,2012-09-03 20:07:34 UTC,-73.984199,40.701994,-73.986869,40.704281
19.0,2012-08-18 16:24:39 UTC,-73.966563,40.771196,-73.963093,40.765404
27.2,2013-05-05 13:25:37 UTC,-73.981912,40.744865,-73.998232,40.761325
16.6,2012-10-23 15:56:18 UTC,-73.969424,40.755121,-73.967561,40.754375
20.2,2013-08-04 02:41:18 UTC,-73.982518,40.722976,-73.98941,40.716918
19.6,2011-10-11 19:44:06 UTC,-73.975666,40.740427,-73.974153,40.732678
23.1,2013-12-22 08:58:59 UTC,-73.968506,40.735403,-73.959455,40.723452
30.1,2012-09-24 18:46:51 UTC,-73.987958,40.746982,-73.993521,40.775318
24.9,2012-02-02 23:37:52 UTC,-74.004677,40.729913,-73.99271,40.744123
24.9,2012-11-06 07:16:29 UTC,-73.974478,40.703975,-73.991886,40.697412
27.2,2011-09-22 00:55:51 UTC,-73.956212,40.831855,-73.940774,40.849173
22.4,2011-03-30 13:10:52 UTC,-73.974017,40.709098,-73.961632,40.714431
20.7,2013-09-27 13:29:40 UTC,-73.973637,40.755444,-73.982503,40.760185
21.3,2011-03-09 07:01:40 UTC,-73.980844,40.696839,-73.989626,40.68966
23.5,2012-11-25 15:28:48 UTC,-73.965218,40.690089,-73.980167,40.684947
20.2,2012-03-07 11:34:10 UTC,-73.983719,40.752935,-73.974505,40.752511
25.6,2012-05-08 17:20:20 UTC,-73.989078,40.755231,-73.992382,40.735576
18.8,2013-10-09 08:08:03 UTC,-73.957894,40.787845,-73.961932,40.782977
21.2,2013-11-24 16:33:23 UTC,-73.990611,40.761986,-74.001839,40.762031
26.8,2012-04-24 00:07:44 UTC,-73.962211,40.745506,-73.944091,40.758601
21.4,2011-12-09 14:39:11 UTC,-73.957881,40.721512,-73.967609,40.715347
19.7,2012-03-13 11:45:46 UTC,-73.968664,40.79497,-73.968422,40.803092
26.0,2012-06-10 08:18:25 UTC,-74.004985,40.777866,-74.002825,40.757261
21.8,2013-03-30 21:39:20 UTC,-73.979457,40.71261,-73.983444,40.72428
21.0,2012-05-19 18:03:54 UTC,-73.98404,40.751139,-73.990049,40.742135
17.6,2011-12-14 03:21:11 UTC,-73.98992,40.754322,-73.993613,40.755624
19.1,2012-08-01 21:43:01 UTC,-73.977145,40.73963,-73.971492,40.743694
17.7,2011-12-13 22:40:00 UTC,-73.964616,40.773156,-73.968086,40.775257
23.8,2011-08-02 17:16:11 UTC,-73.989171,40.774952,-73.972916,40.773884
23.0,2011-09-19 07:18:59 UTC,-73.983428,40.744285,-73.991198,40.73187
21.5,2011-12-28 00:56:28 UTC,-73.984821,40.741574,-73.97728,40.732679
25.7,2013-01-22 02:39:13 UTC,-73.956723,40.794969,-73.974287,40.804933
20.5,2013-01-18 19:55:48 UTC,-73.985142,40.777985,-73.992911,40.772011
19.7,2012-10-14 05:48:45 UTC,-74.004688,40.752171,-74.012851,40.751138
24.9,2013-05-30 07:42:19 UTC,-74.011469,40.701124,-74.022508,40.686203
20.2,2013-06-10 00:25:38 UTC,-73.972745,40.76032,-73.969911,40.768906
22.3,2011-12-07 20:48:41 UTC,-73.995214,40.770943,-73.996316,40.757748
27.9,2012-01-17 08:08:23 UTC,-73.966626,40.667364,-73.989414,40.676524
26.9,2013-03-27 08:16:23 UTC,-74.006624,40.757556,-73.986669,40.746929
20.8,2013-03-29 06:54:40 UTC,-73.990778,40.737499,-73.989018,40.747644
15.7,2012-02-01 10:45:18 UTC,-74.006611,40.743374,-74.0066,40.743476
22.8,2013-06-25 12:45:44 UTC,-73.971308,40.722779,-73.958207,40.717191
25.0,2011-01-01 07:43:18 UTC,-73.967023,40.745554,-73.957134,40.761558
17.2,2012-08-06 07:52:44 UTC,-73.973227,40.79176,-73.976209,40.791071
25.6,2012-03-20 15:32:44 UTC,-74.001719,40.736608,-74.021244,40.73299
21.0,2012-08-24 06:27:57 UTC,-73.994915,40.778967,-73.989271,40.788058
24.5,2012-06-03 13:22:29 UTC,-73.975314,40.72581,-73.984942,40.711005
29.7,2013-10-01 14:22:48 UTC,-74.013755,40.772763,-74.001362,40.747491
22.6,2013-04-29 17:01:03 UTC,-73.984823,40.75005,-73.992584,40.761629
20.4,2013-09-16 00:35:17 UTC,-73.949662,40.760561,-73.954181,40.752198
23.6,2012-04-29 18:46:27 UTC,-73.983599,40.750215,-73.997031,40.758861
21.9,2013-07-24 19:48:32 UTC,-74.009771,40.769249,-74.022394,40.76971
21.5,2011-11-28 18:14:40 UTC,-73.992148,40.672972,-73.993239,40.661333
18.8,2013-08-16 08:09:01 UTC,-73.992614,40.707405,-73.994636,40.713478
18.8,2013-06-28 17:50:53 UTC,-73.937194,40.762512,-73.941953,40.758411
27.2,2012-12-13 06:27:02 UTC,-73.946686,40.688694,-73.926156,40.67792
21.7,2012-03-29 20:01:28 UTC,-73.965381,40.734083,-73.959345,40.72357
24.3,2012-01-22 15:29:39 UTC,-73.986862,40.74837,-73.986759,40.731041
29.6,2011-09-15 16:40:11 UTC,-73.955987,40.725156,-73.983561,40.729186
21.9,2012-02-23 10:00:54 UTC,-74.002669,40.729253,-73.994412,40.719899
30.6,2013-09-12 04:20:48 UTC,-73.958468,40.758147,-73.928523,40.7578
16.9,2011-08-11 22:23:56 UTC,-73.961441,40.780279,-73.96332,40.778462
21.8,2011-10-04 21:42:17 UTC,-73.983027,40.721247,-73.991132,40.711831
23.3,2012-02-24 02:44:54 UTC,-73.957216,40.732748,-73.955583,40.717519
30.2,2011-03-14 20:37:57 UTC,-73.988944,40.728062,-74.003259,40.753399
18.0,2013-11-19 11:33:31 UTC,-74.005302,40.677359,-74.000681,40.676873
27.4,2011-07-14 11:14:40 UTC,-73.960441,40.754251,-73.945439,40.772485
22.4,2013-12-22 22:39:10 UTC,-73.981705,40.778042,-73.988414,40.789691
19.2,2012-07-13 21:35:59 UTC,-73.967964,40.780499,-73.974351,40.777288
16.6,2012-11-09 01:55:27 UTC,-73.943582,40.723877,-73.944379,40.725687
18.3,2013-07-21 06:03:36 UTC,-73.994445,40.712449,-73.999457,40.713968
27.6,2013-04-12 00:46:19 UTC,-73.982868,40.750648,-73.997991,40.76909
20.2,2013-07-02 02:42:46 UTC,-73.948607,40.774878,-73.95246,40.783177
20.6,2011-05-06 10:48:48 UTC,-73.966625,40.754646,-73.972495,40.746573
22.7,2012-07-29 04:07:33 UTC,-73.993996,40.758679,-73.98033,40.762195
22.7,2013-04-12 03:48:44 UTC,-73.9991,40.784255,-73.987547,40.792298
24.8,2013-04-16 23:23:58 UTC,-73.990562,40.727826,-73.976588,40.716073
20.3,2011-03-16 12:03:25 UTC,-73.994768,40.743401,-73.986751,40.748342
22.4,2011-12-29 09:50:49 UTC,-73.975253,40.799038,-73.973195,40.812493
21.8,2011-09-19 14:52:29 UTC,-73.978431,40.744096,-73.987175,40.735521
23.2,2012-04-29 04:41:59 UTC,-73.974415,40.71198,-73.961154,40.704787
21.7,2013-11-24 22:05:03 UTC,-73.996816,40.729919,-73.993338,40.741524
22.1,2013-02-24 08:48:28 UTC,-73.981417,40.721855,-73.993897,40.718312
22.3,2011-03-18 14:51:16 UTC,-74.021114,40.760715,-74.030253,40.750895
23.3,2011-04-19 15:21:03 UTC,-73.9771,40.723122,-73.989737,40.731944
26.3,2013-12-28 04:40:48 UTC,-73.956491,40.758131,-73.977011,40.7639
17.6,2012-11-04 12:21:52 UTC,-74.008495,40.727918,-74.00461,40.728862
24.0,2011-12-09 18:02:41 UTC,-73.970331,40.686299,-73.98271,40.697544
22.7,2013-01-31 16:20:45 UTC,-73.99222,40.759199,-73.99978,40.771155
16.1,2012-01-18 11:20:43 UTC,-73.96395,40.754454,-73.963562,40.753626
25.5,2011-05-19 06:03:50 UTC,-73.976827,40.765533,-73.978706,40.785276
24.3,2012-04-27 12:46:33 UTC,-73.971906,40.72981,-73.97904,40.745644
28.1,2011-05-19 03:50:16 UTC,-73.978704,40.726614,-73.963514,40.706771
24.8,2011-04-14 21:56:23 UTC,-73.953433,40.762044,-73.9687,40.751743
29.1,2013-01-31 18:36:38 UTC,-73.973052,40.795571,-73.987885,40.773018
18.4,2012-06-03 04:16:36 UTC,-73.994108,40.750335,-73.98953,40.747088
22.4,2011-06-13 21:18:26 UTC,-73.978026,40.762738,-73.984287,40.750625
20.9,2011-09-24 21:44:46 UTC,-73.987378,40.740352,-73.99403,40.732209
23.3,2011-09-03 20:53:10 UTC,-73.976752,40.703691,-73.987542,40.714597
24.6,2012-04-20 04:16:55 UTC,-73.988395,40.779023,-73.985013,40.761475
16.9,2013-11-09 08:45:57 UTC,-73.993536,40.777252,-73.99128,40.77855
16.5,2013-06-01 18:25:47 UTC,-73.976015,40.771323,-73.974823,40.77256
18.6,2012-09-11 11:51:31 UTC,-73.978884,40.744542,-73.984714,40.743718
19.4,2012-08-04 22:57:35 UTC,-73.958721,40.767912,-73.966231,40.769219
26.8,2012-02-11 14:26:10 UTC,-73.988299,40.776813,-73.98993,40.75449
21.9,2012-12-04 18:49:16 UTC,-74.019617,40.798605,-74.009952,40.790509
26.6,2013-08-31 17:27:50 UTC,-73.987277,40.779656,-73.971596,40.795086
23.8,2013-02-10 06:44:34 UTC,-74.012529,40.751915,-74.001415,40.739946
24.3,2013-12-07 08:07:51 UTC,-73.971687,40.710752,-73.966629,40.727419
24.2,2013-07-29 16:16:48 UTC,-74.013478,40.75467,-74.003656,40.740602
25.3,2013-01-06 07:18:37 UTC,-73.999767,40.757697,-74.011587,40.742427
21.6,2012-03-18 04:12:46 UTC,-73.987247,40.771271,-73.994384,40.761753
21.9,2011-10-14 22:15:49 UTC,-73.949121,40.790617,-73.943877,40.801908
18.4,2012-04-24 21:28:21 UTC,-74.001458,40.747145,-74.002639,40.741684
18.0,2012-11-13 02:53:09 UTC,-73.979752,40.81303,-73.976377,40.816484
20.5,2011-11-16 20:15:11 UTC,-73.9684,40.697221,-73.958606,40.697958
19.8,2011-07-13 08:23:34 UTC,-73.950319,40.76258,-73.942079,40.762036
24.0,2012-11-26 14:34:18 UTC,-73.964444,40.726044,-73.975354,40.738786
19.5,2011-09-21 16:39:06 UTC,-73.958122,40.692783,-73.958003,40.700499
23.0,2012-06-25 06:02:00 UTC,-73.962714,40.743947,-73.971922,40.732518
19.8,2011-01-25 04:00:14 UTC,-74.004182,40.706285,-74.011956,40.703529
27.8,2011-05-21 07:07:04 UTC,-73.972806,40.745157,-73.989915,40.762592
17.4,2011-07-07 08:00:35 UTC,-73.963027,40.751043,-73.961691,40.754239
27.3,2012-06-30 01:39:22 UTC,-73.99913,40.783556,-74.016978,40.768478
23.1,2013-03-12 13:13:03 UTC,-73.991595,40.704772,-73.987654,40.690402
23.8,2012-02-18 05:10:34 UTC,-73.996064,40.777253,-73.982479,40.786155
20.0,2013-06-28 12:44:31 UTC,-73.964548,40.752942,-73.959244,40.759967
20.2,2011-02-14 18:58:37 UTC,-73.981386,40.780865,-73.980867,40.771652
24.2,2013-12-25 07:16:54 UTC,-73.986417,40.737047,-73.971072,40.744524
23.8,2011-06-11 09:59:15 UTC,-74.005633,40.710033,-74.002359,40.726027
24.1,2011-11-18 01:25:12 UTC,-73.981348,40.713475,-73.989975,40.728054
23.7,2011-07-03 14:30:59 UTC,-73.991352,40.711246,-73.990101,40.727289
25.8,2011-10-22 02:07:22 UTC,-73.975133,40.764334,-73.955536,40.769889
21.2,2013-08-31 23:54:26 UTC,-74.002859,40.794308,-74.013786,40.792531
22.8,2013-01-02 06:52:38 UTC,-73.976442,40.733051,-73.990243,40.729027
18.7,2011-11-17 16:40:29 UTC,-73.988779,40.768874,-73.98263,40.7687
20.2,2012-03-12 12:20:18 UTC,-74.004986,40.704297,-74.007226,40.695537
18.8,2013-12-12 18:56:24 UTC,-74.006546,40.75541,-74.011866,40.751817
24.6,2012-12-26 16:54:22 UTC,-74.00354,40.770057,-74.016132,40.782808
28.3,2012-06-27 09:09:35 UTC,-73.984128,40.706556,-74.003629,40.690466
26.2,2012-10-21 17:13:49 UTC,-73.97758,40.743883,-73.992144,40.728477
24.7,2012-02-16 13:51:52 UTC,-73.974604,40.771478,-73.958454,40.779783
17.4,2012-02-12 14:21:29 UTC,-73.973849,40.661987,-73.973938,40.658485
29.4,2012-12-03 03:12:58 UTC,-73.99517,40.790064,-74.014794,40.770807
21.6,2013-02-14 17:11:54 UTC,-73.958832,40.76061,-73.946991,40.759997
21.9,2013-04-29 23:33:10 UTC,-73.988845,40.771502,-73.976496,40.769461
22.1,2013-05-22 11:48:14 UTC,-73.970997,40.737618,-73.958705,40.733308
19.7,2013-09-17 16:57:28 UTC,-73.983283,40.698318,-73.987508,40.705175
22.4,2011-10-21 16:22:23 UTC,-73.972488,40.766022,-73.975176,40.75269
16.3,2013-03-28 07:40:05 UTC,-73.984287,40.747522,-73.98291,40.747652
22.7,2011-11-21 11:56:28 UTC,-73.972127,40.750963,-73.958117,40.748854
18.4,2012-10-29 10:56:00 UTC,-73.980148,40.782628,-73.985697,40.783006
25.1,2011-05-17 01:43:03 UTC,-73.963723,40.772862,-73.971267,40.75554
20.0,2012-09-03 17:14:50 UTC,-73.996374,40.807637,-73.989417,40.802411
21.7,2011-05-21 18:48:05 UTC,-74.015398,40.754616,-74.003305,40.754813
18.4,2012-09-15 23:11:50 UTC,-73.999467,40.729264,-73.999995,40.734675
25.5,2012-02-05 22:25:28 UTC,-73.958622,40.744347,-73.951917,40.762811
19.7,2013-07-17 23:54:09 UTC,-73.983091,40.76247,-73.981967,40.770529
18.3,2011-06-24 22:20:20 UTC,-73.978159,40.780476,-73.980671,40.785087
23.2,2011-08-23 12:36:32 UTC,-74.001073,40.705989,-74.009366,40.718704
21.6,2012-06-06 16:03:46 UTC,-73.978689,40.750256,-73.990228,40.747218
24.0,2013-03-03 08:20:19 UTC,-74.000456,40.798286,-74.006604,40.813826
23.1,2013-09-05 18:11:36 UTC,-73.997516,40.742794,-74.007276,40.753986
18.3,2013-03-20 16:36:53 UTC,-73.98805,40.77793,-73.985215,40.773472
27.0,2013-05-20 08:34:46 UTC,-73.971098,40.764794,-73.958923,40.784033
18.1,2011-08-15 11:40:59 UTC,-73.968963,40.778676,-73.966923,40.783145
27.5,2013-11-02 17:36:12 UTC,-73.968419,40.725707,-73.977626,40.747637
20.2,2011-01-31 01:15:08 UTC,-74.011762,40.725838,-74.003208,40.72887
18.8,2011-11-25 05:10:53 UTC,-73.980133,40.750608,-73.977164,40.744989
20.2,2013-08-09 21:32:35 UTC,-73.983936,40.704033,-73.978987,40.696358
18.8,2012-09-12 22:44:44 UTC,-74.010644,40.741908,-74.015837,40.73835
22.0,2011-06-11 08:23:07 UTC,-73.97968,40.757586,-73.968347,40.751873
24.1,2011-10-01 02:27:05 UTC,-73.985009,40.803539,-73.973726,40.816253
16.6,2013-07-28 20:27:39 UTC,-73.969769,40.762082,-73.97161,40.761792
24.5,2013-04-01 21:00:35 UTC,-73.978375,40.768757,-73.971191,40.752617
21.2,2011-08-23 02:12:56 UTC,-73.990986,40.784934,-73.979972,40.787064
18.0,2011-02-18 21:53:09 UTC,-73.961485,40.72106,-73.966138,40.722315
18.0,2012-07-18 11:46:52 UTC,-74.024425,40.745048,-74.025237,40.740361
17.0,2012-07-11 12:36:37 UTC,-73.981285,40.822762,-73.980487,40.825438
21.1,2013-05-17 13:09:34 UTC,-74.015265,40.747626,-74.026243,40.747185
19.5,2012-01-22 14:37:16 UTC,-73.998244,40.783493,-73.993827,40.789831
21.5,2013-06-02 23:28:42 UTC,-73.969504,40.778912,-73.959278,40.784662
17.6,2012-02-13 03:57:59 UTC,-74.005484,40.705657,-74.006923,40.709306
22.3,2013-05-07 05:00:19 UTC,-74.008474,40.759314,-74.005076,40.746326
28.3,2011-04-29 15:46:16 UTC,-73.932361,40.754402,-73.918375,40.775593
23.7,2011-04-14 11:26:53 UTC,-74.007186,40.759899,-74.011237,40.744339
17.5,2011-06-24 08:33:36 UTC,-73.94699,40.727377,-73.943387,40.72609
21.8,2012-10-26 00:54:57 UTC,-73.983444,40.716492,-73.989142,40.705548
19.2,2012-06-02 19:56:11 UTC,-73.990497,40.73572,-73.996468,40.739683
17.5,2012-12-20 10:52:35 UTC,-73.968664,40.747066,-73.965245,40.74845
17.1,2013-08-30 06:35:46 UTC,-73.953268,40.78555,-73.950854,40.783862
23.7,2011-11-03 08:31:10 UTC,-74.002921,40.804519,-73.997371,40.819697
21.2,2013-02-14 00:22:24 UTC,-73.990205,40.791898,-73.989443,40.802983
18.5,2013-12-04 21:58:03 UTC,-73.963063,40.775806,-73.958411,40.772534
24.9,2012-09-07 02:28:40 UTC,-73.97424,40.71987,-73.957585,40.727911
25.1,2011-06-06 01:33:27 UTC,-73.957962,40.737733,-73.947363,40.75338
21.4,2012-04-15 11:25:03 UTC,-73.969698,40.756298,-73.966314,40.767311
18.2,2012-01-28 22:04:55 UTC,-73.943836,40.731027,-73.938786,40.729665
23.7,2012-08-30 19:49:10 UTC,-73.976428,40.767316,-73.979417,40.751413
17.4,2012-06-23 21:40:16 UTC,-73.975564,40.771615,-73.977156,40.774861
19.8,2011-12-28 09:58:44 UTC,-73.973566,40.766089,-73.968641,40.772775
19.5,2011-09-24 12:52:07 UTC,-73.98285,40.780754,-73.981973,40.773058
19.6,2013-12-27 14:30:27 UTC,-73.963038,40.722862,-73.955108,40.723088
22.0,2012-05-05 00:48:46 UTC,-73.975259,40.777985,-73.962588,40.777156
22.6,2012-07-17 05:23:53 UTC,-73.964236,40.729131,-73.965254,40.743008
29.3,2012-07-12 08:45:49 UTC,-73.96111,40.721772,-73.981202,40.74031
27.4,2013-03-04 16:49:04 UTC,-73.971431,40.765963,-73.951089,40.777716
18.9,2011-12-27 10:55:53 UTC,-73.969966,40.786476,-73.976491,40.785621
21.5,2013-08-03 05:26:33 UTC,-74.000207,40.76464,-73.998255,40.776118
20.5,2011-01-15 20:45:04 UTC,-73.991007,40.750624,-73.983732,40.757112
22.7,2012-08-20 17:13:09 UTC,-73.963132,40.759305,-73.949043,40.758556
29.5,2011-10-29 12:30:29 UTC,-73.951527,40.754093,-73.933467,40.775017
19.7,2011-01-03 05:28:07 UTC,-74.018809,40.716221,-74.022447,40.708841
22.3,2012-05-07 10:43:32 UTC,-73.991357,40.712721,-73.97946,40.71876
19.9,2011-11-27 12:49:10 UTC,-73.979528,40.747635,-73.977548,40.756031
29.4,2013-05-12 11:05:40 UTC,-73.997585,40.752396,-73.970153,40.749521
21.8,2011-09-29 03:34:59 UTC,-73.99645,40.75034,-73.985446,40.755931
20.4,2012-07-13 23:58:25 UTC,-73.970502,40.770283,-73.972276,40.779738
19.8,2012-03-21 11:10:36 UTC,-73.948372,40.743536,-73.956303,40.745982
29.0,2011-10-01 18:22:54 UTC,-74.020636,40.766889,-74.046902,40.771614
19.0,2013-05-19 21:17:25 UTC,-73.98341,40.745662,-73.976663,40.746717
22.1,2012-09-11 18:28:58 UTC,-73.970734,40.804701,-73.96065,40.812676
19.5,2011-05-05 01:16:42 UTC,-73.964396,40.752421,-73.956941,40.750132
27.5,2011-09-02 15:01:33 UTC,-73.973617,40.820222,-73.997152,40.817104
21.9,2012-06-03 12:41:07 UTC,-73.944772,40.76056,-73.957352,40.760766
22.0,2012-04-22 03:46:29 UTC,-73.979422,40.74359,-73.974614,40.755426
28.1,2013-04-12 10:38:16 UTC,-73.95376,40.723017,-73.935905,40.705543
20.2,2011-07-06 19:23:49 UTC,-73.992927,40.706713,-73.993483,40.69762
28.3,2011-04-03 21:43:08 UTC,-73.97884,40.720257,-73.967925,40.743014
21.0,2012-02-25 09:35:36 UTC,-74.004254,40.723612,-74.014598,40.726364
17.9,2011-06-20 20:23:41 UTC,-73.961983,40.761845,-73.959911,40.757774
19.8,2013-05-21 01:54:07 UTC,-73.982409,40.734215,-73.985155,40.742164
22.8,2013-08-01 21:36:26 UTC,-73.972844,40.755608,-73.960968,40.747758
26.5,2013-06-07 02:43:12 UTC,-73.986267,40.788459,-73.991666,40.767431
24.2,2011-01-10 03:08:53 UTC,-73.968271,40.747366,-73.951501,40.750914
19.6,2012-10-28 01:50:00 UTC,-73.972051,40.812375,-73.975128,40.805067
21.0,2012-08-23 06:48:02 UTC,-73.999893,40.714726,-74.010592,40.71574
21.1,2013-09-06 19:52:29 UTC,-73.998735,40.745482,-74.009098,40.748777
18.8,2012-12-18 16:17:44 UTC,-73.980555,40.733821,-73.98678,40.735242
24.4,2011-04-26 19:52:26 UTC,-73.966809,40.778095,-73.963103,40.761005
18.7,2011-11-20 00:49:00 UTC,-73.942742,40.682806,-73.948842,40.683069
20.3,2013-12-17 12:19:51 UTC,-73.97394,40.706707,-73.982145,40.711153
23.9,2011-11-11 10:40:40 UTC,-73.959849,40.74678,-73.950951,40.732779
33.4,2011-12-20 23:44:40 UTC,-74.012257,40.796541,-74.044369,40.78135
21.4,2013-01-02 03:04:10 UTC,-73.939741,40.756775,-73.94404,40.746085
23.3,2013-04-03 18:20:34 UTC,-73.967886,40.709454,-73.981229,40.716921
26.5,2012-08-10 18:18:44 UTC,-73.980992,40.714085,-73.989678,40.694102
20.0,2012-11-30 06:46:54 UTC,-73.983294,40.80019,-73.980856,40.808487
17.8,2011-11-23 07:04:20 UTC,-74.002144,40.731366,-74.004196,40.735287
17.6,2012-04-06 03:22:41 UTC,-73.996426,40.721711,-73.999381,40.719136
25.1,2011-03-25 14:49:51 UTC,-73.941791,40.794321,-73.929896,40.779515
19.6,2011-08-09 07:40:47 UTC,-73.99978,40.780333,-73.999916,40.772368
25.5,2011-04-22 06:45:27 UTC,-74.000165,40.788222,-73.982105,40.796041
22.9,2012-04-19 03:57:14 UTC,-73.994044,40.721499,-73.986922,40.734066
22.7,2012-02-25 00:02:46 UTC,-74.003964,40.704247,-74.013631,40.693933
26.9,2011-02-09 03:33:28 UTC,-73.979694,40.753995,-73.960353,40.765414
19.3,2012-06-19 09:03:02 UTC,-73.958222,40.760054,-73.955441,40.766913
25.0,2011-10-17 16:22:52 UTC,-73.99221,40.760938,-73.973492,40.76087
19.6,2012-09-19 22:44:04 UTC,-74.007466,40.794346,-74.010127,40.786967
18.8,2013-05-12 20:40:56 UTC,-73.974163,40.697987,-73.97144,40.692173
25.0,2012-11-30 21:05:36 UTC,-73.981115,40.775791,-73.976794,40.79402
16.9,2012-11-10 06:38:37 UTC,-73.959946,40.717101,-73.961627,40.718886
24.8,2011-07-31 02:50:21 UTC,-73.98909,40.775672,-73.976371,40.788971
25.4,2013-04-23 05:50:35 UTC,-73.985203,40.735751,-73.965877,40.738167
27.3,2013-01-20 08:04:12 UTC,-73.982991,40.725581,-74.005925,40.721054
20.6,2011-11-02 04:24:47 UTC,-73.97822,40.731703,-73.970072,40.737544
27.3,2011-07-25 15:58:46 UTC,-73.987851,40.706632,-73.996796,40.72821
1.4,2012-05-18 21:20:53 UTC,-73.991093,40.751213,-74.017021,40.744772
20.9,2012-10-22 07:48:15 UTC,-74.017008,40.72682,-74.011837,40.735958
18.4,2013-07-26 09:31:58 UTC,-73.991308,40.773589,-73.986115,40.775494
23.6,2011-06-11 08:16:10 UTC,-73.965696,40.769202,-73.958894,40.754707
23.2,2011-01-10 21:56:16 UTC,-73.962995,40.800645,-73.959285,40.785926
20.6,2012-03-11 14:24:58 UTC,-73.989422,40.76099,-73.980672,40.75647
19.1,2013-07-05 04:37:48 UTC,-73.95401,40.76562,-73.960041,40.769095
20.2,2012-07-16 03:16:40 UTC,-73.980574,40.792003,-73.977941,40.800787
24.2,2013-06-13 23:01:39 UTC,-74.006757,40.73117,-73.999775,40.715461
23.1,2013-10-21 14:22:57 UTC,-74.013048,40.705352,-73.999518,40.711879
16.3,2011-06-16 16:33:58 UTC,-73.955635,40.756003,-73.955196,40.754819
16.7,2012-11-11 08:12:05 UTC,-73.98746,40.707321,-73.989598,40.707354
18.6,2011-09-19 19:51:52 UTC,-74.004281,40.823618,-74.004834,40.829504
26.2,2012-07-14 11:47:46 UTC,-74.025186,40.793665,-74.037121,40.811126
19.8,2011-04-19 22:00:16 UTC,-73.987914,40.814919,-73.980218,40.817956
25.6,2013-08-20 14:35:31 UTC,-73.971905,40.751873,-73.986478,40.738306
17.8,2013-05-13 03:17:48 UTC,-73.993954,40.766517,-73.990044,40.764646
19.9,2013-04-30 10:51:34 UTC,-74.001065,40.736216,-74.000219,40.744737
24.6,2012-05-02 13:57:32 UTC,-73.990988,40.776488,-74.006497,40.785338
23.8,2012-11-04 22:03:23 UTC,-73.955136,40.713534,-73.970076,40.720192
20.6,2013-07-13 18:05:56 UTC,-74.00786,40.673707,-74.016397,40.668607
22.7,2013-09-19 16:39:18 UTC,-73.992834,40.726279,-73.996273,40.7126
23.6,2011-07-12 04:26:15 UTC,-73.955785,40.706336,-73.94098,40.712231
21.7,2012-01-25 07:12:47 UTC,-73.970116,40.794338,-73.971224,40.782195
20.0,2012-10-20 11:15:58 UTC,-73.976417,40.80447,-73.970953,40.8114
22.9,2012-03-27 11:22:01 UTC,-73.992969,40.707912,-73.980303,40.714845
21.5,2013-11-11 18:56:36 UTC,-73.97939,40.788751,-73.968658,40.784075
16.2,2013-04-19 06:13:55 UTC,-73.990757,40.778542,-73.990827,40.777417
19.3,2012-01-10 02:49:15 UTC,-73.997188,40.702907,-74.004243,40.704893
19.6,2013-10-11 18:50:17 UTC,-74.001601,40.738292,-73.996613,40.732144
23.3,2012-05-14 15:07:59 UTC,-73.964318,40.732595,-73.971174,40.718778
24.7,2011-04-23 11:52:10 UTC,-73.981208,40.77244,-73.96306,40.772048
20.0,2011-05-20 16:05:32 UTC,-73.97371,40.713137,-73.965032,40.713787
22.5,2012-05-31 13:04:53 UTC,-73.976967,40.747034,-73.97488,40.760644
20.3,2013-06-06 00:49:47 UTC,-73.971182,40.729422,-73.966055,40.721602
21.0,2011-01-19 21:04:58 UTC,-73.985094,40.7642,-73.983312,40.774885
21.7,2012-07-12 06:03:32 UTC,-73.989633,40.743496,-73.993316,40.732026
22.8,2012-01-26 14:22:13 UTC,-73.996306,40.733943,-73.99132,40.720497
17.6,2011-08-03 18:53:28 UTC,-74.008279,40.743601,-74.010708,40.740592
26.4,2013-01-29 19:28:23 UTC,-74.002441,40.811081,-73.983074,40.801672
23.3,2011-12-04 09:40:56 UTC,-73.987308,40.737493,-73.994235,40.723907
25.7,2011-08-06 09:16:01 UTC,-74.012061,40.71877,-74.006973,40.738213
20.2,2012-06-01 04:27:40 UTC,-74.007646,40.767503,-74.015473,40.762987
27.9,2012-02-29 16:26:48 UTC,-73.959157,40.745694,-73.967089,40.768807
25.9,2013-10-15 02:09:33 UTC,-73.975516,40.707543,-73.993377,40.697596
24.4,2011-07-27 01:59:23 UTC,-73.989037,40.816945,-73.984922,40.799859
22.6,2012-08-08 05:21:25 UTC,-73.934569,40.739426,-73.939893,40.752339
22.2,2011-08-07 14:37:19 UTC,-74.012965,40.738664,-74.002131,40.731397
0.7,2012-07-06 21:19:43 UTC,-73.960488,40.754795,-73.956355,40.756184
22.5,2012-02-07 19:34:46 UTC,-73.982229,40.801904,-73.980747,40.788347
22.7,2013-03-12 21:02:05 UTC,-73.964299,40.699608,-73.978404,40.699227
23.1,2011-03-14 00:31:47 UTC,-73.977821,40.75828,-73.971972,40.744563
19.0,2013-01-14 03:58:59 UTC,-74.017445,40.812618,-74.024066,40.811879
23.2,2011-09-15 03:00:18 UTC,-73.978091,40.753862,-73.992419,40.749123
18.1,2011-09-23 20:14:58 UTC,-73.973289,40.71294,-73.968984,40.715243
22.7,2012-10-23 18:47:20 UTC,-74.02384,40.731448,-74.036423,40.737705
26.2,2013-06-09 23:21:35 UTC,-73.941119,40.756206,-73.96203,40.758617
22.5,2012-09-01 12:27:00 UTC,-73.973776,40.789924,-73.960805,40.794435
18.5,2013-05-30 12:03:06 UTC,-73.96656,40.73982,-73.972168,40.73873
24.6,2013-03-27 08:35:18 UTC,-74.003311,40.7748,-74.020755,40.770446
21.0,2011-02-15 09:31:31 UTC,-73.966188,40.706939,-73.975814,40.71164
19.3,2011-09-19 15:37:16 UTC,-73.95821,40.706688,-73.96542,40.705574
21.4,2013-04-21 17:26:53 UTC,-73.974929,40.735516,-73.963486,40.734783
24.2,2012-11-20 02:51:58 UTC,-73.980187,40.793141,-73.996817,40.797118
24.1,2012-01-02 14:03:28 UTC,-73.997872,40.752066,-74.011261,40.741734
24.3,2012-01-14 08:26:25 UTC,-73.984324,40.758694,-73.97452,40.77299
18.2,2013-07-03 23:27:16 UTC,-73.990241,40.758342,-73.994738,40.755849
16.9,2011-02-12 08:41:49 UTC,-73.96856,40.783276,-73.966281,40.784518
18.1,2011-07-31 12:39:38 UTC,-73.996998,40.731693,-74.001907,40.731248
26.2,2012-01-04 20:22:46 UTC,-73.968707,40.770649,-73.948501,40.777176
22.3,2013-12-06 00:56:45 UTC,-73.99678,40.725074,-74.009677,40.728465
17.1,2011-03-10 10:47:33 UTC,-73.985247,40.809498,-73.982426,40.808999
26.1,2011-10-23 10:49:02 UTC,-73.967679,40.725988,-73.95265,40.740476
31.8,2011-11-27 15:17:29 UTC,-73.994076,40.723528,-73.997826,40.691495
22.9,2012-09-30 18:35:58 UTC,-73.966989,40.76649,-73.974527,40.778917
21.6,2011-11-15 12:55:45 UTC,-73.96894,40.752394,-73.961269,40.761596
26.1,2012-01-22 09:37:00 UTC,-73.985419,40.759806,-73.975378,40.741447
21.8,2013-10-11 23:26:45 UTC,-73.956764,40.756819,-73.964763,40.766112
24.7,2012-11-21 13:41:16 UTC,-73.978444,40.717288,-73.963822,40.727873
18.5,2012-05-23 05:42:24 UTC,-73.957954,40.798401,-73.957442,40.804018
23.8,2011-10-22 16:59:27 UTC,-73.944131,40.776806,-73.939043,40.761215
23.8,2013-05-14 21:36:08 UTC,-73.984826,40.790768,-73.969943,40.797595
22.0,2012-07-21 20:01:57 UTC,-73.967101,40.73415,-73.959413,40.744222
18.5,2011-12-29 05:57:39 UTC,-73.992751,40.762496,-73.992754,40.756774
19.6,2012-02-24 17:59:42 UTC,-74.000656,40.755921,-74.007372,40.760332
29.3,2011-04-02 17:33:21 UTC,-73.983909,40.78384,-73.956824,40.780308
21.6,2012-05-26 10:57:56 UTC,-74.007252,40.784807,-74.015142,40.793661
17.9,2013-02-10 21:06:42 UTC,-73.998752,40.755792,-73.995571,40.752656
19.5,2013-04-01 23:03:27 UTC,-73.968171,40.704461,-73.963071,40.69866
18.4,2013-04-02 02:13:37 UTC,-73.990273,40.80339,-73.9847,40.802997
28.2,2011-05-01 00:37:37 UTC,-73.96579,40.76668,-73.94451,40.753263
255.6,2013-10-04 04:48:09 UTC,-73.974012,40.731747,-73.973536,40.730361
17.5,2013-05-09 20:49:06 UTC,-73.942977,40.762196,-73.943928,40.765817
24.5,2013-08-20 12:46:19 UTC,-73.969513,40.704667,-73.95399,40.713367
17.1,2013-03-13 03:04:00 UTC,-73.957716,40.781661,-73.959074,40.78415
24.0,2011-07-15 11:59:26 UTC,-73.971962,40.705864,-73.963202,40.691538
22.5,2011-11-08 09:22:24 UTC,-73.973772,40.743375,-73.971828,40.756898
24.2,2011-10-04 19:23:24 UTC,-73.956705,40.757334,-73.947496,40.771695
19.3,2012-06-27 22:31:04 UTC,-73.966624,40.781165,-73.95937,40.782291
19.9,2012-09-13 09:48:41 UTC,-73.975799,40.753196,-73.97983,40.745677
25.2,2011-11-10 06:15:32 UTC,-73.975887,40.769049,-73.994327,40.763733
24.1,2013-05-30 20:08:05 UTC,-73.969235,40.749155,-73.985975,40.74712
24.9,2013-10-07 12:34:38 UTC,-73.993427,40.749034,-74.011831,40.751821
17.2,2012-10-23 08:53:04 UTC,-73.994276,40.752564,-73.995188,40.749519
28.2,2011-03-28 16:11:22 UTC,-73.951492,40.744328,-73.975018,40.735744
20.8,2012-02-18 21:08:28 UTC,-73.942712,40.699403,-73.944312,40.709633
17.1,2012-10-14 13:51:46 UTC,-73.998578,40.72695,-73.99724,40.729523
22.4,2013-12-04 16:54:39 UTC,-73.99338,40.757343,-73.984818,40.74682
18.5,2012-08-19 01:36:05 UTC,-73.95715,40.742526,-73.952106,40.745439
20.2,2012-09-11 17:29:21 UTC,-73.96933,40.745326,-73.960311,40.746944
19.8,2013-01-27 00:29:16 UTC,-73.966471,40.740299,-73.962332,40.733119
21.8,2012-09-29 10:31:41 UTC,-73.962068,40.724092,-73.965303,40.736043
16.5,2012-05-13 13:57:09 UTC,-73.984815,40.735207,-73.985874,40.736556
20.0,2013-10-16 18:35:33 UTC,-73.973401,40.740795,-73.981917,40.738629
16.8,2013-10-31 13:38:54 UTC,-73.974956,40.750154,-73.972675,40.749319
23.9,2013-01-27 18:53:14 UTC,-73.99717,40.761801,-74.013012,40.766241
21.0,2012-02-16 23:07:42 UTC,-73.973698,40.744583,-73.963038,40.743862
20.4,2011-05-17 14:32:32 UTC,-73.955246,40.71911,-73.964812,40.718305
21.0,2011-01-19 02:09:39 UTC,-73.986683,40.708058,-73.985144,40.718717
22.9,2011-06-24 09:00:28 UTC,-73.976949,40.827923,-73.973734,40.813739
24.2,2013-08-03 01:50:12 UTC,-73.975866,40.716106,-73.964239,40.70359
24.9,2013-01-27 00:33:28 UTC,-73.985693,40.734441,-74.002505,40.742211
27.8,2011-08-27 12:47:48 UTC,-73.966462,40.76551,-73.969717,40.789669
20.8,2011-09-02 06:23:25 UTC,-73.993601,40.760826,-73.988103,40.769591
28.4,2011-01-17 06:12:04 UTC,-73.953347,40.765626,-73.935835,40.784268
17.8,2011-11-01 02:06:57 UTC,-73.967476,40.736718,-73.967864,40.732375
20.0,2013-03-27 06:52:00 UTC,-73.998735,40.757157,-74.004679,40.750786
26.0,2012-06-12 10:24:58 UTC,-73.94604,40.75184,-73.92577,40.756406
21.9,2012-06-24 20:42:31 UTC,-73.976638,40.740636,-73.968612,40.750173
25.1,2013-03-04 15:24:53 UTC,-73.994459,40.757362,-73.980723,40.744247
21.8,2012-10-29 08:55:55 UTC,-73.957909,40.781661,-73.970004,40.779529
18.2,2012-05-19 21:15:40 UTC,-73.970107,40.749334,-73.964895,40.749064
22.0,2012-05-13 11:50:53 UTC,-74.015439,40.749534,-74.026272,40.742745
22.7,2012-12-18 18:18:01 UTC,-73.990513,40.782045,-74.003564,40.776423
20.8,2012-03-04 14:02:10 UTC,-73.974418,40.778841,-73.968599,40.787272
19.6,2013-07-30 07:17:50 UTC,-74.023191,40.797518,-74.016673,40.802215
20.3,2012-01-19 15:01:31 UTC,-73.978299,40.697313,-73.983119,40.705298
23.0,2012-06-17 05:11:46 UTC,-73.97684,40.777154,-73.96252,40.780522
20.4,2011-07-04 07:35:14 UTC,-74.00367,40.768047,-74.00736,40.759315
18.1,2013-01-01 19:56:48 UTC,-73.974587,40.72343,-73.977287,40.727661
20.4,2012-11-15 17:01:12 UTC,-73.979851,40.757548,-73.980211,40.748027
17.6,2012-07-10 21:14:19 UTC,-74.003826,40.781534,-74.006255,40.778416
23.9,2011-08-09 09:28:02 UTC,-73.961609,40.725125,-73.948836,40.714763
21.7,2011-01-03 21:13:39 UTC,-73.963243,40.763277,-73.97366,40.757168
19.4,2011-02-28 22:03:58 UTC,-73.985795,40.776141,-73.993338,40.777045
22.0,2013-04-22 10:31:26 UTC,-73.983972,40.717869,-73.995886,40.713295
26.0,2013-06-16 16:08:27 UTC,-73.965475,40.745731,-73.94664,40.7369
21.5,2012-11-01 01:55:14 UTC,-73.984013,40.759029,-73.987258,40.770407
19.5,2013-12-07 03:07:08 UTC,-74.018618,40.726116,-74.026303,40.72492
18.6,2011-09-07 04:47:44 UTC,-73.970261,40.723625,-73.973134,40.718346
22.5,2013-03-17 19:16:34 UTC,-73.996265,40.745949,-73.987775,40.735125
25.6,2012-04-29 18:43:28 UTC,-73.987797,40.774049,-73.981159,40.755329
18.7,2012-07-24 06:27:08 UTC,-73.950843,40.769312,-73.956594,40.767092
22.8,2013-06-13 05:28:57 UTC,-73.98268,40.724158,-73.986675,40.710375
23.7,2012-02-05 15:22:30 UTC,-73.979965,40.769565,-73.99452,40.776685
16.3,2013-06-17 20:25:35 UTC,-73.969807,40.724922,-73.968419,40.725217
25.7,2012-05-04 04:52:21 UTC,-73.969893,40.701695,-73.95707,40.717279
18.7,2013-07-26 11:41:12 UTC,-73.998384,40.738986,-74.004202,40.741216
20.5,2011-09-24 21:15:07 UTC,-73.981206,40.783689,-73.974848,40.776423
25.5,2012-09-07 07:44:58 UTC,-73.979277,40.769679,-73.985098,40.750879
22.4,2012-01-21 11:09:43 UTC,-73.974559,40.749953,-73.985516,40.758018
23.0,2012-01-30 14:15:16 UTC,-73.974216,40.737499,-73.967413,40.724509
27.5,2012-05-28 17:11:50 UTC,-73.928251,40.738307,-73.904775,40.734226
24.4,2013-05-07 22:17:31 UTC,-74.003517,40.753264,-73.998083,40.770004
19.3,2012-01-19 05:56:46 UTC,-73.960398,40.717947,-73.964537,40.724057
18.2,2011-07-14 05:02:29 UTC,-73.956332,40.739557,-73.959826,40.743455
26.3,2011-03-02 00:29:44 UTC,-73.970144,40.743533,-73.951052,40.752976
20.4,2011-06-05 20:57:45 UTC,-73.993006,40.709468,-73.989937,40.718538
24.4,2013-07-11 03:06:21 UTC,-73.946707,40.724847,-73.954366,40.740656
18.7,2013-09-25 20:14:14 UTC,-74.02384,40.762315,-74.024462,40.756293
17.8,2012-01-23 22:54:05 UTC,-73.993665,40.750285,-73.991514,40.746519
20.8,2011-12-06 11:32:27 UTC,-73.956566,40.740737,-73.951874,40.731513
23.2,2012-01-27 00:36:21 UTC,-73.987402,40.722657,-73.972282,40.72233
22.0,2013-12-29 20:31:34 UTC,-73.948071,40.797305,-73.935312,40.795983
24.5,2013-04-07 23:45:49 UTC,-74.010236,40.724861,-74.008254,40.707311
18.9,2013-06-20 23:45:58 UTC,-74.002242,40.757548,-74.002657,40.751009
23.1,2012-03-30 07:12:37 UTC,-73.990633,40.735364,-73.986673,40.749755
18.9,2011-11-27 00:53:37 UTC,-73.971652,40.751088,-73.977734,40.75353
21.7,2012-11-18 19:11:42 UTC,-73.98444,40.763728,-73.97464,40.770882
16.8,2013-08-14 09:02:44 UTC,-73.989808,40.708892,-73.991843,40.707687
25.4,2013-05-08 02:30:14 UTC,-73.951592,40.749802,-73.946683,40.730931
24.2,2011-09-10 12:48:34 UTC,-73.949731,40.785722,-73.932599,40.784436
21.5,2013-10-08 10:58:20 UTC,-73.988288,40.802845,-73.98276,40.813262
21.7,2012-05-13 21:10:29 UTC,-74.014195,40.7461,-74.011888,40.734243
20.2,2012-05-22 15:52:34 UTC,-74.02315,40.75125,-74.028324,40.758721
24.2,2012-08-20 05:30:13 UTC,-73.975214,40.81634,-73.975995,40.799322
21.3,2013-07-08 17:48:31 UTC,-73.966881,40.784048,-73.978241,40.78425
19.4,2011-07-26 10:57:34 UTC,-73.97874,40.731481,-73.973408,40.736927
26.4,2012-05-29 15:04:20 UTC,-73.981418,40.73143,-74.002762,40.728309
28.9,2011-05-18 18:24:03 UTC,-73.996091,40.778696,-73.986407,40.803421
20.0,2012-01-18 18:42:01 UTC,-73.9669,40.719669,-73.959584,40.714737
18.6,2011-03-15 10:24:19 UTC,-73.946436,40.782632,-73.945454,40.776848
18.5,2013-12-07 18:22:23 UTC,-74.024338,40.760029,-74.029668,40.762074
19.4,2012-10-12 13:33:54 UTC,-73.98155,40.765532,-73.981713,40.757982
27.1,2012-06-23 04:58:04 UTC,-73.999407,40.742298,-74.017147,40.727885
22.5,2013-02-18 17:03:53 UTC,-74.009809,40.731105,-74.001571,40.720129
19.5,2011-06-19 19:37:24 UTC,-74.0026,40.79386,-74.004238,40.80144
23.4,2013-11-03 10:31:10 UTC,-73.972407,40.742598,-73.957254,40.739548
24.4,2011-07-08 17:26:54 UTC,-73.971901,40.737672,-73.967981,40.754692
18.1,2012-11-24 17:55:22 UTC,-73.950794,40.747596,-73.94848,40.743184
19.7,2011-10-04 11:04:22 UTC,-73.979824,40.755791,-73.975815,40.762896
21.1,2012-07-24 08:53:09 UTC,-74.015164,40.719075,-74.02492,40.724184
18.8,2013-07-06 18:00:06 UTC,-73.984763,40.733054,-73.989273,40.728492
20.1,2011-07-12 14:39:11 UTC,-74.007728,40.731459,-74.006398,40.722671
24.4,2012-02-10 21:49:46 UTC,-74.004136,40.775358,-74.007162,40.75804
19.6,2012-12-21 13:13:49 UTC,-73.968389,40.723421,-73.974154,40.728952
21.8,2012-03-09 15:32:54 UTC,-73.976116,40.697327,-73.97894,40.70931
23.6,2013-12-18 10:14:11 UTC,-73.968249,40.690987,-73.967807,40.675088
27.4,2012-06-15 05:02:27 UTC,-73.98715,40.705889,-73.963962,40.702184
19.3,2011-03-31 12:12:01 UTC,-73.964189,40.790846,-73.967443,40.784177
20.0,2013-03-15 16:37:01 UTC,-73.988268,40.750486,-73.995042,40.756
17.4,2013-05-25 07:42:21 UTC,-73.957666,40.765037,-73.959194,40.761751
25.6,2012-10-21 07:28:39 UTC,-73.973107,40.766095,-73.958091,40.779324
23.7,2013-09-12 16:19:51 UTC,-73.98414,40.751686,-73.968409,40.747842
27.2,2012-03-14 15:45:42 UTC,-73.975758,40.747757,-73.956267,40.735393
18.0,2012-06-02 15:44:58 UTC,-73.980357,40.781336,-73.979747,40.776648
19.3,2013-08-09 15:26:52 UTC,-73.948078,40.75438,-73.941662,40.750794
21.5,2011-03-29 08:34:50 UTC,-73.975091,40.791973,-73.985591,40.797234
18.2,2011-07-31 04:41:16 UTC,-73.980032,40.768625,-73.983567,40.76489
21.6,2012-09-22 07:14:30 UTC,-73.98477,40.731466,-73.995921,40.735867
20.2,2013-06-03 13:19:59 UTC,-73.963136,40.735086,-73.958404,40.727181
17.1,2013-08-02 16:41:29 UTC,-73.965842,40.728176,-73.965458,40.725229
19.7,2013-07-13 18:45:10 UTC,-73.985477,40.786526,-73.983215,40.778676
21.6,2013-12-30 11:57:33 UTC,-74.003113,40.737848,-74.011575,40.729382
23.3,2013-02-01 19:49:37 UTC,-73.998039,40.726046,-73.989532,40.738794
28.2,2012-12-28 09:31:51 UTC,-73.983683,40.759593,-74.007754,40.752442
17.8,2013-02-21 04:19:02 UTC,-73.953021,40.747085,-73.955542,40.743609
20.9,2012-08-06 07:43:55 UTC,-73.985004,40.758837,-73.98607,40.769283
26.4,2011-12-26 10:45:07 UTC,-73.991882,40.806694,-74.012098,40.814194
24.1,2013-05-11 23:59:09 UTC,-74.015214,40.777392,-74.011373,40.793804
18.2,2011-02-08 16:35:12 UTC,-73.949729,40.75081,-73.951462,40.755638
19.7,2011-02-05 04:25:21 UTC,-73.968619,40.707747,-73.963008,40.701743
30.0,2011-06-15 23:55:22 UTC,-73.96408,40.735001,-73.944082,40.755573
19.0,2013-02-28 01:30:54 UTC,-73.960766,40.771331,-73.95752,40.777152
20.6,2011-01-11 13:31:04 UTC,-73.983295,40.714869,-73.973568,40.713322
22.5,2011-07-11 05:09:39 UTC,-73.978308,40.814229,-73.964499,40.814804
18.3,2011-08-26 23:34:43 UTC,-73.950228,40.750432,-73.945308,40.752225
20.1,2013-12-24 22:30:30 UTC,-73.976408,40.751465,-73.985067,40.749097
26.3,2013-04-04 22:41:52 UTC,-73.968249,40.730001,-73.984651,40.716242
24.0,2011-07-03 01:08:21 UTC,-73.962589,40.764902,-73.958845,40.781169
17.6,2012-11-18 17:50:11 UTC,-73.967141,40.71526,-73.971144,40.715042
22.1,2013-07-24 16:14:41 UTC,-73.982563,40.814947,-73.969727,40.816782
26.3,2013-04-10 22:38:12 UTC,-73.980678,40.789521,-73.985429,40.810302
19.0,2013-04-28 08:39:19 UTC,-73.964447,40.779529,-73.96459,40.772696
22.3,2013-09-07 17:12:15 UTC,-73.96448,40.708287,-73.97607,40.714842
20.0,2011-07-20 11:43:37 UTC,-73.956635,40.756162,-73.960074,40.748239
20.6,2012-03-19 06:56:34 UTC,-73.968978,40.786273,-73.978406,40.789483
20.0,2011-02-17 17:15:54 UTC,-73.968068,40.767793,-73.976583,40.769808
19.6,2011-07-06 07:12:44 UTC,-73.988925,40.719937,-73.989453,40.727843
22.4,2013-04-28 16:36:05 UTC,-73.991623,40.730497,-73.997692,40.742579
29.1,2013-09-05 12:56:59 UTC,-73.964387,40.736442,-73.938095,40.730647
23.9,2011-09-27 21:03:59 UTC,-73.991484,40.731897,-73.983125,40.746064
24.8,2013-04-24 05:37:55 UTC,-73.980414,40.795863,-73.969568,40.810738
17.0,2011-08-08 20:29:02 UTC,-73.95242,40.69237,-73.953528,40.68987
16.2,2013-01-27 01:15:21 UTC,-73.955589,40.769678,-73.954531,40.769612
18.9,2012-08-30 05:07:54 UTC,-73.973964,40.711231,-73.97826,40.706287
28.8,2011-03-13 05:13:31 UTC,-73.985923,40.721162,-73.959679,40.718108
21.7,2013-06-24 02:58:11 UTC,-73.982468,40.689708,-73.983556,40.677673
20.6,2013-04-06 04:51:24 UTC,-73.962647,40.733528,-73.968684,40.741304
26.6,2011-10-14 20:57:19 UTC,-73.98073,40.795322,-73.98827,40.774819
19.5,2012-01-18 21:03:12 UTC,-73.991166,40.757945,-73.987812,40.750974
22.7,2012-09-30 09:49:48 UTC,-73.955685,40.714049,-73.941474,40.713588
24.1,2011-10-03 19:12:16 UTC,-73.976368,40.780514,-73.965498,40.793512
20.3,2013-07-20 00:00:14 UTC,-73.991545,40.786939,-73.999108,40.781487
20.1,2013-12-17 07:49:26 UTC,-73.970421,40.753121,-73.978231,40.7574
21.9,2011-04-19 22:45:07 UTC,-73.960576,40.811042,-73.948113,40.810233
27.2,2011-11-11 14:58:12 UTC,-74.000153,40.774647,-73.97914,40.784098
17.6,2011-06-05 15:54:01 UTC,-73.984009,40.77048,-73.985459,40.774235
23.0,2013-01-27 17:16:29 UTC,-73.984934,40.725899,-73.972867,40.734201
23.5,2013-05-20 12:31:49 UTC,-73.970954,40.768822,-73.985615,40.763316
22.2,2011-08-26 17:12:42 UTC,-73.96736,40.756504,-73.975795,40.746363
21.0,2012-08-28 20:47:54 UTC,-73.991029,40.765595,-74.001125,40.769266
18.8,2013-04-28 07:18:51 UTC,-74.009855,40.729462,-74.005733,40.724585
16.5,2011-05-23 08:51:09 UTC,-73.959364,40.753843,-73.961154,40.754146
17.6,2012-04-23 20:22:51 UTC,-74.002399,40.725494,-74.000018,40.728667
0.3,2013-07-14 00:56:51 UTC,-73.974576,40.685586,-73.962385,40.698005
20.7,2012-10-10 21:46:00 UTC,-73.98264,40.779949,-73.989171,40.787815
19.1,2013-12-03 02:10:33 UTC,-73.976751,40.704928,-73.975811,40.698118
24.4,2011-05-20 00:44:13 UTC,-73.946975,40.753216,-73.960355,40.741765
26.0,2013-10-13 07:07:26 UTC,-73.919234,40.75999,-73.907597,40.777064
25.3,2011-04-17 07:41:50 UTC,-74.012669,40.759797,-74.001705,40.74397
18.5,2011-05-19 06:42:30 UTC,-73.960322,40.741508,-73.956703,40.736983
18.9,2011-09-30 00:31:57 UTC,-73.983125,40.758136,-73.981926,40.764589
24.2,2013-01-02 20:20:39 UTC,-73.959043,40.764129,-73.964134,40.780517
22.7,2012-01-25 21:49:37 UTC,-73.960855,40.772049,-73.97481,40.770152
17.2,2012-05-07 18:53:07 UTC,-73.951805,40.802003,-73.94875,40.802277
21.4,2011-08-15 18:10:23 UTC,-73.974301,40.757026,-73.966739,40.748276
25.7,2013-03-27 20:50:01 UTC,-73.997792,40.751921,-73.977598,40.753188
21.7,2013-12-22 07:18:38 UTC,-73.961447,40.722798,-73.965383,40.711297
19.6,2012-10-29 16:05:18 UTC,-73.97764,40.763078,-73.974938,40.755576
22.4,2011-07-03 05:27:01 UTC,-73.984677,40.770021,-73.973533,40.77766
21.8,2011-10-20 18:51:03 UTC,-73.989524,40.744231,-73.978079,40.739895
21.2,2011-06-26 10:35:57 UTC,-73.959873,40.766338,-73.966098,40.775511
17.2,2011-11-04 16:40:35 UTC,-73.947933,40.741225,-73.950724,40.739689
23.0,2012-11-30 13:18:57 UTC,-74.003907,40.77013,-74.009159,40.756441
23.0,2011-09-09 02:45:39 UTC,-73.967561,40.777378,-73.976579,40.789062
25.5,2013-03-06 00:41:17 UTC,-73.987448,40.776959,-73.972731,40.763806
18.7,2013-03-26 07:32:11 UTC,-74.009345,40.753535,-74.008718,40.747517
16.7,2013-08-25 23:15:49 UTC,-73.977046,40.718801,-73.977788,40.716804
20.8,2013-06-18 05:43:26 UTC,-73.996663,40.731643,-73.994186,40.741701
18.3,2011-05-17 14:15:55 UTC,-74.011555,40.767855,-74.011017,40.76259
20.4,2012-04-16 22:13:44 UTC,-73.995635,40.823464,-73.997845,40.814197
19.5,2012-06-20 01:02:57 UTC,-74.000555,40.739778,-74.008171,40.741405
23.5,2013-07-08 21:41:08 UTC,-73.992934,40.763675,-73.977281,40.761535
19.3,2013-07-04 07:09:18 UTC,-74.006518,40.733318,-74.01222,40.728645
20.4,2011-06-01 04:02:57 UTC,-73.987903,40.720781,-73.997208,40.722946
21.7,2012-04-08 16:14:34 UTC,-73.994265,40.729711,-73.995071,40.717675
29.4,2012-04-04 08:52:43 UTC,-73.972488,40.687526,-73.950913,40.670307
27.1,2011-06-11 22:30:49 UTC,-73.968129,40.790603,-73.976345,40.81199
19.2,2013-05-01 11:22:03 UTC,-73.974797,40.683096,-73.967701,40.684138
17.1,2011-03-28 15:54:47 UTC,-73.984709,40.742085,-73.987172,40.743827
19.7,2011-05-09 21:24:01 UTC,-73.985249,40.714656,-73.9828,40.706836
22.1,2012-10-31 02:57:20 UTC,-73.996741,40.723469,-73.98752,40.732446
24.6,2013-09-11 19:48:51 UTC,-73.99626,40.791296,-74.013457,40.785961
30.3,2012-03-21 00:51:37 UTC,-73.965928,40.756032,-73.974891,40.728171
21.0,2011-09-07 13:51:14 UTC,-74.015194,40.721038,-74.006114,40.715368
17.1,2013-11-14 20:23:56 UTC,-73.981614,40.732314,-73.98064,40.7295
17.0,2013-06-08 04:05:48 UTC,-73.986471,40.727036,-73.984352,40.725335
19.3,2013-05-24 15:43:46 UTC,-73.968017,40.748694,-73.960904,40.746704
21.1,2012-04-15 03:26:17 UTC,-74.0085,40.755187,-74.017396,40.748738
22.1,2012-10-22 02:21:39 UTC,-73.97975,40.806867,-73.9692,40.799452
20.0,2011-07-11 02:39:49 UTC,-73.97314,40.692511,-73.964942,40.689531
23.9,2011-05-18 19:48:07 UTC,-74.018095,40.748956,-74.015711,40.732501
25.7,2012-05-17 10:04:57 UTC,-74.001487,40.740533,-73.996805,40.720957
21.5,2011-11-07 04:55:58 UTC,-73.981836,40.778396,-73.970186,40.779377
18.7,2013-05-19 04:08:58 UTC,-73.969717,40.760645,-73.975655,40.761792
21.1,2013-01-21 01:00:39 UTC,-73.97635,40.767711,-73.969736,40.776505
24.4,2013-03-29 10:27:43 UTC,-73.968791,40.760353,-73.951347,40.757797
22.4,2013-04-23 06:25:12 UTC,-74.001587,40.72204,-73.995181,40.710104
25.4,2013-06-09 07:53:27 UTC,-74.011775,40.786338,-74.013999,40.766941
28.0,2012-08-28 08:38:30 UTC,-73.97831,40.773955,-73.955128,40.765053
18.0,2012-11-28 20:55:46 UTC,-74.004587,40.777466,-74.002279,40.781691
25.7,2012-11-04 22:30:51 UTC,-73.997306,40.787922,-73.983321,40.802336
17.8,2013-05-06 11:00:54 UTC,-73.961354,40.76253,-73.96557,40.763071
23.7,2011-10-05 07:36:46 UTC,-73.976218,40.79443,-73.96554,40.782294
20.8,2012-01-20 00:56:41 UTC,-73.991363,40.761329,-73.996827,40.75253
20.2,2012-11-24 09:20:14 UTC,-73.993961,40.743428,-73.990727,40.734941
19.3,2011-01-22 05:34:44 UTC,-73.967582,40.749802,-73.973649,40.745742
26.7,2011-01-08 14:16:16 UTC,-73.975761,40.749285,-73.956749,40.760494
21.7,2012-08-24 12:16:37 UTC,-74.004291,40.734418,-74.006502,40.746407
21.2,2013-04-28 15:13:44 UTC,-74.018956,40.798957,-74.030036,40.797234
16.7,2013-02-12 02:45:13 UTC,-73.942364,40.758889,-73.941413,40.76072
20.4,2011-03-13 14:53:26 UTC,-74.00445,40.752842,-73.999079,40.744867
24.2,2011-09-26 16:30:52 UTC,-73.969446,40.761648,-73.969712,40.744549
25.5,2013-10-12 02:59:05 UTC,-73.949786,40.839396,-73.957919,40.857279
28.4,2013-09-08 16:22:24 UTC,-73.977048,40.716048,-73.966675,40.692823
26.8,2011-01-26 14:04:25 UTC,-73.992009,40.724649,-73.979417,40.70629
27.8,2012-01-25 05:58:49 UTC,-74.008521,40.708583,-74.025001,40.726547
20.0,2011-05-26 03:16:56 UTC,-74.0088,40.743022,-74.01757,40.743188
21.3,2012-06-09 13:12:06 UTC,-73.972466,40.757366,-73.97406,40.746106
20.0,2012-01-19 11:54:14 UTC,-73.95098,40.73604,-73.95629,40.742867
20.3,2011-01-19 10:46:43 UTC,-73.987909,40.733808,-73.98265,40.741539
27.0,2012-02-23 16:34:18 UTC,-73.991114,40.754272,-73.97272,40.740945
18.9,2011-05-02 15:43:39 UTC,-73.96605,40.734937,-73.96986,40.729608
24.7,2012-01-16 16:06:42 UTC,-73.993719,40.759305,-73.977952,40.768068
24.0,2013-12-09 00:34:31 UTC,-73.97451,40.783427,-73.989194,40.775258
18.3,2013-04-05 13:36:47 UTC,-73.979164,40.770311,-73.974606,40.773133
23.4,2012-04-07 14:03:39 UTC,-73.988189,40.77643,-73.994136,40.790679
27.8,2011-07-06 15:27:15 UTC,-73.980311,40.782578,-73.975537,40.758653
24.6,2012-03-04 12:01:30 UTC,-73.944737,40.758485,-73.962305,40.755072
22.2,2013-02-09 21:07:23 UTC,-73.967909,40.745241,-73.980763,40.747857
24.9,2011-06-20 08:38:44 UTC,-73.95815,40.726832,-73.953397,40.708912
19.7,2013-08-19 07:06:55 UTC,-73.998374,40.738265,-74.004674,40.732969
21.1,2013-05-25 18:38:41 UTC,-73.958081,40.734289,-73.961312,40.744734
25.5,2013-09-02 02:29:09 UTC,-73.96722,40.77195,-73.948857,40.764907
23.1,2012-10-19 17:04:52 UTC,-74.009992,40.760403,-74.008616,40.74556
22.9,2013-01-02 06:59:33 UTC,-73.969204,40.770903,-73.960189,40.782211
20.0,2011-06-20 12:22:04 UTC,-73.990265,40.71519,-73.997858,40.719635
22.3,2011-12-16 05:55:57 UTC,-74.010916,40.792952,-74.024328,40.792264
16.3,2012-05-08 11:03:28 UTC,-73.977404,40.737191,-73.978212,40.736207
24.7,2013-07-07 05:31:41 UTC,-73.969219,40.717,-73.984124,40.727282
19.4,2012-08-30 08:36:09 UTC,-73.976968,40.736823,-73.983954,40.739769
19.1,2013-10-26 15:55:58 UTC,-73.982183,40.824513,-73.979805,40.830969
19.1,2012-03-22 02:41:10 UTC,-73.986612,40.738368,-73.987724,40.731443
25.4,2013-03-21 16:31:03 UTC,-73.930668,40.740247,-73.927323,40.721074
20.0,2013-08-16 03:16:40 UTC,-74.003651,40.744237,-73.997648,40.750456
23.8,2013-09-05 04:31:21 UTC,-73.962542,40.745541,-73.974499,40.756551
20.5,2012-03-29 02:21:00 UTC,-73.979692,40.726556,-73.989111,40.72431
27.4,2011-05-30 15:54:10 UTC,-73.997089,40.754296,-74.018875,40.763174
18.1,2013-08-30 09:02:08 UTC,-73.980968,40.782268,-73.984673,40.778916
19.3,2011-03-17 22:13:32 UTC,-74.007859,40.759429,-74.000491,40.758522
27.1,2011-04-23 08:08:22 UTC,-73.99191,40.716665,-73.976997,40.734189
17.4,2012-12-14 18:46:04 UTC,-73.980939,40.73967,-73.979034,40.736754
22.7,2013-12-06 19:22:29 UTC,-74.011022,40.733454,-73.99729,40.729948
25.2,2011-10-08 01:44:55 UTC,-73.969872,40.751588,-73.966034,40.732888
19.1,2012-01-03 14:24:09 UTC,-73.999275,40.789914,-73.998201,40.796814
20.3,2012-12-18 09:56:45 UTC,-74.009034,40.745534,-74.015147,40.738435
27.6,2012-08-28 22:40:24 UTC,-74.001608,40.747355,-74.02546,40.748828
21.9,2011-04-26 15:33:09 UTC,-73.936481,40.803329,-73.924249,40.800179
17.9,2011-04-09 10:10:20 UTC,-74.019561,40.776286,-74.020094,40.771828
22.6,2012-02-09 21:44:06 UTC,-73.971278,40.767222,-73.957395,40.766045
20.4,2012-05-17 16:01:11 UTC,-73.995033,40.808744,-74.004529,40.808335
29.1,2011-05-01 09:17:53 UTC,-73.987003,40.764694,-73.962714,40.776455
23.3,2013-10-15 10:15:48 UTC,-73.967921,40.690404,-73.970409,40.705606
20.4,2012-04-27 20:58:25 UTC,-73.968904,40.77498,-73.975826,40.781487
22.1,2012-10-17 05:56:43 UTC,-73.993614,40.70224,-73.995759,40.714955
20.0,2012-05-05 14:46:47 UTC,-74.007156,40.76356,-74.005452,40.772102
18.1,2011-10-25 11:59:12 UTC,-73.967557,40.698588,-73.968256,40.703534
23.4,2013-09-25 21:01:25 UTC,-73.968952,40.735994,-73.974106,40.750546
26.8,2013-04-06 14:07:06 UTC,-73.985699,40.739086,-74.003734,40.726002
20.9,2012-12-03 14:54:45 UTC,-73.971161,40.726896,-73.979204,40.720052
22.4,2012-07-28 07:59:11 UTC,-73.988917,40.739534,-73.978172,40.731325
20.3,2011-05-21 10:16:16 UTC,-73.996541,40.780977,-74.005338,40.777963
24.9,2012-01-11 03:20:07 UTC,-73.979921,40.728581,-73.99709,40.73544
23.3,2011-03-31 15:35:27 UTC,-73.969619,40.766354,-73.980174,40.755203
18.2,2012-09-21 14:11:36 UTC,-73.973815,40.721031,-73.974701,40.726059
20.4,2013-07-14 22:15:13 UTC,-73.969817,40.744315,-73.977409,40.738444
17.9,2013-08-27 06:44:51 UTC,-73.995212,40.759715,-73.99801,40.756245
19.7,2013-03-07 02:14:35 UTC,-73.948362,40.720104,-73.956347,40.722108
25.4,2012-04-05 09:20:36 UTC,-73.986848,40.710648,-73.97675,40.727461
20.0,2011-01-27 22:51:28 UTC,-73.982378,40.764756,-73.97747,40.757633
26.7,2011-10-08 05:35:01 UTC,-74.006373,40.783692,-73.984194,40.782891
21.4,2013-07-06 15:17:04 UTC,-73.983877,40.747628,-73.987694,40.736846
19.5,2013-08-07 03:29:44 UTC,-73.969355,40.736281,-73.972204,40.729061
23.7,2012-04-15 01:12:42 UTC,-73.96475,40.75467,-73.952915,40.743797
17.9,2013-04-09 21:28:35 UTC,-73.948761,40.751664,-73.944851,40.754112
20.8,2012-06-17 19:51:46 UTC,-73.969595,40.757287,-73.97901,40.76154
20.1,2013-07-20 08:38:50 UTC,-73.974462,40.674153,-73.968898,40.681023
19.9,2012-08-04 19:46:14 UTC,-73.988926,40.717927,-73.984961,40.71039
25.0,2012-03-16 19:08:31 UTC,-73.993235,40.724643,-74.011173,40.729723
18.9,2012-01-23 17:17:04 UTC,-73.960595,40.754526,-73.967108,40.755657
16.6,2013-07-04 22:10:36 UTC,-73.960979,40.755576,-73.959075,40.754999
25.2,2011-10-05 03:28:43 UTC,-74.00154,40.769085,-73.987077,40.756671
19.2,2012-08-11 09:08:41 UTC,-73.965538,40.757727,-73.958558,40.75926
18.6,2011-05-15 03:18:41 UTC,-73.966992,40.710978,-73.972633,40.712828
19.2,2012-04-22 02:56:20 UTC,-74.002276,40.79341,-74.009358,40.794427
20.1,2012-02-19 18:30:52 UTC,-73.969191,40.788158,-73.961214,40.792158
28.3,2011-10-15 01:58:51 UTC,-74.000991,40.712254,-74.025254,40.7192
22.4,2011-05-10 01:59:23 UTC,-74.028586,40.759981,-74.036662,40.749001
22.8,2011-05-24 15:45:38 UTC,-73.983202,40.732137,-73.969109,40.72997
18.6,2011-09-02 10:23:00 UTC,-73.974844,40.754166,-73.971876,40.759324
19.7,2013-06-25 22:20:03 UTC,-73.982301,40.781599,-73.989888,40.778915
23.3,2011-11-02 11:30:16 UTC,-73.922658,40.813903,-73.934679,40.823497
19.9,2013-09-18 00:46:27 UTC,-73.972423,40.772538,-73.964026,40.77344
25.4,2012-09-09 06:01:41 UTC,-73.977057,40.758848,-73.976279,40.739299
20.0,2012-06-14 10:39:49 UTC,-73.971408,40.739805,-73.973595,40.7482
17.6,2012-05-07 02:11:02 UTC,-73.988826,40.755464,-73.985087,40.754293
24.5,2012-05-04 16:53:01 UTC,-73.96141,40.790793,-73.959764,40.773096
17.0,2012-10-17 01:59:53 UTC,-73.97278,40.748659,-73.971901,40.746136
24.8,2011-01-30 19:37:27 UTC,-73.973697,40.723417,-73.986938,40.710733
22.0,2013-02-16 09:39:32 UTC,-73.992482,40.701409,-74.002747,40.708941
19.4,2013-04-24 23:40:53 UTC,-74.011287,40.765391,-74.003804,40.765033
21.0,2012-07-07 14:36:53 UTC,-73.990028,40.757419,-73.984436,40.748181
20.1,2011-07-04 19:49:42 UTC,-73.974347,40.730623,-73.970526,40.738731
19.4,2011-12-02 01:31:25 UTC,-73.988894,40.78078,-73.994759,40.785366
19.6,2011-01-12 07:08:11 UTC,-73.974165,40.737347,-73.966514,40.734989
22.1,2011-07-20 09:31:56 UTC,-73.984647,40.745961,-73.988355,40.733505
23.4,2013-02-26 06:59:01 UTC,-73.971388,40.7495,-73.958373,40.741075
21.3,2011-11-17 18:59:35 UTC,-73.999536,40.739471,-74.007005,40.730897
285.6,2013-07-11 01:30:56 UTC,-73.976142,40.757076,-73.981395,40.764541
24.1,2012-06-10 11:36:27 UTC,-73.992819,40.784545,-73.994334,40.767736
19.9,2011-05-05 06:23:20 UTC,-74.010766,40.715726,-74.002293,40.715253
16.9,2012-09-13 13:36:17 UTC,-73.983303,40.764656,-73.983654,40.762153
20.8,2012-11-04 11:21:55 UTC,-73.949274,40.755165,-73.948897,40.76552
17.9,2011-02-05 12:35:21 UTC,-74.009172,40.754613,-74.013087,40.75694
18.6,2011-07-25 15:35:55 UTC,-73.977612,40.776155,-73.974931,40.781507
18.3,2012-12-29 00:44:35 UTC,-73.964048,40.751479,-73.964756,40.746225
22.9,2011-05-28 17:37:02 UTC,-73.933999,40.764407,-73.941842,40.752097
17.4,2012-10-24 12:58:15 UTC,-73.989859,40.771476,-73.988586,40.768221
19.6,2012-11-29 04:03:20 UTC,-73.99264,40.734869,-73.991132,40.742641
28.0,2012-12-10 11:15:16 UTC,-74.003334,40.758976,-73.979836,40.766724
19.4,2013-10-01 22:13:06 UTC,-73.95719,40.742476,-73.9633,40.73817
21.6,2012-11-11 21:46:43 UTC,-73.997348,40.74602,-74.005742,40.737412
21.1,2012-09-01 04:44:26 UTC,-73.987412,40.740338,-73.984622,40.729771
20.6,2012-01-07 22:39:58 UTC,-74.016979,40.764132,-74.026907,40.762766
21.0,2011-07-25 14:42:32 UTC,-73.962321,40.752449,-73.973051,40.753815
25.9,2013-02-23 18:45:53 UTC,-73.956835,40.761836,-73.971204,40.776568
19.6,2011-07-09 22:31:39 UTC,-73.963084,40.749474,-73.97083,40.750708
20.5,2011-09-08 19:34:04 UTC,-74.012107,40.701876,-74.019605,40.708014
23.1,2011-11-22 21:01:44 UTC,-73.967857,40.750941,-73.98069,40.743136
16.9,2013-04-16 07:54:00 UTC,-74.013453,40.751906,-74.015956,40.752323
27.5,2013-07-28 22:31:10 UTC,-73.978839,40.757278,-74.002499,40.758679
18.2,2012-07-19 23:10:28 UTC,-73.975898,40.732188,-73.970981,40.730783
18.4,2011-02-23 15:34:19 UTC,-73.973796,40.714136,-73.979364,40.713918
17.8,2011-07-12 20:46:00 UTC,-73.969307,40.768738,-73.973405,40.77
19.4,2012-12-06 19:05:07 UTC,-73.980161,40.741792,-73.974292,40.746602
21.8,2011-01-29 15:50:32 UTC,-74.019249,40.755137,-74.015531,40.766829
27.4,2011-05-11 02:04:26 UTC,-73.969298,40.741556,-73.975597,40.718901
21.6,2011-07-31 12:19:08 UTC,-73.978048,40.749818,-73.97353,40.760956
27.2,2011-08-31 21:18:37 UTC,-73.998052,40.736521,-73.982563,40.719413
20.9,2013-09-13 12:42:12 UTC,-74.011388,40.720957,-74.02151,40.724045
28.0,2011-07-07 21:27:51 UTC,-73.9492,40.764212,-73.941662,40.787768
21.2,2011-04-21 20:44:21 UTC,-73.955374,40.731906,-73.966505,40.731481
21.6,2013-12-02 18:07:51 UTC,-73.965881,40.754919,-73.954127,40.756719
19.5,2013-05-07 15:50:25 UTC,-73.993526,40.762314,-74.000645,40.759211
20.7,2011-10-26 12:27:08 UTC,-74.03034,40.732396,-74.037841,40.739068
21.7,2013-11-09 23:18:47 UTC,-73.964706,40.713883,-73.953214,40.717506
20.6,2012-03-10 11:14:30 UTC,-73.972666,40.822783,-73.965451,40.816022
19.1,2012-03-14 13:10:25 UTC,-73.987493,40.734167,-73.994284,40.733023
21.3,2013-12-01 10:37:33 UTC,-73.957504,40.768703,-73.95623,40.757518
19.2,2012-03-02 18:05:45 UTC,-73.96304,40.808184,-73.97014,40.806994
23.9,2013-01-11 16:41:27 UTC,-73.976478,40.773697,-73.992405,40.769504
16.8,2011-11-24 19:53:46 UTC,-73.979299,40.740987,-73.977406,40.742352
19.6,2012-01-11 06:10:38 UTC,-73.978981,40.747987,-73.982545,40.740887
20.5,2012-10-13 10:50:52 UTC,-73.966401,40.725022,-73.97586,40.722877
22.2,2011-02-15 20:23:15 UTC,-73.99715,40.776451,-73.984102,40.776539
20.2,2012-08-23 21:53:56 UTC,-73.97148,40.766988,-73.980601,40.767772
17.2,2011-04-26 21:03:10 UTC,-73.998412,40.734567,-73.996972,40.73731
21.1,2011-11-01 06:45:57 UTC,-73.953269,40.718735,-73.94247,40.716993
19.8,2012-06-06 21:40:22 UTC,-73.969357,40.710363,-73.971918,40.702496
19.3,2012-03-04 22:49:27 UTC,-73.993765,40.779595,-74.001106,40.780416
17.4,2013-01-16 14:56:25 UTC,-73.978388,40.753611,-73.975411,40.751823
21.2,2013-07-09 21:28:18 UTC,-73.997076,40.75645,-73.992519,40.766696
22.9,2013-05-14 03:13:13 UTC,-73.949918,40.725312,-73.941152,40.736819
27.2,2013-03-08 16:02:15 UTC,-73.947542,40.706095,-73.92883,40.692374
19.5,2012-05-14 12:14:45 UTC,-73.966076,40.778878,-73.970648,40.78505
19.8,2013-08-04 05:41:58 UTC,-73.948867,40.751261,-73.946908,40.759439
24.9,2012-07-29 21:51:57 UTC,-73.976964,40.777217,-73.989656,40.763759
20.0,2012-02-26 22:24:41 UTC,-73.96473,40.738422,-73.958066,40.744217
20.2,2013-10-05 08:09:09 UTC,-73.955506,40.742895,-73.953668,40.751855
20.5,2012-01-26 15:49:37 UTC,-73.980115,40.771399,-73.981902,40.761902
1.2,2013-03-30 00:00:43 UTC,-73.978578,40.77197,-73.984759,40.769607
17.6,2013-08-06 01:03:16 UTC,-73.961327,40.773927,-73.964811,40.77579
18.7,2012-10-05 10:53:25 UTC,-73.96707,40.741144,-73.964707,40.746849
22.5,2011-03-12 17:08:34 UTC,-73.995109,40.768436,-74.004771,40.758552
21.6,2013-07-08 18:35:49 UTC,-74.023737,40.783273,-74.026808,40.794843
25.8,2013-01-25 10:26:31 UTC,-73.983511,40.746857,-73.983344,40.726563
25.8,2012-01-12 17:27:59 UTC,-74.021938,40.734595,-74.037334,40.747833
21.6,2012-06-11 02:46:58 UTC,-73.99982,40.790282,-74.010333,40.795785
20.2,2013-11-20 03:36:16 UTC,-73.997486,40.730367,-74.004086,40.724149
24.6,2011-10-31 13:25:47 UTC,-73.991373,40.768884,-73.975691,40.777528
22.3,2013-11-28 08:03:29 UTC,-73.963591,40.748247,-73.971898,40.737769
16.3,2013-12-25 11:11:29 UTC,-73.959246,40.694753,-73.959804,40.695902
21.0,2012-11-23 06:00:57 UTC,-73.969825,40.783858,-73.980231,40.786243
19.7,2012-08-21 12:05:05 UTC,-73.96735,40.667264,-73.975114,40.669626
24.0,2013-12-03 07:23:21 UTC,-73.966878,40.690476,-73.981288,40.682079
19.8,2011-01-19 04:17:30 UTC,-74.029937,40.76582,-74.023234,40.760859
22.3,2011-02-02 09:36:11 UTC,-73.979796,40.765812,-73.993052,40.76708
21.4,2013-05-11 06:08:53 UTC,-74.015929,40.730873,-74.006859,40.723605
18.3,2012-02-09 11:54:28 UTC,-73.969817,40.754435,-73.965138,40.757149
18.7,2013-01-16 20:14:01 UTC,-74.021862,40.674057,-74.022616,40.667916
22.5,2011-06-21 21:17:02 UTC,-73.983609,40.771209,-73.974209,40.781209
33.0,2012-02-26 04:57:32 UTC,-73.969045,40.757492,-73.938013,40.773119
18.4,2011-12-30 10:03:58 UTC,-74.002355,40.748631,-73.99758,40.745656
22.9,2012-12-22 03:48:33 UTC,-73.960766,40.750625,-73.971966,40.759828
23.2,2012-08-27 23:21:01 UTC,-73.969868,40.764798,-73.954977,40.762675
1.5,2012-01-18 05:41:24 UTC,-73.972384,40.749133,-73.970522,40.739769
26.4,2012-05-17 20:54:58 UTC,-73.96604,40.693778,-73.944929,40.689521
18.2,2011-05-24 13:38:27 UTC,-73.987184,40.81589,-73.992245,40.816746
26.6,2011-08-12 18:54:48 UTC,-73.976962,40.786024,-73.964142,40.768154
18.8,2011-09-22 12:21:31 UTC,-73.979799,40.711452,-73.979801,40.717708
28.9,2012-12-27 04:41:52 UTC,-73.980251,40.739646,-73.953684,40.740506
20.8,2012-04-24 09:58:38 UTC,-73.993441,40.742919,-73.996257,40.752924
30.9,2013-06-08 14:06:28 UTC,-74.004851,40.782365,-73.974834,40.788447
17.9,2011-05-03 14:02:18 UTC,-73.986737,40.685222,-73.982339,40.686421
20.2,2013-02-16 14:34:05 UTC,-73.987839,40.73503,-73.979369,40.731471
27.0,2012-09-14 05:12:28 UTC,-73.994735,40.697181,-73.977731,40.71241
27.2,2013-12-26 07:07:54 UTC,-73.962959,40.741447,-73.970836,40.763146
20.8,2011-05-02 19:46:03 UTC,-74.003444,40.735825,-73.993753,40.732433
21.0,2012-08-19 02:44:07 UTC,-73.98343,40.752391,-73.986358,40.762814
19.2,2013-11-05 12:02:47 UTC,-73.956673,40.731854,-73.955162,40.724786
18.6,2011-01-09 13:12:52 UTC,-73.961817,40.727469,-73.960987,40.721592
19.1,2013-10-13 06:14:06 UTC,-73.955674,40.76859,-73.94995,40.764727
20.0,2011-08-14 08:21:23 UTC,-73.991816,40.76364,-73.986514,40.770487
21.7,2011-04-23 04:43:00 UTC,-73.964314,40.766542,-73.970066,40.755793
23.4,2011-09-23 10:15:45 UTC,-74.001259,40.744693,-74.000011,40.760193
28.2,2013-08-09 16:24:49 UTC,-73.985517,40.732848,-74.008861,40.742227
21.6,2011-01-12 16:59:25 UTC,-73.983635,40.746434,-73.973733,40.75305
24.2,2013-07-25 03:56:22 UTC,-73.991517,40.765035,-73.974577,40.762097
19.9,2011-06-20 05:46:04 UTC,-73.987236,40.684697,-73.98533,40.692991
32.3,2013-11-14 17:12:42 UTC,-73.989868,40.761823,-74.005928,40.73265
20.0,2012-10-19 18:55:26 UTC,-73.999648,40.759274,-73.992218,40.763683
19.5,2011-04-21 08:39:31 UTC,-73.962872,40.751865,-73.970509,40.753466
25.1,2012-04-12 00:03:45 UTC,-73.983649,40.745521,-73.981826,40.726658
19.6,2013-09-20 15:02:25 UTC,-73.975971,40.673016,-73.969116,40.677079
19.7,2013-06-22 05:15:23 UTC,-73.976724,40.736804,-73.97126,40.742713
26.4,2012-08-28 12:12:04 UTC,-73.978905,40.803683,-73.968097,40.785146
21.6,2011-05-28 21:17:46 UTC,-73.978144,40.750387,-73.97668,40.738519
26.0,2013-04-29 01:09:54 UTC,-73.986108,40.740781,-73.984375,40.761425
19.4,2013-03-23 17:46:11 UTC,-73.951632,40.750507,-73.944264,40.748644
20.5,2012-05-09 12:49:46 UTC,-73.964785,40.760643,-73.965499,40.770399
22.2,2011-02-04 06:52:25 UTC,-73.979632,40.769765,-73.986511,40.781033
18.6,2013-01-19 13:53:44 UTC,-73.988941,40.743134,-73.984421,40.747073
23.2,2011-08-21 00:50:42 UTC,-73.982376,40.762748,-73.993665,40.77292
26.2,2013-06-05 21:22:55 UTC,-73.971648,40.8003,-73.972456,40.779171
22.6,2011-03-17 22:27:27 UTC,-73.950001,40.780188,-73.963779,40.777882
31.3,2012-11-29 00:18:27 UTC,-74.007461,40.820209,-74.013009,40.789403
24.7,2013-06-09 19:48:36 UTC,-73.966805,40.730297,-73.971938,40.712836
21.3,2012-02-14 02:33:34 UTC,-73.957466,40.800286,-73.967308,40.794826
22.1,2012-08-14 05:12:22 UTC,-74.009734,40.72628,-73.998729,40.719626
20.7,2013-10-16 21:21:15 UTC,-73.983623,40.760607,-73.973443,40.761021
22.2,2012-06-23 15:34:59 UTC,-74.00129,40.771974,-73.98815,40.771768
16.8,2012-11-15 13:07:43 UTC,-73.971389,40.734677,-73.973268,40.736014
18.0,2011-08-02 20:25:39 UTC,-73.987167,40.752639,-73.991503,40.754386
20.0,2011-03-26 08:00:05 UTC,-73.982603,40.777314,-73.974567,40.780643
20.5,2012-10-24 18:22:42 UTC,-73.988221,40.728692,-73.986937,40.719101
19.3,2013-07-07 12:42:17 UTC,-73.965597,40.800082,-73.964362,40.792834
28.4,2011-11-09 06:22:26 UTC,-73.975419,40.708462,-74.000857,40.708093
19.4,2013-03-23 11:17:23 UTC,-73.975381,40.808191,-73.967816,40.807977
21.9,2012-11-10 18:41:06 UTC,-73.976788,40.78004,-73.970548,40.769221
21.0,2013-12-09 15:19:26 UTC,-73.96855,40.747308,-73.968604,40.758124
21.1,2012-10-07 08:52:44 UTC,-73.985239,40.73792,-73.977081,40.745168
20.9,2012-06-16 07:47:44 UTC,-73.945985,40.734789,-73.939967,40.726192
19.3,2011-12-09 19:36:53 UTC,-74.004696,40.745926,-74.011663,40.743842
25.7,2012-09-20 16:27:40 UTC,-74.014518,40.748545,-74.016716,40.768641
20.7,2011-02-27 17:40:05 UTC,-74.016174,40.787657,-74.026251,40.789263
23.2,2011-09-06 05:05:44 UTC,-74.021592,40.80906,-74.006969,40.813016
21.4,2013-04-13 07:02:54 UTC,-73.966537,40.755981,-73.956765,40.749892
20.0,2011-05-26 16:51:23 UTC,-73.968973,40.724631,-73.977112,40.7215
23.8,2013-11-24 00:35:24 UTC,-73.955844,40.733628,-73.949656,40.748741
17.1,2012-03-04 16:59:42 UTC,-74.001133,40.744507,-73.998347,40.74564
19.1,2011-12-11 15:33:28 UTC,-73.965091,40.719096,-73.97195,40.718387
16.3,2012-12-23 15:53:50 UTC,-73.978864,40.714632,-73.97762,40.714708
29.1,2013-04-20 00:41:18 UTC,-73.976668,40.812914,-73.968084,40.838368
20.3,2012-04-25 01:15:43 UTC,-73.967488,40.759078,-73.958088,40.759476
28.0,2013-05-21 22:17:33 UTC,-73.995126,40.725006,-73.971806,40.716705
18.9,2011-12-11 12:05:20 UTC,-73.928255,40.774498,-73.927312,40.767945
19.7,2013-12-29 08:47:42 UTC,-73.953362,40.71465,-73.95574,40.722457
23.3,2012-07-04 09:09:29 UTC,-73.990634,40.71712,-73.985013,40.702835
18.1,2013-01-25 17:59:23 UTC,-74.001815,40.725909,-74.003644,40.730415
20.3,2012-01-16 08:30:14 UTC,-73.981758,40.799635,-73.987607,40.792397
26.0,2012-05-30 07:08:44 UTC,-73.976355,40.742414,-73.985613,40.723826
33.5,2011-06-03 03:16:15 UTC,-73.958688,40.676749,-73.992964,40.666948
19.3,2011-05-23 02:56:51 UTC,-74.003374,40.786302,-73.996026,40.786577
26.4,2013-12-28 22:04:19 UTC,-73.97429,40.740809,-73.99067,40.75476
22.0,2011-03-20 17:46:01 UTC,-74.01058,40.694518,-74.019379,40.703651
17.7,2012-06-08 03:41:44 UTC,-73.971273,40.740499,-73.968348,40.737563
20.8,2012-09-08 07:02:47 UTC,-73.98215,40.76563,-73.985365,40.775352
26.5,2011-07-10 13:08:29 UTC,-73.941266,40.762121,-73.919773,40.758554
26.2,2011-09-24 02:36:41 UTC,-74.01092,40.803952,-74.026012,40.789287
26.8,2012-01-11 12:11:36 UTC,-73.952588,40.724417,-73.930201,40.724628
25.8,2011-03-14 19:06:01 UTC,-74.014077,40.751402,-74.000271,40.736342
21.7,2012-07-25 22:38:39 UTC,-74.006544,40.729013,-73.997453,40.736927
23.9,2011-06-28 04:54:30 UTC,-74.013542,40.703734,-73.999149,40.711793
20.5,2011-03-30 17:19:43 UTC,-73.974993,40.776566,-73.970947,40.767766
24.2,2011-07-28 12:01:24 UTC,-74.003474,40.763898,-74.020507,40.765354
18.3,2013-11-02 06:27:41 UTC,-74.006967,40.75851,-74.001818,40.759871
24.2,2012-11-28 02:17:10 UTC,-73.975945,40.762804,-73.990751,40.771523
22.4,2013-06-04 19:04:18 UTC,-73.970964,40.729436,-73.976248,40.716985
18.7,2013-08-13 18:46:15 UTC,-73.979203,40.719829,-73.979984,40.725824
23.6,2012-01-19 23:40:03 UTC,-73.983244,40.751129,-73.992355,40.737962
21.8,2013-11-04 11:54:34 UTC,-73.943422,40.784836,-73.933961,40.792608
21.1,2011-07-02 13:48:18 UTC,-73.977083,40.798242,-73.979221,40.808869
19.6,2013-05-19 03:06:29 UTC,-73.963886,40.773863,-73.959793,40.767167
21.7,2012-04-11 16:24:15 UTC,-73.977142,40.750875,-73.977236,40.763067
23.5,2011-04-21 21:39:50 UTC,-74.001958,40.758094,-74.000696,40.742353
22.7,2012-08-17 09:16:44 UTC,-73.969002,40.750348,-73.977871,40.761344
24.9,2013-08-30 06:26:09 UTC,-73.993116,40.719222,-74.004856,40.733606
17.5,2012-06-29 03:24:05 UTC,-73.98182,40.750739,-73.983357,40.754198
20.6,2013-07-02 22:05:28 UTC,-73.973892,40.709955,-73.983553,40.708
22.8,2012-11-16 23:10:25 UTC,-74.018828,40.746278,-74.004893,40.749402
23.1,2013-06-12 01:27:02 UTC,-74.01219,40.799083,-74.025954,40.793046
33.2,2011-03-19 18:25:47 UTC,-73.961811,40.774686,-73.938441,40.800932
18.9,2011-01-21 21:55:38 UTC,-73.993275,40.722306,-73.990255,40.716441
22.2,2013-04-06 07:50:19 UTC,-73.992326,40.747827,-73.991633,40.761001
20.2,2013-12-18 06:08:44 UTC,-73.976671,40.724969,-73.982074,40.717556
24.3,2012-10-30 07:55:53 UTC,-73.987713,40.748125,-73.981144,40.764093
25.7,2012-12-08 02:58:02 UTC,-73.971648,40.781233,-73.973691,40.801357
18.1,2011-08-25 07:06:26 UTC,-73.981022,40.76959,-73.978018,40.77345
20.1,2011-01-01 15:37:06 UTC,-73.976028,40.824524,-73.96761,40.827391
21.5,2011-06-21 22:40:58 UTC,-73.994037,40.785774,-73.987344,40.776209
23.8,2013-04-22 09:52:32 UTC,-73.976128,40.75612,-73.963729,40.745363
18.7,2012-11-20 03:36:40 UTC,-73.957898,40.770314,-73.95252,40.773294
24.3,2012-01-18 16:34:47 UTC,-73.991355,40.743927,-74.000868,40.758509
26.4,2011-08-12 02:51:46 UTC,-73.961694,40.716175,-73.982492,40.710693
26.7,2012-09-02 19:13:47 UTC,-73.981031,40.789173,-73.978921,40.811253
18.9,2012-02-19 16:59:23 UTC,-73.96531,40.78027,-73.963056,40.774168
25.3,2012-10-24 17:49:53 UTC,-73.977425,40.742768,-73.958165,40.745062
16.9,2012-12-18 17:14:14 UTC,-73.980668,40.758218,-73.981827,40.760538
17.6,2013-11-16 14:49:35 UTC,-73.973005,40.787228,-73.96926,40.786213
26.6,2011-09-04 07:14:02 UTC,-73.955728,40.775391,-73.947956,40.754952
19.7,2012-12-02 14:12:40 UTC,-73.975278,40.706107,-73.970144,40.699916
20.0,2013-09-10 07:31:31 UTC,-73.970429,40.757309,-73.96199,40.759305
19.8,2013-01-22 12:00:33 UTC,-73.98737,40.744971,-73.995552,40.744011
21.5,2011-03-20 11:13:56 UTC,-73.948582,40.78339,-73.958346,40.789752
19.7,2012-05-16 06:28:54 UTC,-73.967193,40.780931,-73.969999,40.7885
26.6,2013-02-03 05:13:07 UTC,-73.978446,40.789558,-74.000186,40.787157
20.4,2011-11-06 01:16:36 UTC,-73.982453,40.716463,-73.982849,40.706839
24.0,2013-08-31 23:29:28 UTC,-73.960442,40.726477,-73.967038,40.74196
22.6,2011-12-06 20:52:21 UTC,-73.992124,40.783422,-73.988902,40.769868
18.9,2011-10-18 04:15:49 UTC,-74.015658,40.732251,-74.018308,40.726298
22.3,2012-09-25 16:42:16 UTC,-73.978552,40.704357,-73.988706,40.695857
23.2,2013-04-27 22:01:03 UTC,-73.9562,40.765978,-73.943091,40.773442
22.2,2012-08-19 06:33:29 UTC,-73.948174,40.733583,-73.947349,40.746754
20.0,2012-08-15 06:24:04 UTC,-73.982146,40.803694,-73.973517,40.801957
476.1,2013-12-28 19:15:50 UTC,-73.979128,40.758886,-73.977293,40.761183
18.8,2012-12-09 09:56:01 UTC,-73.969609,40.754808,-73.964969,40.759095
26.9,2011-09-22 10:35:21 UTC,-73.985287,40.738923,-73.998897,40.756963
26.6,2013-04-11 21:21:33 UTC,-73.969672,40.797725,-73.956891,40.779989
21.4,2011-06-06 05:58:45 UTC,-73.981708,40.760757,-73.972921,40.768199
17.5,2012-06-13 06:00:32 UTC,-73.959773,40.737745,-73.959961,40.74151
18.0,2012-05-27 23:03:03 UTC,-73.96554,40.726177,-73.96266,40.722469
20.9,2011-05-05 17:26:42 UTC,-73.963795,40.747796,-73.953769,40.751058
19.8,2011-02-28 00:27:41 UTC,-73.984106,40.720671,-73.987826,40.728079
24.1,2011-08-16 05:15:33 UTC,-73.941481,40.780866,-73.957312,40.786698
26.6,2013-05-23 23:55:48 UTC,-73.970322,40.69575,-73.973854,40.717335
16.6,2011-01-13 23:17:53 UTC,-73.975054,40.745815,-73.97353,40.747089
15.8,2013-08-30 16:36:42 UTC,-73.995219,40.768304,-73.995543,40.768573
22.3,2011-10-22 09:16:14 UTC,-73.981941,40.760264,-73.968766,40.758451
21.2,2012-10-19 22:53:50 UTC,-73.977712,40.728482,-73.987311,40.734011
19.8,2013-01-31 01:57:03 UTC,-73.995754,40.769808,-74.004086,40.769487
20.9,2011-03-12 23:17:41 UTC,-73.985846,40.723419,-73.996427,40.723551
17.8,2012-08-04 21:57:00 UTC,-73.983316,40.749328,-73.979029,40.749507
23.3,2013-12-27 13:48:51 UTC,-73.978882,40.769555,-73.994142,40.768209
20.4,2013-05-31 10:28:20 UTC,-74.015254,40.763887,-74.007817,40.757801
20.7,2012-04-18 13:08:58 UTC,-73.982705,40.729749,-73.992034,40.73393
19.8,2012-11-21 05:19:23 UTC,-73.987547,40.785925,-73.995278,40.783074
25.0,2013-04-19 00:53:48 UTC,-73.980418,40.752601,-73.962715,40.758738
21.8,2012-06-19 14:06:18 UTC,-73.959294,40.77229,-73.946969,40.773398
17.7,2013-09-08 22:59:34 UTC,-73.938952,40.795873,-73.93776,40.792007
25.8,2012-07-27 21:10:19 UTC,-73.966432,40.783526,-73.979543,40.799174
25.7,2011-05-06 18:40:41 UTC,-74.004688,40.783604,-73.984544,40.782581
18.9,2012-09-01 00:30:29 UTC,-73.986908,40.75578,-73.988871,40.762009
19.3,2011-04-22 17:54:57 UTC,-73.968081,40.773818,-73.965605,40.766818
26.7,2011-09-30 05:13:22 UTC,-73.970334,40.756408,-73.961215,40.736153
25.8,2013-09-11 14:45:55 UTC,-73.960253,40.71372,-73.979882,40.70805
26.8,2012-07-22 11:33:34 UTC,-73.981947,40.759082,-73.988347,40.737708
16.9,2013-06-15 19:20:28 UTC,-73.98727,40.757691,-73.987951,40.755322
23.0,2012-12-10 04:00:50 UTC,-73.944952,40.767512,-73.943644,40.782198
23.6,2013-06-15 20:52:15 UTC,-73.978827,40.74616,-73.991863,40.737107
26.3,2012-05-06 21:39:25 UTC,-74.000333,40.727156,-73.99707,40.706096
23.1,2013-04-27 00:35:09 UTC,-73.950497,40.769695,-73.95016,40.784698
24.3,2011-06-20 16:56:58 UTC,-74.009922,40.710602,-73.993249,40.705848
20.6,2012-06-18 06:43:52 UTC,-74.049901,40.793765,-74.039898,40.793607
19.8,2011-04-18 14:33:45 UTC,-73.964612,40.743057,-73.967305,40.75094
18.4,2013-10-01 03:13:13 UTC,-73.961786,40.757366,-73.963747,40.762598
21.9,2013-11-05 06:31:18 UTC,-73.97172,40.766757,-73.961575,40.774262
20.4,2011-01-02 09:49:16 UTC,-74.006049,40.767721,-74.003213,40.776725
26.7,2012-04-29 11:05:21 UTC,-73.981177,40.70773,-73.994889,40.690269
28.3,2013-03-10 08:19:00 UTC,-73.985563,40.774723,-73.964625,40.760579
23.3,2012-03-13 14:52:57 UTC,-73.990746,40.759095,-74.000644,40.770806
28.6,2011-07-30 17:05:44 UTC,-73.951759,40.730942,-73.926969,40.723125
19.6,2012-06-18 12:06:14 UTC,-74.000933,40.72751,-73.996654,40.720784
22.7,2013-12-03 00:14:35 UTC,-73.973678,40.739978,-73.980032,40.72735
27.6,2012-09-12 22:26:56 UTC,-73.956119,40.711038,-73.979789,40.706988
19.9,2013-12-28 01:54:57 UTC,-73.972371,40.801668,-73.964604,40.798175
24.7,2013-04-27 22:37:54 UTC,-73.955178,40.794585,-73.970681,40.78521
21.2,2011-03-20 02:22:28 UTC,-73.968726,40.763551,-73.965153,40.75302
25.4,2012-06-29 00:40:40 UTC,-73.971413,40.743298,-73.952077,40.746485
22.6,2012-08-05 02:57:31 UTC,-73.972663,40.744087,-73.98404,40.73601
20.4,2011-10-14 17:42:06 UTC,-73.967731,40.772742,-73.960351,40.766679
27.3,2012-09-08 00:13:51 UTC,-73.987711,40.802735,-73.995827,40.780872
26.9,2012-06-01 06:09:06 UTC,-74.006037,40.732888,-73.994706,40.75227
20.4,2011-08-14 03:20:59 UTC,-73.960919,40.716472,-73.960261,40.725891
18.1,2011-03-15 18:46:41 UTC,-73.956765,40.796429,-73.956956,40.791481
23.2,2011-02-25 15:40:31 UTC,-73.97496,40.696386,-73.962888,40.687395
18.8,2012-07-27 16:45:58 UTC,-73.990968,40.719744,-73.984715,40.719853
19.7,2012-05-12 01:35:49 UTC,-74.011154,40.742594,-74.019201,40.742429
26.6,2011-01-13 14:24:22 UTC,-73.978284,40.703187,-73.960413,40.690427
30.5,2012-03-19 21:25:32 UTC,-74.006979,40.783364,-74.022337,40.757859
18.6,2012-12-15 09:24:36 UTC,-74.00978,40.775707,-74.007023,40.770446
24.5,2011-06-25 10:52:37 UTC,-73.980415,40.732756,-73.988643,40.717122
23.1,2011-02-10 12:23:39 UTC,-73.995275,40.788388,-74.010148,40.790102
21.4,2012-01-01 23:32:16 UTC,-73.973094,40.793479,-73.984436,40.79526
20.5,2012-12-28 04:56:01 UTC,-73.983186,40.746605,-73.983678,40.736873
18.8,2013-06-07 23:08:03 UTC,-73.992133,40.73648,-73.988635,40.731134
25.9,2011-04-27 17:47:29 UTC,-74.014098,40.817788,-74.003509,40.835418
24.0,2011-06-17 10:20:20 UTC,-73.997058,40.771635,-73.982297,40.779386
18.3,2012-11-25 23:09:44 UTC,-73.996323,40.75769,-73.993546,40.753167
27.3,2013-07-01 17:41:47 UTC,-74.004506,40.790906,-74.008938,40.813826
23.6,2011-04-11 12:17:16 UTC,-73.986581,40.759058,-73.976191,40.747089
20.7,2011-03-14 13:48:28 UTC,-74.002945,40.734831,-74.009091,40.726704
23.6,2013-01-04 03:17:58 UTC,-73.983275,40.752405,-73.999231,40.7513
24.6,2012-07-12 10:43:08 UTC,-73.975192,40.78116,-73.965802,40.76585
26.8,2011-06-04 14:27:36 UTC,-73.996523,40.690234,-73.983284,40.708138
19.8,2011-09-04 18:25:51 UTC,-73.971492,40.741359,-73.97971,40.743191
26.2,2012-06-21 13:27:48 UTC,-74.007227,40.791492,-73.987619,40.783592
19.3,2011-12-04 20:02:01 UTC,-74.002244,40.734644,-73.996413,40.739122
17.9,2013-03-20 18:16:43 UTC,-73.982264,40.796383,-73.977925,40.797844
1.3,2012-08-10 16:55:02 UTC,-73.966259,40.792442,-73.971426,40.789396
23.5,2013-12-08 22:25:34 UTC,-73.962652,40.748034,-73.952479,40.735949
26.1,2013-05-17 20:53:06 UTC,-73.947752,40.732944,-73.962996,40.718582
26.7,2013-12-05 13:35:15 UTC,-73.987532,40.741379,-73.99093,40.763247
23.3,2012-02-12 21:00:48 UTC,-73.98255,40.829938,-73.989882,40.816411
26.4,2012-04-08 15:57:07 UTC,-74.000654,40.806233,-74.013743,40.823212
21.7,2012-05-01 05:15:19 UTC,-74.005075,40.753762,-73.996445,40.745314
19.9,2013-12-30 08:13:42 UTC,-73.975429,40.731755,-73.972017,40.739656
20.3,2012-10-27 13:06:32 UTC,-73.995517,40.753511,-73.987471,40.758166
19.2,2012-06-21 12:19:02 UTC,-73.955352,40.757315,-73.958135,40.763969
21.8,2011-03-09 10:01:13 UTC,-74.009248,40.712699,-73.999397,40.720019
23.7,2012-09-11 16:11:25 UTC,-73.970273,40.752401,-73.969502,40.736286
19.8,2012-07-09 00:12:13 UTC,-74.000115,40.789672,-74.004836,40.782909
23.2,2013-06-12 01:43:25 UTC,-73.996409,40.696019,-74.002798,40.682339
25.6,2012-10-22 15:35:39 UTC,-73.969218,40.774798,-73.989047,40.776691
24.4,2013-01-15 08:22:14 UTC,-73.993518,40.791244,-73.981874,40.77801
26.8,2013-03-01 16:47:59 UTC,-73.990316,40.733183,-73.979807,40.713373
30.3,2011-05-10 19:19:58 UTC,-73.996243,40.800825,-73.966969,40.79845
26.8,2012-07-11 02:54:11 UTC,-73.944299,40.72929,-73.947646,40.707199
19.2,2011-03-19 15:18:33 UTC,-73.99235,40.763232,-73.999018,40.76582
26.2,2011-08-26 05:12:35 UTC,-73.978969,40.740797,-73.995983,40.728221
22.0,2011-10-05 17:11:51 UTC,-73.984038,40.74079,-73.974439,40.732384
27.6,2011-05-03 21:29:52 UTC,-73.975572,40.731481,-73.968273,40.708677
27.0,2013-12-10 07:06:31 UTC,-73.992295,40.770957,-73.976777,40.787458
24.3,2013-11-08 05:19:26 UTC,-73.984016,40.775464,-73.993183,40.760835
19.6,2012-07-18 10:36:47 UTC,-73.972121,40.748067,-73.964957,40.744427
25.0,2012-10-08 04:10:14 UTC,-73.99726,40.709201,-74.002481,40.691284
23.5,2011-07-11 02:57:04 UTC,-73.958214,40.762095,-73.944776,40.753738
24.8,2012-06-18 20:36:08 UTC,-73.95629,40.76266,-73.950928,40.780179
23.6,2011-04-03 05:16:25 UTC,-73.96787,40.743499,-73.983427,40.746473
19.3,2012-02-09 07:20:56 UTC,-73.978602,40.806017,-73.979914,40.798781
25.4,2012-02-26 07:41:23 UTC,-74.039812,40.703082,-74.059293,40.70274
22.1,2013-06-11 02:54:13 UTC,-73.971514,40.683481,-73.983147,40.677876
21.2,2013-11-03 09:11:37 UTC,-73.987827,40.728075,-73.998855,40.727151
20.5,2011-12-30 22:45:33 UTC,-73.984925,40.771313,-73.991335,40.778751
17.7,2012-06-05 16:16:02 UTC,-74.017948,40.718325,-74.020574,40.715014
17.0,2013-08-15 18:00:11 UTC,-73.970128,40.720571,-73.968482,40.722771
16.9,2013-05-20 03:41:12 UTC,-74.008972,40.778531,-74.007826,40.780896
17.3,2013-05-15 09:20:21 UTC,-73.977632,40.763876,-73.97787,40.760615
19.7,2013-04-29 04:18:01 UTC,-73.961907,40.761312,-73.958583,40.753953
22.4,2013-11-01 16:09:33 UTC,-73.989387,40.773443,-74.001885,40.768191
19.1,2013-02-12 07:50:10 UTC,-73.955679,40.737244,-73.954947,40.744236
23.8,2013-06-13 11:08:01 UTC,-73.99494,40.73863,-73.980595,40.746455
21.4,2012-06-03 10:59:52 UTC,-73.967991,40.774293,-73.969649,40.762915
18.4,2013-01-09 09:20:19 UTC,-74.006096,40.709653,-74.001149,40.707044
19.9,2013-10-28 03:28:41 UTC,-73.959377,40.685718,-73.955361,40.678189
21.5,2012-04-04 13:47:53 UTC,-73.96248,40.737001,-73.953858,40.745001
18.4,2013-09-07 21:20:43 UTC,-73.970633,40.777926,-73.967761,40.773214
27.4,2012-04-22 06:19:23 UTC,-73.987866,40.757667,-73.979412,40.779676
18.4,2013-05-04 06:08:00 UTC,-74.00804,40.775719,-74.002967,40.777898
22.4,2012-02-14 05:37:53 UTC,-73.987813,40.689511,-73.98124,40.701331
21.2,2011-03-27 11:09:54 UTC,-73.957794,40.759465,-73.953373,40.749319
20.7,2012-01-13 05:16:50 UTC,-73.977401,40.769616,-73.987469,40.769733
22.2,2011-08-30 05:23:50 UTC,-74.011061,40.709476,-74.022768,40.715638
21.1,2011-09-23 23:07:20 UTC,-74.002495,40.775862,-74.006027,40.765529
23.4,2011-03-11 20:56:38 UTC,-73.954937,40.746654,-73.939421,40.746858
21.0,2013-03-11 17:55:27 UTC,-73.970242,40.84214,-73.971958,40.852659
17.9,2013-04-04 19:31:11 UTC,-74.00468,40.684683,-74.001584,40.681408
26.4,2011-10-10 09:45:56 UTC,-74.015317,40.791073,-74.03499,40.782556
24.7,2012-06-27 09:25:24 UTC,-73.992501,40.738175,-73.990563,40.756205
21.5,2013-04-22 22:33:56 UTC,-74.017027,40.701485,-74.016168,40.689768
29.0,2011-06-29 07:22:28 UTC,-73.983117,40.734191,-74.00985,40.73575
19.5,2012-07-29 06:39:32 UTC,-73.930967,40.758324,-73.928059,40.751242
25.1,2011-09-15 17:46:32 UTC,-74.011939,40.781124,-74.028449,40.771756
20.8,2011-08-17 01:19:34 UTC,-73.983721,40.801659,-73.990974,40.809075
20.7,2012-03-10 17:53:17 UTC,-73.953761,40.792657,-73.943817,40.790601
17.8,2012-09-13 23:07:29 UTC,-73.965018,40.721039,-73.963444,40.725097
27.1,2011-11-05 09:22:51 UTC,-73.982975,40.783905,-73.987459,40.761353
19.3,2011-06-26 10:01:57 UTC,-73.982927,40.761739,-73.988268,40.76677
19.8,2013-07-31 12:39:24 UTC,-74.003118,40.730362,-74.007298,40.723156
25.1,2013-12-01 18:17:36 UTC,-73.985353,40.743643,-73.983744,40.724854
26.8,2013-05-11 18:57:22 UTC,-73.975131,40.728705,-73.987138,40.747552
22.0,2013-04-12 11:23:33 UTC,-73.957898,40.751113,-73.946654,40.757123
21.5,2013-10-13 07:17:56 UTC,-73.992404,40.72811,-74.003879,40.730383
26.3,2011-04-22 04:25:29 UTC,-73.983797,40.71916,-74.001067,40.731654
20.7,2013-11-02 18:28:02 UTC,-73.998984,40.764374,-73.989073,40.766849
20.2,2011-03-31 07:58:57 UTC,-73.975493,40.768862,-73.979863,40.760876
16.6,2013-06-16 10:43:27 UTC,-73.964324,40.744372,-73.96362,40.742622
20.3,2012-08-16 12:36:21 UTC,-73.967407,40.79103,-73.960861,40.784246
20.0,2013-08-29 01:36:06 UTC,-74.003404,40.742187,-74.010598,40.737184
22.0,2011-10-09 23:11:15 UTC,-73.977063,40.740917,-73.975691,40.72834
21.5,2013-07-24 08:31:14 UTC,-73.993546,40.769815,-73.987064,40.760114
25.0,2013-09-23 12:04:10 UTC,-73.959779,40.746027,-73.943347,40.754973
18.7,2013-04-24 08:52:45 UTC,-73.983226,40.752544,-73.988337,40.755865
19.1,2012-10-16 09:55:06 UTC,-74.01039,40.674387,-74.01502,40.669357
21.5,2013-11-29 02:14:47 UTC,-73.984396,40.750501,-73.978763,40.740221
17.9,2012-12-10 00:03:10 UTC,-73.970831,40.695184,-73.968745,40.69113
24.1,2011-01-26 04:22:28 UTC,-73.97512,40.713371,-73.97649,40.696533
23.6,2012-05-10 12:44:48 UTC,-73.990236,40.70994,-73.974309,40.711207
25.3,2011-08-07 06:39:12 UTC,-73.991705,40.718723,-74.00853,40.728177
29.4,2012-10-24 15:29:03 UTC,-73.99975,40.733534,-74.013968,40.757204
25.6,2012-09-07 15:30:52 UTC,-73.987895,40.735405,-74.004604,40.724373
23.2,2013-05-23 11:11:25 UTC,-73.997114,40.769928,-73.985097,40.778966
20.0,2011-12-23 15:32:27 UTC,-73.960598,40.756672,-73.955451,40.7496
24.5,2012-06-07 04:53:51 UTC,-73.998023,40.692968,-74.01173,40.681683
21.3,2011-10-11 23:34:04 UTC,-73.977554,40.752499,-73.978785,40.74121
16.3,2012-04-26 13:33:12 UTC,-73.978914,40.759548,-73.979191,40.760955
27.6,2012-09-06 09:44:47 UTC,-73.961087,40.740143,-73.983179,40.730835
18.8,2012-07-23 13:10:41 UTC,-73.958213,40.748173,-73.95633,40.742105
21.9,2012-02-26 03:52:32 UTC,-73.966081,40.755709,-73.977856,40.751305
20.7,2011-03-12 23:40:07 UTC,-73.972941,40.772938,-73.965875,40.765538
22.7,2013-02-06 18:09:42 UTC,-74.000973,40.702754,-74.012442,40.694628
27.8,2012-01-12 14:37:14 UTC,-74.001377,40.74267,-73.999186,40.718379
22.1,2011-08-09 18:53:50 UTC,-73.996914,40.79525,-73.983968,40.79612
20.5,2012-06-05 11:53:03 UTC,-73.964962,40.7925,-73.955216,40.793177
20.4,2013-05-12 17:15:39 UTC,-73.978533,40.775528,-73.973462,40.767555
17.5,2013-03-14 22:11:33 UTC,-73.962627,40.766105,-73.96344,40.769709
25.9,2011-04-11 02:08:52 UTC,-73.959944,40.799639,-73.974945,40.813608
17.8,2012-10-19 10:34:56 UTC,-73.994519,40.807535,-73.99891,40.807771
22.4,2011-08-14 08:13:03 UTC,-73.979359,40.746128,-73.981619,40.75943
26.9,2012-03-04 17:14:27 UTC,-73.98026,40.720917,-73.983238,40.743298
30.4,2012-11-12 15:11:51 UTC,-73.986556,40.741891,-74.001891,40.767196
22.0,2013-12-28 01:41:00 UTC,-73.990697,40.842901,-73.986353,40.831019
24.0,2013-05-13 16:47:58 UTC,-73.956305,40.702919,-73.968114,40.691089
23.7,2013-05-08 23:34:45 UTC,-73.978961,40.735884,-73.963499,40.73144
16.6,2012-07-14 05:22:21 UTC,-73.979737,40.707619,-73.978257,40.708906
25.0,2012-03-08 08:03:06 UTC,-73.996056,40.753743,-73.986263,40.769609
21.4,2011-08-03 01:48:23 UTC,-73.966496,40.713919,-73.95691,40.720192
27.6,2011-09-04 14:30:46 UTC,-74.000102,40.746737,-73.979323,40.734705
18.8,2012-07-13 18:42:33 UTC,-73.970902,40.691497,-73.969083,40.685381
17.6,2012-11-19 15:56:46 UTC,-73.970355,40.768529,-73.974256,40.768109
23.3,2013-06-29 03:15:29 UTC,-73.98825,40.78667,-73.991958,40.771779
23.1,2013-09-30 03:02:21 UTC,-73.973647,40.738482,-73.958686,40.738618
24.5,2013-05-03 17:56:49 UTC,-73.976287,40.745946,-73.989489,40.734062
25.0,2012-05-17 16:11:54 UTC,-73.980787,40.745098,-73.989568,40.728591
20.5,2012-12-08 11:30:57 UTC,-73.979741,40.755427,-73.977371,40.745957
17.8,2011-07-26 22:27:15 UTC,-73.978764,40.748855,-73.980292,40.752965
20.9,2011-06-14 20:14:16 UTC,-73.977402,40.773044,-73.967725,40.777085
22.3,2013-10-06 04:12:18 UTC,-73.978795,40.786991,-73.992182,40.787958
20.6,2012-02-18 12:17:13 UTC,-74.002077,40.725578,-74.002747,40.735494
20.2,2011-03-03 03:35:19 UTC,-73.983044,40.74072,-73.984914,40.749576
21.1,2013-03-30 18:44:43 UTC,-73.974701,40.777049,-73.985423,40.779092
20.0,2013-10-27 11:52:03 UTC,-73.978054,40.70735,-73.969268,40.708014
16.4,2012-06-29 01:04:54 UTC,-73.960925,40.690878,-73.961843,40.692174
16.6,2013-02-16 09:40:12 UTC,-73.967598,40.756789,-73.968939,40.755313
27.3,2011-08-19 04:57:09 UTC,-73.997408,40.76489,-74.005655,40.743147
21.6,2012-11-21 20:07:00 UTC,-73.983333,40.728331,-73.987031,40.739686
21.1,2012-08-26 16:38:13 UTC,-73.986227,40.73264,-73.996443,40.736616
23.1,2011-03-26 20:48:08 UTC,-73.980087,40.727194,-73.971449,40.715031
24.4,2011-03-10 19:39:37 UTC,-73.98006,40.723992,-73.969731,40.73827
24.5,2011-05-27 03:49:32 UTC,-73.96777,40.770805,-73.950969,40.764905
17.9,2013-10-12 00:28:42 UTC,-73.976453,40.714585,-73.972113,40.713507
21.0,2011-04-05 05:56:00 UTC,-73.955389,40.742034,-73.958781,40.75227
18.2,2013-12-30 20:27:15 UTC,-73.97518,40.72284,-73.97987,40.725041
22.7,2013-09-09 19:19:37 UTC,-73.996612,40.706341,-73.991705,40.719695
17.7,2012-11-24 04:55:20 UTC,-73.989346,40.776105,-73.987337,40.772584
0.6,2013-12-16 18:32:00 UTC,-73.967924,40.734405,-73.969666,40.751317
19.7,2011-08-25 02:41:20 UTC,-74.012283,40.755653,-74.014904,40.747875
24.4,2013-01-14 07:02:24 UTC,-74.006918,40.704758,-73.995206,40.717934
27.2,2012-09-30 12:37:44 UTC,-73.979786,40.727742,-73.984105,40.705091
24.3,2011-02-24 19:51:43 UTC,-73.960982,40.772683,-73.947515,40.761681
17.4,2011-04-19 01:20:55 UTC,-73.953859,40.827618,-73.952038,40.830598
18.4,2012-01-08 12:48:22 UTC,-73.984342,40.690714,-73.988021,40.686709
19.6,2011-07-20 16:01:18 UTC,-73.958783,40.743967,-73.966636,40.743219
16.4,2011-07-30 23:06:53 UTC,-73.978555,40.762368,-73.9801,40.762785
22.1,2012-12-03 09:41:58 UTC,-74.010628,40.731517,-74.005595,40.719608
21.5,2013-02-26 08:16:26 UTC,-73.980162,40.775486,-73.983932,40.764326
20.0,2013-07-31 01:35:18 UTC,-73.992378,40.723998,-73.983875,40.726319
19.6,2013-04-16 06:17:52 UTC,-73.961635,40.754615,-73.965905,40.747952
22.4,2013-01-27 06:16:38 UTC,-73.980514,40.734338,-73.981761,40.747748
22.1,2012-02-28 12:03:37 UTC,-74.005558,40.786583,-74.018425,40.784663
20.2,2011-07-23 03:23:28 UTC,-74.009994,40.729709,-74.0044,40.736897
18.2,2011-07-15 18:23:13 UTC,-73.98042,40.739444,-73.983091,40.743872
24.1,2013-12-16 18:11:17 UTC,-74.028404,40.778371,-74.012616,40.772359
26.1,2012-06-12 23:10:34 UTC,-73.990363,40.719159,-73.983315,40.699356
21.6,2011-07-28 00:14:31 UTC,-73.975379,40.752063,-73.974534,40.763912
23.5,2011-09-09 08:14:27 UTC,-74.00114,40.695324,-73.988889,40.685535
18.5,2013-07-08 02:21:26 UTC,-73.96012,40.717362,-73.956069,40.713324
20.7,2012-12-25 16:44:00 UTC,-73.95618,40.761464,-73.946097,40.759956
20.0,2013-12-06 06:59:21 UTC,-74.000334,40.720279,-74.008958,40.719769
21.0,2013-11-16 17:58:38 UTC,-73.985961,40.733663,-73.981349,40.743282
18.1,2013-09-15 17:43:07 UTC,-73.960106,40.764793,-73.955079,40.764851
23.4,2013-04-01 01:06:35 UTC,-73.980026,40.732624,-73.995474,40.731351
24.7,2013-11-27 08:58:08 UTC,-74.00789,40.774685,-73.992823,40.78487
22.2,2012-05-08 07:50:34 UTC,-73.982866,40.75647,-73.99447,40.762476
23.1,2012-08-16 04:13:27 UTC,-73.997059,40.76307,-74.010048,40.755715
31.0,2011-06-07 03:38:19 UTC,-73.957836,40.787229,-73.986323,40.775757
20.4,2013-08-17 11:01:42 UTC,-73.967881,40.759595,-73.963143,40.751358
23.9,2012-12-18 21:30:22 UTC,-73.986275,40.796165,-74.002706,40.795673
22.4,2013-03-26 19:37:54 UTC,-73.977157,40.777338,-73.982326,40.764877
19.8,2011-03-09 14:23:24 UTC,-74.006162,40.734296,-73.997784,40.735204
16.8,2011-01-01 06:56:30 UTC,-73.995076,40.788794,-73.993155,40.787502
28.7,2011-05-20 09:04:43 UTC,-73.948934,40.757916,-73.955171,40.732491
26.2,2011-06-27 09:37:59 UTC,-73.97893,40.73816,-73.994837,40.724098
30.1,2013-06-26 06:17:01 UTC,-73.961398,40.758352,-73.962474,40.729494
20.2,2012-08-08 14:29:43 UTC,-73.97536,40.78337,-73.966807,40.779931
22.0,2011-05-02 16:03:06 UTC,-73.953714,40.763651,-73.946706,40.774391
28.6,2011-11-14 08:30:50 UTC,-74.019977,40.804672,-74.002109,40.785765
23.0,2012-05-17 06:54:33 UTC,-73.983764,40.782596,-73.990299,40.769373
22.3,2012-12-10 17:37:44 UTC,-73.947104,40.765695,-73.960275,40.764057
21.2,2011-11-10 18:33:43 UTC,-73.960877,40.719218,-73.957777,40.70858
21.1,2011-11-22 17:36:49 UTC,-73.953493,40.744608,-73.951378,40.733921
18.3,2012-05-29 21:21:09 UTC,-73.980135,40.75215,-73.980184,40.757566
20.1,2012-05-23 11:28:47 UTC,-73.990742,40.770899,-73.998206,40.76595
30.8,2012-10-18 06:12:55 UTC,-74.000543,40.76912,-74.027077,40.754253
27.2,2013-10-24 09:38:23 UTC,-74.001939,40.755086,-74.012005,40.734209
27.0,2013-12-11 05:18:04 UTC,-73.963859,40.75361,-73.958288,40.775695
21.4,2013-09-18 09:08:26 UTC,-73.969736,40.771614,-73.966896,40.782897
21.0,2012-12-17 18:20:23 UTC,-73.981331,40.724242,-73.971679,40.719726
17.4,2011-06-01 02:02:03 UTC,-73.969836,40.800865,-73.966384,40.801744
20.0,2013-10-13 04:39:47 UTC,-73.977151,40.688585,-73.969791,40.6837
20.2,2011-11-06 02:30:55 UTC,-73.960756,40.793662,-73.953108,40.798767
19.9,2012-09-11 07:12:03 UTC,-73.960946,40.748644,-73.960742,40.740102
18.4,2013-03-24 13:12:26 UTC,-74.001317,40.780077,-74.001042,40.774646
30.4,2011-09-19 16:35:39 UTC,-73.974527,40.760915,-74.003616,40.765469
23.6,2011-12-21 16:40:01 UTC,-74.013377,40.760381,-74.019943,40.77492
20.4,2011-06-29 01:51:27 UTC,-73.97734,40.766628,-73.983474,40.774042
21.8,2011-06-20 21:46:42 UTC,-73.967914,40.774272,-73.969002,40.786611
20.5,2012-03-14 02:34:59 UTC,-74.006274,40.740135,-74.015578,40.737011
21.3,2012-03-17 11:23:04 UTC,-73.988329,40.781044,-73.978954,40.774814
26.3,2011-03-25 06:38:12 UTC,-73.979809,40.717466,-73.988625,40.698082
21.2,2012-11-23 12:11:12 UTC,-73.975322,40.74984,-73.964297,40.750562
20.8,2013-08-27 00:56:39 UTC,-73.985572,40.775079,-73.995184,40.77887
19.0,2012-10-01 12:34:02 UTC,-74.003446,40.779851,-74.009484,40.77685
20.8,2012-05-31 10:06:52 UTC,-73.98108,40.763824,-73.987878,40.756057
22.3,2011-07-03 09:41:51 UTC,-74.013045,40.738198,-74.018007,40.750632
22.3,2011-06-11 02:07:30 UTC,-73.984653,40.776901,-73.972866,40.783219
22.4,2013-04-18 12:01:05 UTC,-73.988827,40.729919,-73.992098,40.743047
20.6,2012-03-22 19:56:33 UTC,-73.982685,40.802542,-73.985702,40.793006
20.8,2012-04-08 11:06:38 UTC,-73.991186,40.74746,-73.998604,40.740378
21.8,2012-01-30 05:22:26 UTC,-74.010154,40.703811,-74.012752,40.715843
16.7,2013-01-19 05:37:01 UTC,-73.987327,40.714159,-73.985162,40.713686
18.7,2011-08-02 19:24:14 UTC,-73.961384,40.751309,-73.963535,40.745618
18.2,2012-01-04 07:36:48 UTC,-73.954771,40.754195,-73.956274,40.7492
20.7,2013-12-11 00:21:49 UTC,-73.931213,40.80909,-73.921053,40.808979
20.8,2011-05-13 06:17:37 UTC,-73.946167,40.718845,-73.94343,40.728875
21.4,2012-01-08 04:29:50 UTC,-74.003939,40.751184,-74.015448,40.749579
19.6,2012-04-23 09:14:41 UTC,-73.988169,40.718217,-73.989021,40.726123
19.2,2012-11-18 11:17:22 UTC,-73.980456,40.73522,-73.985839,40.739894
20.7,2011-08-13 15:53:37 UTC,-73.981711,40.800519,-73.976501,40.791736
20.1,2011-06-12 01:27:01 UTC,-73.978609,40.71591,-73.97758,40.707119
21.7,2011-12-16 12:40:15 UTC,-73.931848,40.767611,-73.920545,40.763109
23.3,2011-06-30 06:44:19 UTC,-74.001641,40.761787,-74.009041,40.748419
18.4,2012-05-07 06:41:46 UTC,-73.994271,40.749275,-73.996195,40.744133
24.9,2012-07-18 05:04:22 UTC,-73.947123,40.765583,-73.957765,40.780717
15.9,2013-09-14 01:52:14 UTC,-73.99232,40.715199,-73.992738,40.714885
24.2,2011-08-12 15:30:18 UTC,-73.972128,40.79969,-73.987494,40.792025
25.3,2011-12-15 21:57:50 UTC,-73.959307,40.807745,-73.956092,40.826903
20.3,2013-11-28 03:02:55 UTC,-73.97027,40.751413,-73.970825,40.742107
20.5,2011-03-05 19:10:32 UTC,-73.976165,40.822693,-73.974613,40.813074
22.9,2013-09-19 20:38:30 UTC,-73.961228,40.738029,-73.953346,40.750324
19.1,2013-12-05 01:26:35 UTC,-73.997861,40.762013,-73.995613,40.768626
22.0,2011-12-04 00:34:34 UTC,-73.989927,40.792957,-74.002695,40.791656
20.6,2012-11-01 06:00:24 UTC,-73.969287,40.73623,-73.974846,40.744549
17.2,2013-12-02 05:19:02 UTC,-74.021389,40.708554,-74.022191,40.71156
21.8,2012-12-03 18:01:17 UTC,-73.951668,40.701648,-73.954949,40.689787
27.7,2011-05-06 11:09:04 UTC,-73.973932,40.811825,-73.975992,40.787849
24.2,2013-02-15 01:33:59 UTC,-73.976939,40.734129,-73.960725,40.728456
21.1,2011-08-18 09:49:11 UTC,-74.01261,40.744428,-74.011607,40.755277
18.5,2012-11-06 21:20:48 UTC,-74.005732,40.716617,-74.00191,40.712332
25.9,2013-04-17 15:48:02 UTC,-73.987972,40.77845,-74.00806,40.783051
19.5,2013-08-27 04:45:25 UTC,-73.963851,40.726553,-73.956391,40.728398
32.2,2013-10-01 05:43:25 UTC,-74.021532,40.735262,-73.993013,40.718327
22.7,2011-09-28 15:00:15 UTC,-73.964233,40.758986,-73.950776,40.754922
18.5,2011-09-16 19:46:30 UTC,-73.987201,40.718079,-73.991603,40.721667
27.7,2012-06-08 23:15:54 UTC,-73.984468,40.744643,-73.961658,40.736771
17.5,2013-01-16 20:01:53 UTC,-73.974928,40.792066,-73.974653,40.788441
18.1,2011-06-04 05:25:57 UTC,-73.974614,40.762848,-73.971548,40.766765
17.0,2011-12-24 13:24:10 UTC,-73.994249,40.753916,-73.996923,40.754643
21.1,2012-03-31 07:32:52 UTC,-73.967502,40.756446,-73.970435,40.766915
27.0,2013-04-11 05:20:07 UTC,-74.026388,40.738326,-74.048869,40.742163
21.8,2012-01-06 21:20:55 UTC,-73.989008,40.809885,-73.981133,40.800326
18.4,2013-02-26 07:57:45 UTC,-73.976926,40.725635,-73.979896,40.72086
16.6,2011-01-31 17:56:28 UTC,-73.986899,40.756328,-73.98878,40.756531
22.5,2012-05-16 15:35:19 UTC,-74.016538,40.753451,-74.013805,40.766835
18.8,2013-06-04 04:21:06 UTC,-73.964839,40.780263,-73.968985,40.775528
24.4,2013-04-27 05:27:47 UTC,-74.004968,40.783095,-74.002329,40.76577
22.0,2012-11-08 13:52:32 UTC,-73.98135,40.749039,-73.96932,40.753445
19.9,2012-05-25 23:12:25 UTC,-73.976939,40.75872,-73.972891,40.751164
22.1,2013-09-14 07:22:28 UTC,-73.979603,40.759856,-73.981138,40.747003
16.3,2012-07-07 06:41:35 UTC,-73.95662,40.681836,-73.957855,40.682024
20.6,2013-05-22 13:01:24 UTC,-73.981065,40.70233,-73.979059,40.712059
20.7,2013-07-11 00:22:09 UTC,-73.971451,40.731848,-73.979772,40.726109
18.3,2013-08-05 21:02:05 UTC,-73.981118,40.733152,-73.979039,40.738118
20.5,2012-09-28 05:52:01 UTC,-73.967741,40.714022,-73.960895,40.720841
19.6,2013-04-05 17:22:01 UTC,-73.95213,40.772487,-73.951255,40.780405
19.9,2011-07-23 21:36:19 UTC,-73.977249,40.750064,-73.98149,40.742741
21.4,2012-06-19 15:19:00 UTC,-73.964363,40.743559,-73.967234,40.732348
21.5,2013-02-01 00:52:51 UTC,-73.950893,40.712315,-73.944372,40.702468
22.4,2013-01-18 08:46:02 UTC,-73.952856,40.748664,-73.963858,40.756573
20.9,2011-02-15 22:10:23 UTC,-73.987706,40.671199,-73.99587,40.677873
25.0,2013-09-08 11:44:25 UTC,-73.959271,40.745111,-73.97534,40.73554
26.3,2013-04-24 00:23:09 UTC,-73.975025,40.751896,-73.974685,40.773222
22.5,2012-06-23 03:15:39 UTC,-73.957655,40.757257,-73.949037,40.746494
24.0,2011-01-16 16:50:53 UTC,-73.968627,40.703077,-73.955312,40.713072
26.5,2013-06-30 14:56:33 UTC,-73.974487,40.756745,-73.959,40.771941
19.1,2012-12-05 14:25:50 UTC,-73.971321,40.718757,-73.978225,40.719855
19.7,2012-02-01 09:10:17 UTC,-73.974895,40.725626,-73.972395,40.717929
19.9,2011-10-24 09:49:22 UTC,-73.974113,40.771538,-73.978136,40.764059
24.0,2013-08-24 06:02:11 UTC,-73.983177,40.810423,-73.9667,40.807803
24.1,2011-01-07 16:25:32 UTC,-73.985034,40.751541,-73.972,40.762349
21.7,2011-06-25 14:01:40 UTC,-73.944737,40.725487,-73.943056,40.713488
25.3,2012-03-30 03:19:49 UTC,-73.970449,40.75566,-73.976643,40.737272
33.0,2012-11-06 12:00:59 UTC,-73.991466,40.778171,-74.025947,40.781791
23.4,2011-02-25 02:47:29 UTC,-73.985548,40.76863,-73.999884,40.774446
29.1,2011-02-05 22:24:15 UTC,-73.958875,40.832293,-73.977398,40.851973
25.6,2012-08-17 00:04:50 UTC,-73.994724,40.72854,-74.009186,40.714717
25.1,2012-09-10 12:51:36 UTC,-74.009641,40.757567,-73.990852,40.756219
24.3,2011-06-30 03:35:03 UTC,-74.008169,40.796468,-74.021119,40.808086
21.0,2011-10-19 19:52:17 UTC,-74.01458,40.794585,-74.025189,40.795793
20.3,2012-03-09 15:40:17 UTC,-74.005976,40.691498,-74.015182,40.689543
29.2,2011-03-07 20:35:43 UTC,-74.003617,40.749899,-73.977632,40.757798
18.6,2011-02-08 21:25:20 UTC,-73.952295,40.794536,-73.95292,40.788542
22.2,2013-02-23 15:59:30 UTC,-73.980924,40.836719,-73.970982,40.845233
22.0,2012-04-23 13:48:36 UTC,-73.987265,40.771114,-73.985511,40.758578
28.1,2012-05-28 19:47:45 UTC,-74.008868,40.738964,-74.028712,40.72377
23.4,2013-06-28 00:34:57 UTC,-73.982863,40.719724,-73.967536,40.716988
28.6,2013-05-20 14:50:19 UTC,-74.014747,40.816562,-74.010736,40.790929
16.4,2013-01-24 08:18:58 UTC,-73.987388,40.771862,-73.988605,40.772709
28.0,2011-05-20 06:13:54 UTC,-73.93871,40.724558,-73.921109,40.707232
17.9,2013-11-01 02:04:16 UTC,-73.966724,40.743905,-73.970189,40.74673
16.8,2012-05-20 09:31:09 UTC,-73.984196,40.759306,-73.98564,40.76116
17.4,2013-12-28 12:41:08 UTC,-73.966038,40.766314,-73.969489,40.765635
21.4,2013-07-17 03:35:17 UTC,-73.990431,40.723011,-73.979668,40.727376
19.8,2011-01-09 17:13:24 UTC,-73.996014,40.731574,-73.987875,40.733616
17.7,2012-01-25 23:41:28 UTC,-73.945917,40.700412,-73.943131,40.697482
26.2,2011-12-01 03:17:49 UTC,-74.002845,40.781193,-74.013363,40.799503
18.3,2012-12-20 10:13:02 UTC,-73.987082,40.739751,-73.990785,40.743685
22.2,2012-09-17 09:37:44 UTC,-73.973879,40.76399,-73.9844,40.771709
23.5,2013-05-23 17:57:19 UTC,-73.998725,40.792668,-73.987121,40.803399
24.2,2012-07-23 15:24:56 UTC,-73.966988,40.756596,-73.982735,40.763278
28.7,2013-09-24 12:03:54 UTC,-73.986132,40.746611,-73.970188,40.767239
22.1,2013-12-11 04:07:43 UTC,-73.966722,40.755818,-73.953845,40.757478
20.2,2011-08-24 04:53:04 UTC,-73.96828,40.751896,-73.977466,40.751826
19.5,2013-07-15 12:08:41 UTC,-73.98486,40.787385,-73.989025,40.780889
19.4,2013-11-21 00:02:29 UTC,-73.945787,40.759325,-73.952911,40.756762
19.9,2011-04-24 11:28:02 UTC,-73.993307,40.733668,-73.989004,40.726356
23.5,2012-04-18 08:25:01 UTC,-73.953023,40.781435,-73.938898,40.788208
23.1,2011-03-03 02:45:03 UTC,-73.956501,40.786915,-73.944645,40.777791
17.8,2013-01-12 11:34:54 UTC,-73.944582,40.70985,-73.948912,40.710588
22.5,2012-04-15 08:01:53 UTC,-73.976519,40.795984,-73.963971,40.801579
21.5,2013-03-19 11:30:43 UTC,-73.995772,40.760941,-73.984053,40.762445
20.2,2011-02-16 01:31:17 UTC,-73.938464,40.758498,-73.940352,40.749539
19.1,2011-02-27 09:43:09 UTC,-73.986694,40.780199,-73.986789,40.787188
23.4,2013-02-06 23:42:24 UTC,-73.996271,40.732991,-73.980854,40.732137
30.9,2013-09-23 06:05:53 UTC,-73.983796,40.778625,-73.973212,40.749898
23.5,2012-02-01 02:25:56 UTC,-73.999634,40.738697,-73.987386,40.728863
30.3,2011-05-06 23:52:05 UTC,-73.969477,40.705751,-73.943623,40.719763
23.5,2013-03-21 16:41:11 UTC,-73.992113,40.720067,-73.986641,40.734911
18.7,2012-03-25 10:38:33 UTC,-73.98575,40.767011,-73.982493,40.772272
23.5,2013-09-12 17:20:35 UTC,-73.960644,40.721636,-73.947065,40.729477
26.3,2012-09-07 19:45:43 UTC,-73.967526,40.798302,-73.947648,40.790519
19.0,2011-10-05 20:58:29 UTC,-73.979688,40.785679,-73.985802,40.783077
21.9,2012-05-05 07:33:56 UTC,-73.976583,40.790003,-73.978601,40.802357
21.2,2013-05-28 08:50:19 UTC,-73.979755,40.753743,-73.989941,40.758003
17.4,2011-10-08 18:04:10 UTC,-73.988623,40.757736,-73.985196,40.758385
20.2,2012-12-19 07:18:22 UTC,-73.980051,40.714189,-73.971158,40.712321
23.2,2013-07-11 07:31:25 UTC,-73.970183,40.779874,-73.979672,40.791618
23.6,2011-01-27 18:49:41 UTC,-73.982523,40.761395,-73.971185,40.772615
19.6,2012-02-17 06:59:40 UTC,-73.971605,40.767019,-73.976138,40.773516
18.3,2011-08-17 18:32:46 UTC,-73.996733,40.800649,-74.002081,40.801312
21.6,2012-06-11 22:06:25 UTC,-73.992078,40.731821,-73.980778,40.728254
20.3,2012-06-07 07:04:41 UTC,-73.994686,40.746216,-74.000938,40.753146
24.6,2013-01-01 20:04:48 UTC,-73.991303,40.7598,-74.005338,40.748781
21.4,2011-05-13 21:14:12 UTC,-73.954256,40.721937,-73.94682,40.712991
22.9,2012-11-03 10:22:32 UTC,-73.965479,40.744372,-73.966796,40.729861
24.2,2011-01-18 17:52:29 UTC,-74.001538,40.764788,-73.989558,40.777141
21.1,2012-07-04 00:25:47 UTC,-73.97125,40.740237,-73.96292,40.733031
24.6,2013-01-22 05:01:48 UTC,-73.987812,40.78927,-74.005295,40.79331
22.2,2012-10-07 13:49:37 UTC,-73.993648,40.704672,-73.980492,40.703417
33.0,2011-04-16 23:17:26 UTC,-74.009715,40.783683,-73.990717,40.812659
21.3,2013-09-14 09:16:54 UTC,-73.960562,40.769836,-73.950226,40.774255
26.4,2012-03-21 05:13:21 UTC,-74.007277,40.732935,-73.996539,40.714314
21.6,2013-02-12 06:11:34 UTC,-73.981039,40.722268,-73.983516,40.734022
18.7,2013-08-01 06:39:49 UTC,-73.998926,40.687592,-74.003693,40.68372
17.1,2012-08-23 12:20:40 UTC,-73.964483,40.726145,-73.962359,40.724135
21.3,2011-09-08 08:14:51 UTC,-73.986687,40.781415,-73.977488,40.77469
20.2,2013-06-16 12:33:50 UTC,-73.982689,40.748317,-73.973742,40.750274
18.0,2013-11-23 02:37:02 UTC,-73.982015,40.784889,-73.986393,40.786715
19.8,2013-10-19 09:55:58 UTC,-73.973949,40.731404,-73.97934,40.724949
23.5,2013-04-17 22:47:48 UTC,-73.97974,40.771213,-73.994641,40.766132
18.9,2011-11-19 17:38:08 UTC,-73.980865,40.728475,-73.974396,40.729488
27.5,2011-05-13 02:10:56 UTC,-73.990368,40.721033,-73.994266,40.697605
23.0,2012-08-28 03:04:00 UTC,-74.011495,40.746786,-74.014505,40.732371
27.6,2011-01-29 17:11:12 UTC,-74.002371,40.730051,-73.985092,40.746751
19.0,2013-08-01 23:34:21 UTC,-73.96563,40.703715,-73.959647,40.706994
18.7,2011-12-22 10:54:57 UTC,-73.986116,40.744531,-73.982887,40.739281
25.1,2011-01-29 02:47:53 UTC,-73.99328,40.753193,-73.984978,40.736232
22.7,2012-10-16 09:40:42 UTC,-74.008115,40.788051,-73.993908,40.787488
25.1,2011-03-05 18:01:23 UTC,-74.014393,40.778104,-74.030568,40.787956
29.1,2013-04-13 05:30:50 UTC,-73.994064,40.786598,-73.99972,40.81299
25.2,2012-05-20 13:24:47 UTC,-73.962239,40.771611,-73.96456,40.790531
22.2,2013-04-12 20:02:53 UTC,-73.991141,40.759978,-74.000925,40.751109
18.4,2013-05-07 17:08:37 UTC,-73.97199,40.713132,-73.974643,40.708174
26.3,2013-01-30 00:20:26 UTC,-73.992061,40.754496,-74.007573,40.739781
21.9,2012-01-14 05:54:43 UTC,-73.967223,40.767904,-73.958001,40.759487
18.4,2011-12-22 12:16:58 UTC,-73.987035,40.793723,-73.99221,40.791595
17.7,2012-11-10 19:02:11 UTC,-74.004638,40.770589,-74.002628,40.766917
25.9,2011-08-19 11:01:55 UTC,-73.985379,40.787212,-73.984866,40.807757
22.8,2011-10-29 21:22:29 UTC,-73.94332,40.71904,-73.937746,40.705886
27.9,2011-03-10 08:20:10 UTC,-73.944202,40.740207,-73.968811,40.739757
26.2,2013-12-28 02:26:48 UTC,-73.970269,40.762881,-73.965767,40.742246
17.8,2013-08-19 23:30:32 UTC,-73.982741,40.784829,-73.985492,40.788137
22.6,2012-02-27 13:36:50 UTC,-73.973922,40.745643,-73.969853,40.732226
23.7,2011-08-08 10:22:56 UTC,-73.973663,40.747527,-73.985457,40.758553
18.2,2012-09-08 02:01:38 UTC,-73.980798,40.770614,-73.976661,40.767704
25.2,2011-04-11 20:57:04 UTC,-73.971181,40.716224,-73.958196,40.702204
26.2,2012-11-22 12:20:28 UTC,-73.975835,40.798222,-73.973938,40.777195
21.7,2013-11-09 05:19:49 UTC,-73.986319,40.723626,-73.993492,40.71384
19.2,2013-07-16 05:40:56 UTC,-74.003905,40.692442,-74.01064,40.694836
19.2,2013-01-06 00:50:04 UTC,-73.989201,40.750302,-73.983439,40.754517
19.4,2011-01-13 18:11:47 UTC,-73.96401,40.800954,-73.958313,40.795969
20.6,2013-07-09 18:34:11 UTC,-73.980629,40.767594,-73.977064,40.776852
21.3,2011-09-18 01:21:38 UTC,-73.973994,40.772533,-73.97437,40.761175
30.3,2012-11-27 14:53:02 UTC,-73.98566,40.751242,-73.983631,40.721971
17.1,2013-03-31 19:30:04 UTC,-74.001192,40.745429,-74.001841,40.748254
22.4,2011-07-19 23:49:19 UTC,-73.984773,40.703653,-73.988581,40.716554
23.2,2012-05-22 15:49:51 UTC,-74.000449,40.682218,-73.992874,40.695212
22.3,2011-11-28 12:44:41 UTC,-74.001726,40.755888,-73.998625,40.74289
1.3,2012-07-04 13:31:23 UTC,-73.955887,40.789376,-73.942982,40.78393
22.3,2013-05-29 14:43:08 UTC,-73.988402,40.760324,-73.977233,40.767562
19.1,2013-09-26 17:22:49 UTC,-73.99483,40.768708,-73.992055,40.762437
18.7,2012-11-30 17:14:35 UTC,-73.947641,40.797512,-73.941687,40.798565
21.6,2013-04-10 04:21:15 UTC,-73.9637,40.759863,-73.973272,40.752699
21.1,2011-06-18 09:23:17 UTC,-73.98743,40.74632,-73.988206,40.735426
20.4,2011-05-26 06:03:25 UTC,-73.971447,40.725444,-73.968021,40.716481
24.9,2012-03-28 22:15:34 UTC,-73.984716,40.810666,-74.000543,40.820224
17.8,2013-10-20 17:28:22 UTC,-73.993854,40.765796,-73.989559,40.765934
23.6,2013-01-26 13:14:48 UTC,-73.970506,40.721692,-73.980098,40.734411
20.6,2012-02-05 22:56:42 UTC,-73.986486,40.714865,-73.994982,40.720069
24.1,2011-07-05 13:28:19 UTC,-73.97849,40.787592,-73.983785,40.803657
19.7,2011-06-07 18:52:38 UTC,-73.959573,40.718877,-73.959878,40.727057
23.3,2012-08-11 17:22:45 UTC,-73.961776,40.805615,-73.975056,40.813208
20.0,2013-03-11 06:39:17 UTC,-73.991002,40.667306,-73.982435,40.666101
30.7,2013-07-17 21:16:18 UTC,-73.970279,40.792678,-73.968505,40.82277
25.3,2012-12-31 05:34:55 UTC,-74.002557,40.764607,-73.983307,40.765734
25.6,2012-09-04 01:19:24 UTC,-73.970992,40.753558,-73.967991,40.733824
18.8,2013-04-21 09:23:20 UTC,-73.97703,40.744736,-73.971322,40.747417
22.1,2013-05-08 15:25:29 UTC,-73.97242,40.806722,-73.980959,40.796899
23.4,2012-08-14 06:15:34 UTC,-73.985949,40.771212,-73.997767,40.781382
20.4,2013-10-14 15:39:11 UTC,-73.938319,40.722904,-73.932127,40.730162
21.2,2013-03-13 16:20:49 UTC,-73.998026,40.698433,-74.008959,40.696518
21.1,2011-08-16 15:16:31 UTC,-73.960569,40.755319,-73.95415,40.74644
24.2,2013-03-19 05:23:26 UTC,-74.000634,40.749968,-73.983569,40.751432
21.3,2012-02-08 01:08:27 UTC,-73.969913,40.704404,-73.960455,40.697992
20.5,2012-03-12 05:02:19 UTC,-73.968484,40.748338,-73.96278,40.756216
18.7,2011-04-13 00:54:00 UTC,-73.9789,40.732782,-73.976206,40.738342
30.4,2013-03-23 01:46:14 UTC,-73.989906,40.750279,-73.993746,40.779638
17.9,2011-08-25 13:57:53 UTC,-73.977177,40.771778,-73.978323,40.767327
18.8,2013-03-24 23:58:30 UTC,-73.97466,40.794778,-73.980314,40.791744
22.3,2012-09-09 16:13:39 UTC,-73.944201,40.777267,-73.957355,40.775719
16.2,2013-02-06 15:23:44 UTC,-73.997447,40.728357,-73.997093,40.727247
23.2,2012-05-16 19:17:45 UTC,-73.991118,40.761067,-73.980039,40.771338
22.2,2013-11-26 08:59:34 UTC,-73.974305,40.751893,-73.987193,40.74913
27.7,2011-11-16 07:19:53 UTC,-73.985121,40.710036,-73.971136,40.72976
22.4,2011-03-27 18:29:52 UTC,-73.982001,40.761947,-73.969829,40.76777
18.8,2013-05-09 02:42:10 UTC,-73.958593,40.8057,-73.954623,40.800843
19.9,2012-03-08 15:38:35 UTC,-74.036405,40.750973,-74.032355,40.74356
20.9,2013-09-16 22:18:11 UTC,-73.991959,40.702175,-73.993821,40.712583
15.9,2012-02-19 10:36:36 UTC,-74.014847,40.750908,-74.014427,40.751193
18.0,2012-04-07 17:42:25 UTC,-74.003916,40.713589,-74.008552,40.713679
18.6,2011-03-25 14:51:03 UTC,-73.931908,40.775908,-73.931591,40.769923
16.4,2011-08-02 17:37:22 UTC,-73.968037,40.765746,-73.966638,40.765131
25.6,2011-02-28 18:10:27 UTC,-73.960969,40.744873,-73.942156,40.738483
23.0,2011-05-03 07:28:10 UTC,-73.981611,40.740065,-73.975954,40.753682
19.4,2012-03-14 17:13:53 UTC,-73.964826,40.743633,-73.96692,40.750804
16.6,2013-06-23 02:10:43 UTC,-74.015331,40.750248,-74.01632,40.748501
19.3,2013-07-23 13:55:27 UTC,-73.959234,40.726833,-73.966367,40.724938
18.4,2011-03-16 06:24:20 UTC,-73.996397,40.708367,-74.001881,40.709289
20.2,2013-11-04 18:47:21 UTC,-73.990626,40.784161,-73.981519,40.784106
21.0,2012-01-07 11:31:49 UTC,-73.969897,40.738438,-73.974837,40.728869
25.6,2013-12-28 03:27:13 UTC,-73.973671,40.755011,-73.979846,40.736004
20.6,2012-06-04 18:34:36 UTC,-73.978308,40.758558,-73.984233,40.750581
19.3,2012-10-22 17:32:07 UTC,-74.007262,40.759661,-74.014554,40.758375
22.4,2011-08-31 16:16:42 UTC,-73.978004,40.714785,-73.966732,40.707407
19.8,2011-08-14 05:21:13 UTC,-73.960789,40.699725,-73.959362,40.707918
17.5,2011-03-08 11:35:11 UTC,-73.99065,40.732339,-73.993473,40.730048
25.0,2013-02-08 14:22:28 UTC,-73.953701,40.761871,-73.953408,40.780607
18.6,2012-10-08 13:43:29 UTC,-73.997454,40.728162,-73.995281,40.722547
19.4,2013-09-03 13:05:50 UTC,-73.979869,40.739352,-73.987342,40.74076
22.7,2013-04-29 23:36:55 UTC,-73.949293,40.813819,-73.963189,40.81093
22.7,2011-10-07 05:33:39 UTC,-73.993628,40.694637,-73.980243,40.699035
0.6,2013-12-06 14:10:21 UTC,-73.95892,40.727349,-73.94904,40.738006
19.2,2013-01-27 23:00:17 UTC,-73.940507,40.806898,-73.936729,40.812981
26.8,2012-07-09 11:56:42 UTC,-73.976579,40.748662,-73.967387,40.728354
25.5,2012-10-29 07:59:06 UTC,-73.99054,40.72882,-73.971397,40.733819
21.4,2013-01-15 02:51:28 UTC,-73.995455,40.785063,-74.000809,40.774954
21.4,2013-12-01 17:13:17 UTC,-73.953908,40.751657,-73.965108,40.748559
20.4,2011-10-07 07:41:53 UTC,-73.954466,40.739551,-73.947851,40.746444
24.9,2011-11-05 07:03:26 UTC,-73.951014,40.755771,-73.965682,40.744573
21.4,2011-04-10 04:32:48 UTC,-73.980657,40.730257,-73.980277,40.741816
17.9,2011-10-13 07:38:46 UTC,-73.959244,40.719475,-73.962228,40.715941
27.0,2013-01-07 06:39:27 UTC,-73.980977,40.746592,-73.974238,40.768301
18.1,2012-04-20 13:52:49 UTC,-73.997661,40.71967,-74.002484,40.720357
26.1,2012-04-30 03:41:17 UTC,-73.957516,40.750321,-73.945519,40.767374
22.7,2012-02-13 06:37:27 UTC,-73.947323,40.760632,-73.954791,40.772609
20.3,2013-04-14 11:30:46 UTC,-74.000412,40.775592,-73.993354,40.769481
22.9,2013-09-28 19:18:47 UTC,-74.000789,40.783838,-74.007453,40.770821
18.4,2012-01-15 10:39:02 UTC,-73.9792,40.737828,-73.973716,40.738964
21.5,2013-02-13 22:06:45 UTC,-73.960877,40.764982,-73.971024,40.759156
23.5,2012-02-07 08:47:50 UTC,-74.002676,40.764776,-74.002918,40.780573
22.4,2011-07-29 08:47:44 UTC,-73.97546,40.759835,-73.962239,40.757366
17.2,2011-08-22 19:13:43 UTC,-73.991809,40.735616,-73.990658,40.732612
24.8,2013-03-03 18:38:54 UTC,-73.965983,40.719158,-73.954153,40.705199
17.7,2011-12-01 15:26:39 UTC,-73.995958,40.76506,-73.99622,40.769252
22.0,2011-11-20 18:18:27 UTC,-73.964564,40.698794,-73.969614,40.687052
18.0,2011-08-01 14:13:32 UTC,-73.983164,40.741965,-73.981444,40.746389
19.9,2013-01-21 09:18:29 UTC,-73.998743,40.673391,-73.992559,40.679192
25.9,2013-11-11 02:36:40 UTC,-73.978726,40.709908,-73.997782,40.702411
21.1,2013-02-08 11:53:05 UTC,-74.018759,40.723686,-74.013537,40.733252
20.5,2013-02-01 07:43:28 UTC,-73.991182,40.782902,-74.00058,40.780153
25.1,2012-01-14 01:08:46 UTC,-73.973252,40.770643,-73.985136,40.755931
23.8,2011-08-13 09:33:43 UTC,-74.015435,40.733382,-74.010049,40.748835
23.8,2011-07-02 07:36:53 UTC,-74.031423,40.771881,-74.018038,40.762646
18.4,2012-03-19 00:46:05 UTC,-74.026787,40.776629,-74.024623,40.781699
22.7,2013-01-18 18:31:26 UTC,-73.953457,40.74518,-73.967012,40.749438
19.5,2011-09-14 10:51:32 UTC,-73.981535,40.708469,-73.988241,40.712361
18.4,2012-05-24 07:31:04 UTC,-73.990649,40.743763,-73.994832,40.747481
20.6,2013-02-23 07:56:41 UTC,-73.961097,40.747063,-73.959136,40.737361
24.1,2011-05-17 23:22:34 UTC,-73.988089,40.713026,-73.988808,40.72994
232.9,2012-03-12 21:19:49 UTC,-73.974631,40.761011,-73.969678,40.770574
21.2,2013-02-02 22:45:23 UTC,-73.979485,40.758394,-73.969485,40.763145
22.5,2013-10-28 06:42:34 UTC,-73.98942,40.763351,-73.985973,40.750022
22.3,2012-07-14 13:37:07 UTC,-73.974117,40.758368,-73.965136,40.748584
19.2,2013-04-01 04:26:27 UTC,-73.964535,40.771895,-73.967232,40.77847
34.9,2013-01-17 16:32:46 UTC,-73.983698,40.74462,-73.950739,40.724583
18.9,2011-11-04 21:15:28 UTC,-73.989211,40.756054,-73.983679,40.759441
23.1,2013-10-29 00:59:48 UTC,-73.98685,40.738068,-73.98001,40.724756
25.4,2012-02-09 20:04:09 UTC,-74.025958,40.732465,-74.008381,40.723785
22.7,2011-04-25 12:00:19 UTC,-73.974339,40.790147,-73.973457,40.776037
19.1,2013-04-04 14:45:07 UTC,-74.004182,40.688687,-74.010637,40.691148
24.2,2013-08-26 16:40:02 UTC,-73.967406,40.776303,-73.954341,40.787466
22.7,2013-06-25 11:09:24 UTC,-73.981808,40.731384,-73.968157,40.734864
18.0,2012-11-19 16:24:10 UTC,-73.977898,40.727499,-73.976363,40.732077
24.5,2012-09-21 03:38:52 UTC,-73.965993,40.757847,-73.948397,40.759527
19.1,2011-08-06 13:38:55 UTC,-73.99853,40.705312,-73.999363,40.712139
20.8,2012-01-20 23:53:03 UTC,-73.972615,40.725519,-73.963292,40.73019
31.2,2013-03-08 11:55:34 UTC,-73.974648,40.724526,-73.959492,40.697375
20.2,2013-04-24 19:30:37 UTC,-73.983696,40.743358,-73.982712,40.752421
20.2,2013-05-04 03:51:15 UTC,-73.998564,40.725876,-73.993996,40.733887
21.1,2011-01-22 10:55:32 UTC,-73.968095,40.798034,-73.957835,40.79441
25.7,2011-07-11 06:11:06 UTC,-73.965931,40.80391,-73.969593,40.784168
19.9,2012-10-01 22:38:41 UTC,-73.977728,40.68934,-73.985869,40.691765
22.5,2012-07-27 15:25:39 UTC,-74.001406,40.76633,-73.988076,40.769596
18.3,2012-04-01 08:33:44 UTC,-73.990549,40.77576,-73.987481,40.771355
18.3,2012-03-14 22:35:24 UTC,-73.981207,40.76629,-73.986263,40.768157
21.0,2012-10-25 11:16:01 UTC,-73.96623,40.730257,-73.965289,40.740975
27.9,2011-05-21 17:27:59 UTC,-74.01167,40.742677,-74.006584,40.766652
23.5,2011-08-11 07:14:32 UTC,-73.991276,40.727552,-74.006969,40.729021
19.6,2011-12-23 08:22:07 UTC,-73.988053,40.737392,-73.980894,40.740731
20.2,2013-05-08 12:54:20 UTC,-73.981664,40.713701,-73.97758,40.705463
24.3,2012-09-12 04:47:57 UTC,-74.006027,40.746556,-73.989476,40.741542
16.9,2011-12-29 21:04:12 UTC,-73.984351,40.704916,-73.986541,40.703556
24.7,2012-10-29 10:24:50 UTC,-73.98621,40.743996,-73.972438,40.755773
19.7,2011-04-09 14:38:06 UTC,-74.000752,40.712543,-74.001198,40.720732
25.3,2012-02-26 02:44:38 UTC,-73.982359,40.756204,-73.980968,40.775498
23.2,2013-10-06 21:07:16 UTC,-73.990823,40.729617,-73.988014,40.714715
28.0,2013-12-11 00:45:16 UTC,-73.970088,40.758717,-73.949156,40.74548
23.9,2013-03-20 11:47:45 UTC,-73.997707,40.782447,-74.010101,40.793468
23.3,2013-01-21 07:22:59 UTC,-73.978203,40.797683,-73.973253,40.812172
15.9,2013-05-30 17:19:15 UTC,-73.996168,40.67416,-73.995745,40.674491
38.0,2012-01-11 23:07:37 UTC,-73.991995,40.724974,-73.99228,40.680318
20.4,2013-05-10 08:35:25 UTC,-73.974054,40.740907,-73.968224,40.733472
21.4,2012-05-17 16:14:08 UTC,-73.975306,40.76381,-73.964246,40.767165
20.9,2012-11-18 11:31:24 UTC,-73.98834,40.700489,-73.983024,40.691495
21.9,2012-02-06 14:31:05 UTC,-73.985388,40.720537,-73.973036,40.722388
25.2,2012-09-25 11:42:51 UTC,-74.009072,40.753911,-74.011582,40.772896
22.8,2011-08-14 05:55:53 UTC,-73.951945,40.752547,-73.95243,40.766808
22.1,2011-07-29 15:07:24 UTC,-73.966251,40.761329,-73.97626,40.769417
25.6,2011-04-06 19:21:30 UTC,-73.966971,40.76331,-73.947142,40.762666
18.3,2012-01-29 23:56:11 UTC,-74.011901,40.760158,-74.013768,40.755211
19.7,2012-08-26 05:58:19 UTC,-73.99191,40.75581,-73.994882,40.763387
18.7,2011-05-13 22:08:57 UTC,-73.986691,40.751672,-73.980624,40.751926
21.2,2011-08-09 15:53:45 UTC,-74.018621,40.769943,-74.00755,40.77054
24.1,2013-02-26 18:13:38 UTC,-73.962201,40.68282,-73.969122,40.667308
22.6,2012-11-20 01:10:53 UTC,-73.950922,40.79633,-73.939055,40.789185
19.7,2011-06-10 21:43:33 UTC,-73.938761,40.683866,-73.941794,40.691384
24.7,2011-08-30 06:57:48 UTC,-74.000918,40.717625,-73.986611,40.706614
18.6,2013-10-10 22:45:55 UTC,-73.977654,40.743197,-73.983063,40.745854
19.8,2012-12-01 02:58:37 UTC,-73.953544,40.770178,-73.946189,40.774303
18.0,2013-12-03 11:29:16 UTC,-73.985072,40.660142,-73.984645,40.664851
21.9,2013-04-06 09:34:19 UTC,-73.99134,40.749156,-74.002604,40.754759
23.4,2012-05-26 17:44:43 UTC,-74.01732,40.773772,-74.03148,40.780049
20.5,2011-08-07 16:35:22 UTC,-73.957348,40.779836,-73.964777,40.773598
24.5,2011-09-24 05:05:58 UTC,-73.980385,40.72908,-73.97046,40.714404
26.3,2012-05-03 14:33:35 UTC,-73.994587,40.740975,-74.014018,40.73224
19.6,2011-12-23 16:39:39 UTC,-73.974323,40.731516,-73.970983,40.738815
21.8,2011-07-23 20:39:18 UTC,-73.97694,40.73822,-73.974471,40.726211
25.5,2011-11-19 17:52:50 UTC,-73.976635,40.719045,-73.993458,40.708639
22.2,2011-03-24 14:05:15 UTC,-73.984342,40.723322,-73.992311,40.712861
25.7,2013-07-02 19:47:42 UTC,-73.947553,40.763031,-73.955541,40.744572
21.4,2012-11-19 16:11:44 UTC,-73.982673,40.753948,-73.982146,40.742478
24.5,2013-04-18 13:54:00 UTC,-73.947614,40.764748,-73.93295,40.774752
22.1,2011-02-18 03:20:36 UTC,-73.968718,40.75642,-73.957968,40.749253
24.6,2012-06-19 22:24:06 UTC,-73.972977,40.77113,-73.97658,40.753641
20.5,2012-09-30 09:16:28 UTC,-73.982265,40.776346,-73.99056,40.77123
23.8,2011-04-04 06:32:06 UTC,-73.960521,40.697749,-73.976105,40.702854
25.0,2013-06-08 23:10:08 UTC,-73.97774,40.724371,-73.981526,40.706063
22.2,2013-11-01 02:03:35 UTC,-73.998643,40.743059,-74.00763,40.752592
22.8,2012-03-16 12:22:18 UTC,-73.99931,40.74932,-73.999671,40.73491
17.6,2011-08-17 06:23:15 UTC,-73.97155,40.729897,-73.971533,40.725942
18.8,2013-09-15 12:30:01 UTC,-73.998148,40.777361,-74.002903,40.773278
19.2,2012-06-10 10:33:38 UTC,-73.981245,40.809398,-73.985791,40.803784
19.1,2011-07-15 10:28:01 UTC,-73.958856,40.755585,-73.965794,40.754937
20.3,2013-10-17 15:38:12 UTC,-73.973921,40.75253,-73.979045,40.760316
22.8,2013-03-15 16:20:43 UTC,-73.994443,40.775484,-73.980084,40.775076
19.6,2013-08-24 05:07:12 UTC,-73.9518,40.694025,-73.946622,40.687968
19.1,2011-08-17 01:40:10 UTC,-73.969042,40.750854,-73.963729,40.755428
20.8,2013-09-10 05:25:06 UTC,-73.959644,40.779371,-73.949525,40.781444
21.3,2012-09-06 18:05:42 UTC,-74.025351,40.730705,-74.016116,40.72401
22.8,2013-05-24 06:01:18 UTC,-73.973383,40.713203,-73.959135,40.713626
20.4,2011-11-20 05:48:56 UTC,-73.963157,40.744426,-73.957273,40.736902
20.1,2011-06-14 06:08:24 UTC,-73.945994,40.748179,-73.943943,40.739522
20.6,2011-07-12 18:05:17 UTC,-74.009276,40.72274,-74.015184,40.730798
20.3,2013-10-30 10:32:00 UTC,-73.955878,40.812885,-73.964119,40.817354
21.5,2013-05-18 19:00:51 UTC,-73.947112,40.735639,-73.93829,40.743343
18.9,2012-04-10 08:13:30 UTC,-74.020346,40.71539,-74.021456,40.721742
23.8,2012-04-19 16:54:45 UTC,-73.970428,40.747191,-73.984027,40.738319
27.2,2012-08-27 03:36:25 UTC,-73.967648,40.777236,-73.988578,40.787249
26.5,2013-03-31 16:21:24 UTC,-73.98654,40.750522,-73.965064,40.747546
22.4,2012-05-28 22:21:04 UTC,-73.989802,40.764568,-73.999661,40.77386
19.1,2013-10-26 19:20:12 UTC,-73.966643,40.723855,-73.973505,40.722604
22.0,2012-08-23 22:38:19 UTC,-73.9923,40.794631,-73.980019,40.797762
21.9,2011-06-10 13:55:35 UTC,-73.984345,40.766851,-73.996431,40.770284
20.5,2013-04-28 20:45:15 UTC,-73.963751,40.781431,-73.958437,40.789563
27.9,2012-09-23 19:28:27 UTC,-73.944919,40.760955,-73.926699,40.744609
28.8,2012-06-03 23:02:24 UTC,-73.96924,40.774747,-73.948102,40.758983
19.7,2011-10-02 00:01:14 UTC,-73.97733,40.723808,-73.981805,40.730526
17.4,2012-08-20 09:17:21 UTC,-73.990328,40.735258,-73.990448,40.738821
20.0,2012-07-11 16:26:12 UTC,-74.000212,40.790394,-74.004176,40.782638
17.5,2012-12-30 12:26:56 UTC,-73.957808,40.796792,-73.957988,40.800435
25.2,2013-01-20 18:48:29 UTC,-73.983069,40.715588,-73.970086,40.701508
33.4,2013-09-21 15:13:11 UTC,-73.956986,40.757492,-73.970979,40.790135
22.9,2012-04-21 10:16:39 UTC,-73.986591,40.737072,-73.980111,40.750187
18.9,2011-06-26 20:56:22 UTC,-73.992986,40.729089,-73.994941,40.735312
22.5,2012-03-23 10:56:56 UTC,-73.971584,40.758545,-73.957899,40.759301
22.9,2013-01-07 09:09:42 UTC,-73.981531,40.784229,-73.968377,40.778042
22.5,2013-06-10 05:35:23 UTC,-74.004111,40.76355,-74.008182,40.750448
16.4,2013-08-29 10:54:22 UTC,-73.943653,40.740415,-73.94476,40.739276
21.8,2011-06-04 12:36:05 UTC,-73.99254,40.765446,-73.983612,40.756848
22.0,2011-11-17 05:49:21 UTC,-73.961448,40.739201,-73.951615,40.731186
29.9,2013-05-22 23:24:14 UTC,-73.963163,40.762363,-73.987888,40.748196
20.3,2013-05-07 07:50:23 UTC,-74.005189,40.791894,-73.996294,40.794391
24.1,2011-06-25 05:05:53 UTC,-74.000048,40.687685,-73.983583,40.683915
18.6,2013-01-08 09:00:59 UTC,-73.98603,40.773918,-73.983474,40.779268
20.9,2011-10-29 03:57:11 UTC,-73.997313,40.703828,-73.987811,40.708399
22.1,2013-02-17 11:41:49 UTC,-73.945471,40.78685,-73.932683,40.789144
29.0,2012-07-04 06:10:35 UTC,-73.984004,40.730889,-73.981788,40.757484
21.4,2011-11-10 23:23:08 UTC,-73.962205,40.71347,-73.954063,40.721707
21.9,2011-05-08 22:40:09 UTC,-73.969727,40.770858,-73.9696,40.758252
17.9,2012-11-30 01:37:14 UTC,-73.97472,40.760925,-73.975241,40.765512
19.0,2013-03-21 05:02:55 UTC,-73.979194,40.720024,-73.985809,40.719484
22.4,2013-04-10 10:14:44 UTC,-73.955257,40.71241,-73.953527,40.698995
27.4,2012-09-19 09:37:46 UTC,-73.996502,40.744376,-73.977633,40.730159
20.7,2013-12-16 17:49:06 UTC,-73.945473,40.713877,-73.954498,40.718409
20.3,2013-06-29 17:17:51 UTC,-74.005744,40.718156,-73.999576,40.725131
21.1,2012-08-22 01:39:19 UTC,-73.96437,40.753469,-73.96116,40.743006
24.5,2013-09-20 10:25:06 UTC,-74.008103,40.721024,-73.993355,40.730726
24.1,2012-08-28 09:04:10 UTC,-73.986314,40.762796,-73.969685,40.765645
23.2,2013-12-24 01:55:00 UTC,-73.978134,40.794704,-73.987377,40.806663
21.8,2012-04-11 01:20:19 UTC,-73.989734,40.745543,-73.995476,40.75644
18.3,2012-04-15 20:23:03 UTC,-73.983633,40.753905,-73.988829,40.75232
24.2,2012-01-31 21:19:17 UTC,-74.007739,40.810543,-74.012581,40.826899
21.6,2013-05-14 23:13:35 UTC,-73.999749,40.714372,-74.003733,40.703131
27.7,2011-01-24 22:12:15 UTC,-73.970035,40.785737,-73.966564,40.80964
21.7,2012-10-25 21:25:01 UTC,-73.979407,40.782126,-73.98792,40.773338
19.2,2012-02-26 13:00:48 UTC,-73.993811,40.77563,-74.000918,40.775149
20.5,2012-08-09 18:34:42 UTC,-73.953514,40.788752,-73.96142,40.783081
18.7,2013-04-28 21:38:41 UTC,-74.004399,40.758417,-73.999472,40.754649
30.3,2013-07-27 02:51:09 UTC,-73.987232,40.732512,-73.987869,40.761748
18.2,2013-06-28 11:46:41 UTC,-73.990113,40.782837,-73.992526,40.77821
21.6,2013-03-10 09:31:25 UTC,-73.967699,40.783985,-73.976118,40.792496
23.7,2012-01-20 23:57:41 UTC,-73.979037,40.783159,-73.995077,40.780805
25.0,2013-04-28 23:38:06 UTC,-73.982163,40.751335,-73.965848,40.760701
18.7,2011-11-04 08:21:33 UTC,-74.016884,40.728514,-74.019772,40.723073
29.2,2011-04-20 16:00:08 UTC,-73.962699,40.755741,-73.935594,40.758302
20.6,2011-12-06 20:18:35 UTC,-73.984357,40.778267,-73.976629,40.784554
25.5,2011-06-17 12:03:08 UTC,-73.977687,40.780731,-73.959394,40.773512
30.3,2011-04-15 21:17:11 UTC,-73.994971,40.73711,-73.985036,40.764687
19.1,2013-05-23 10:38:08 UTC,-73.998117,40.759461,-73.996531,40.766271
18.8,2012-10-07 18:47:46 UTC,-73.950014,40.710737,-73.955991,40.708477
21.6,2013-10-27 15:04:15 UTC,-74.015465,40.779549,-74.025233,40.772576
21.2,2013-06-15 18:36:38 UTC,-74.001084,40.726501,-73.989887,40.727418
21.9,2011-06-14 16:25:21 UTC,-73.95039,40.773558,-73.94774,40.761398
25.1,2012-07-27 07:32:01 UTC,-73.967185,40.715521,-73.96102,40.733344
20.2,2013-03-08 14:19:59 UTC,-73.986509,40.780942,-73.978363,40.785255
17.5,2012-05-19 09:23:55 UTC,-73.955068,40.759655,-73.951508,40.758775
21.4,2011-02-06 03:12:24 UTC,-73.971063,40.726559,-73.975781,40.737019
21.8,2013-02-03 23:01:47 UTC,-73.975347,40.770741,-73.96522,40.763526
21.5,2012-06-28 18:08:27 UTC,-73.975489,40.732289,-73.977471,40.72073
16.4,2013-10-13 06:09:00 UTC,-73.970695,40.772487,-73.96979,40.771185
19.3,2013-12-01 20:08:59 UTC,-73.969886,40.741777,-73.962712,40.743052
18.3,2012-03-16 04:40:57 UTC,-73.936081,40.698369,-73.93667,40.703674
27.3,2013-07-06 08:22:06 UTC,-73.983898,40.720528,-74.002076,40.705765
21.3,2012-07-21 22:43:24 UTC,-73.983281,40.737088,-73.972875,40.732524
32.3,2013-09-13 08:05:54 UTC,-74.004738,40.791046,-73.992189,40.760211
26.5,2013-10-29 16:32:50 UTC,-73.981038,40.777034,-73.999349,40.765211
22.0,2012-11-30 05:36:30 UTC,-73.942742,40.798716,-73.953175,40.805868
26.8,2013-09-20 08:28:57 UTC,-73.96031,40.799609,-73.940072,40.809219
21.5,2011-01-14 03:35:52 UTC,-73.990873,40.733957,-73.988553,40.722537
17.3,2013-11-17 03:15:21 UTC,-73.979399,40.744345,-73.979364,40.741099
17.8,2012-12-16 15:50:39 UTC,-74.005929,40.737662,-74.010193,40.737918
23.1,2013-01-11 09:36:28 UTC,-73.999382,40.729855,-74.009689,40.740636
23.3,2012-09-30 17:09:41 UTC,-73.977011,40.694755,-73.978955,40.710046
20.6,2013-02-07 06:20:00 UTC,-73.989889,40.749558,-73.980145,40.751088
16.9,2013-06-18 19:09:22 UTC,-74.000892,40.711433,-74.001049,40.708827
23.5,2011-04-15 01:59:45 UTC,-73.970203,40.748975,-73.9641,40.734538
24.5,2012-06-28 01:38:09 UTC,-73.981645,40.813473,-73.963988,40.814554
26.4,2013-12-24 12:00:04 UTC,-74.011351,40.73472,-74.017156,40.755469
22.3,2012-08-14 14:48:27 UTC,-74.021503,40.755843,-74.018474,40.768745
20.7,2013-01-04 22:47:44 UTC,-73.9914,40.777199,-73.981356,40.778948
20.5,2012-09-10 16:48:33 UTC,-74.011765,40.758409,-74.021094,40.761443
19.2,2013-06-27 13:10:27 UTC,-74.017378,40.758775,-74.015598,40.751889
25.2,2013-09-18 02:58:30 UTC,-73.957421,40.739128,-73.938697,40.735557
17.5,2012-04-01 09:07:20 UTC,-73.981954,40.743044,-73.985357,40.74452
21.0,2012-12-17 17:04:05 UTC,-73.985309,40.7212,-73.974625,40.722706
20.7,2013-11-09 15:08:01 UTC,-73.983768,40.775381,-73.985179,40.785489
25.8,2011-12-22 21:57:24 UTC,-74.002757,40.697755,-73.984761,40.707376
24.3,2011-09-22 21:22:11 UTC,-73.97178,40.779133,-73.988235,40.784338
20.6,2013-03-12 10:09:29 UTC,-73.982614,40.707889,-73.981964,40.697898
24.5,2011-12-16 01:31:41 UTC,-73.995148,40.778878,-74.009937,40.769264
21.3,2013-06-30 11:00:52 UTC,-73.992153,40.739385,-73.999161,40.730507
19.4,2012-08-06 15:49:12 UTC,-74.004549,40.713044,-74.011617,40.715399
25.9,2011-02-22 11:07:09 UTC,-73.988125,40.767379,-73.990794,40.747116
21.6,2011-05-27 14:37:58 UTC,-73.984793,40.777863,-73.996675,40.7778
22.7,2012-09-20 10:19:19 UTC,-73.988646,40.736858,-73.989363,40.750944
19.7,2013-02-27 17:56:49 UTC,-73.978897,40.771618,-73.974292,40.778287
23.5,2013-04-21 01:25:29 UTC,-73.98157,40.681447,-73.996889,40.67794
20.4,2013-05-27 18:30:41 UTC,-73.975385,40.710382,-73.981734,40.7034
29.0,2013-01-28 03:05:13 UTC,-73.961138,40.788772,-73.935728,40.796829
17.9,2012-12-08 14:47:38 UTC,-73.96814,40.74329,-73.964847,40.74635
24.8,2011-05-25 18:50:48 UTC,-73.960908,40.694134,-73.979086,40.691669
23.2,2012-04-21 10:15:29 UTC,-73.996955,40.729034,-74.010959,40.723144
16.8,2012-10-27 23:21:24 UTC,-73.990172,40.722298,-73.987913,40.723062
17.2,2012-06-14 09:40:35 UTC,-73.966928,40.745021,-73.965921,40.741991
20.5,2011-01-23 14:12:24 UTC,-73.96657,40.738877,-73.972445,40.746721
28.2,2011-05-24 08:27:12 UTC,-73.993572,40.755368,-73.971639,40.76778
30.4,2012-11-11 12:30:20 UTC,-73.967768,40.747916,-73.941581,40.734244
21.9,2012-02-20 21:33:07 UTC,-73.998871,40.790792,-74.001514,40.778534
23.7,2013-04-06 08:47:01 UTC,-73.970379,40.762736,-73.961649,40.776217
20.3,2013-08-07 07:57:27 UTC,-73.980526,40.76373,-73.971294,40.765388
23.4,2012-02-25 08:00:40 UTC,-74.007689,40.784955,-73.99713,40.773638
229.5,2011-11-26 22:03:34 UTC,-73.988681,40.738337,-73.995082,40.748169
25.5,2012-01-17 09:46:10 UTC,-73.936355,40.712144,-73.91696,40.715561
26.7,2011-09-27 05:11:44 UTC,-73.975944,40.786209,-73.97663,40.808242
18.0,2013-07-01 15:34:01 UTC,-73.933991,40.754075,-73.929771,40.751722
21.2,2011-01-20 14:13:33 UTC,-74.008879,40.754181,-74.008858,40.765268
22.9,2013-11-20 07:41:57 UTC,-73.964985,40.731,-73.966382,40.716512
22.7,2011-09-10 18:07:27 UTC,-74.030687,40.731494,-74.027903,40.745455
23.2,2011-08-11 02:02:43 UTC,-73.980005,40.775402,-73.991864,40.784843
28.3,2013-05-03 16:35:16 UTC,-73.967376,40.77954,-73.987087,40.795583
21.3,2012-05-13 08:29:20 UTC,-73.963242,40.773515,-73.965376,40.784621
20.1,2011-10-18 20:46:45 UTC,-73.995985,40.773789,-74.00479,40.772798
22.1,2012-12-15 19:07:03 UTC,-73.959218,40.767071,-73.953743,40.75536
19.3,2012-11-14 07:37:46 UTC,-73.990674,40.753946,-73.986336,40.747925
24.4,2011-04-04 11:47:47 UTC,-73.983282,40.744739,-73.983147,40.727127
24.4,2011-08-01 19:19:59 UTC,-73.988666,40.78631,-73.973851,40.777101
17.8,2013-04-15 10:12:08 UTC,-74.002728,40.738788,-74.00279,40.743047
22.9,2011-03-18 15:25:37 UTC,-73.948606,40.761099,-73.963187,40.760622
17.2,2011-04-16 12:38:27 UTC,-73.97904,40.72588,-73.981276,40.723644
22.7,2013-04-05 18:23:18 UTC,-73.958254,40.730221,-73.946544,40.72229
28.6,2013-05-30 12:12:57 UTC,-73.959106,40.742915,-73.977948,40.725191
16.7,2012-06-23 20:01:09 UTC,-73.999359,40.725882,-74.000299,40.727703
19.1,2013-09-08 12:57:08 UTC,-73.955677,40.773936,-73.949923,40.777727
29.8,2011-05-22 15:19:14 UTC,-73.969932,40.709559,-73.943409,40.699643
22.2,2011-12-18 00:16:23 UTC,-74.000818,40.752977,-73.988735,40.747642
23.4,2012-10-14 14:47:15 UTC,-73.971023,40.753975,-73.969697,40.769397
22.0,2012-03-25 16:31:42 UTC,-74.000459,40.695676,-73.995252,40.707271
27.7,2011-09-21 19:02:11 UTC,-73.947871,40.736769,-73.966848,40.721925
20.9,2012-08-18 15:13:15 UTC,-73.963724,40.757671,-73.974221,40.756825
1.1,2013-12-18 20:48:42 UTC,-73.981423,40.762862,-73.974913,40.777411
17.0,2012-07-14 18:53:32 UTC,-73.954704,40.743871,-73.953092,40.741707
17.6,2013-08-12 11:14:17 UTC,-74.01164,40.770307,-74.008752,40.767617
21.1,2012-08-26 22:13:29 UTC,-73.994987,40.746721,-73.994646,40.757648
20.6,2013-04-09 14:06:14 UTC,-73.985048,40.75041,-73.985099,40.76028
20.3,2013-01-15 13:37:45 UTC,-73.935286,40.75755,-73.934257,40.766903
21.1,2011-09-06 21:43:10 UTC,-74.00141,40.77781,-74.01197,40.77519
19.1,2011-06-06 19:53:23 UTC,-74.014146,40.729728,-74.016435,40.736357
25.4,2013-12-25 21:19:32 UTC,-74.008888,40.735395,-74.021329,40.750343
18.7,2012-07-11 08:33:56 UTC,-73.961876,40.729933,-73.968072,40.729434
21.9,2013-12-14 07:15:53 UTC,-73.991884,40.740034,-73.979925,40.736
21.8,2012-09-19 14:00:21 UTC,-73.983182,40.792787,-73.984989,40.805088
26.3,2011-11-06 13:35:17 UTC,-73.964743,40.767182,-73.958785,40.787636
26.2,2012-05-09 08:17:02 UTC,-73.983162,40.716067,-73.982009,40.737217
18.3,2011-01-10 16:38:46 UTC,-73.975917,40.731987,-73.979766,40.728241
20.9,2012-12-31 10:48:04 UTC,-73.969296,40.761183,-73.979381,40.758443
21.2,2011-03-24 23:28:14 UTC,-73.988614,40.722805,-73.992614,40.712513
16.7,2011-04-21 04:54:11 UTC,-73.983326,40.72824,-73.981495,40.72942
21.7,2011-11-25 08:38:25 UTC,-73.975161,40.790349,-73.969359,40.779608
18.3,2012-10-03 22:22:58 UTC,-73.962636,40.731599,-73.961413,40.726332
20.4,2012-04-13 15:08:12 UTC,-73.995847,40.77864,-73.989353,40.785651
23.5,2013-07-12 18:51:16 UTC,-74.040412,40.78766,-74.055613,40.791559
25.7,2013-12-10 08:12:39 UTC,-73.966408,40.727996,-73.957742,40.709889
25.3,2012-09-12 14:42:43 UTC,-73.961446,40.723301,-73.972728,40.739004
23.0,2011-07-15 00:23:35 UTC,-73.975999,40.741716,-73.966164,40.730846
21.1,2011-05-28 08:44:43 UTC,-73.974634,40.717341,-73.96961,40.707732
26.8,2012-02-06 11:47:36 UTC,-73.991286,40.753631,-74.009988,40.741242
20.6,2012-06-20 11:20:24 UTC,-73.969996,40.74383,-73.962627,40.737218
22.3,2013-10-31 08:49:24 UTC,-73.962937,40.760817,-73.952986,40.751849
23.3,2012-09-19 16:13:00 UTC,-73.97887,40.791908,-73.966291,40.783184
28.5,2011-10-08 07:04:04 UTC,-73.930175,40.774525,-73.937861,40.749882
16.7,2012-09-08 02:18:22 UTC,-74.011275,40.764677,-74.009481,40.765976
19.3,2012-06-04 21:29:49 UTC,-73.976741,40.691019,-73.969796,40.693339
27.4,2011-05-24 00:01:13 UTC,-74.003487,40.763301,-73.996124,40.785745
18.8,2011-09-14 15:14:25 UTC,-73.962403,40.801679,-73.958308,40.806542
18.9,2013-07-31 11:15:13 UTC,-74.01163,40.659684,-74.015896,40.654718
23.4,2012-09-14 22:14:18 UTC,-74.006678,40.770681,-73.996799,40.758674
20.6,2011-03-13 01:01:26 UTC,-73.992664,40.745219,-73.982726,40.744256
18.0,2011-03-15 02:22:48 UTC,-73.974683,40.724506,-73.976226,40.728993
20.3,2013-09-14 22:03:13 UTC,-73.991909,40.774034,-73.999745,40.769
19.3,2012-01-08 09:28:00 UTC,-73.991709,40.801291,-73.998988,40.801901
27.3,2011-11-20 00:48:25 UTC,-73.983618,40.773257,-73.96997,40.79223
20.8,2012-12-19 12:59:01 UTC,-73.984845,40.738864,-73.975338,40.735023
25.1,2012-10-25 12:23:10 UTC,-73.950251,40.721696,-73.950451,40.702828
20.1,2011-07-06 21:14:09 UTC,-73.966282,40.754339,-73.968274,40.763074
24.6,2012-02-15 08:51:27 UTC,-73.986492,40.776195,-74.004173,40.779338
24.2,2012-07-30 16:30:43 UTC,-73.93806,40.738388,-73.938904,40.721298
22.0,2013-09-15 17:46:37 UTC,-73.970167,40.741289,-73.982078,40.745565
20.7,2013-01-12 16:05:39 UTC,-73.999379,40.83466,-73.997789,40.824681
22.0,2011-07-23 20:13:43 UTC,-73.97487,40.78236,-73.963017,40.786773
26.4,2013-12-13 19:14:30 UTC,-73.96929,40.784504,-73.979094,40.803576
17.1,2013-12-17 08:09:09 UTC,-73.993752,40.706191,-73.991367,40.704422
23.0,2011-09-10 06:27:29 UTC,-74.00105,40.728784,-73.991072,40.739617
21.9,2012-07-02 22:02:49 UTC,-73.978271,40.75224,-73.976068,40.739956
23.7,2011-10-26 14:20:51 UTC,-73.987204,40.719966,-73.992444,40.704772
25.7,2011-04-11 23:11:03 UTC,-73.950417,40.798012,-73.950314,40.818186
20.7,2012-01-28 06:41:27 UTC,-73.965177,40.792309,-73.955604,40.795388
19.1,2012-03-22 12:39:43 UTC,-73.992816,40.733994,-73.99019,40.74036
21.4,2012-03-17 00:15:21 UTC,-73.971481,40.803518,-73.971515,40.815038
22.0,2013-10-05 17:42:17 UTC,-73.954657,40.749872,-73.943096,40.744594
20.5,2013-04-18 17:25:07 UTC,-74.007876,40.827682,-74.002727,40.835933
22.5,2013-04-17 06:22:31 UTC,-74.000456,40.754341,-74.012485,40.761076
22.8,2011-03-27 09:42:56 UTC,-73.980223,40.767286,-73.973909,40.754338
24.6,2011-12-31 08:30:06 UTC,-73.979288,40.791997,-73.969792,40.807127
24.6,2013-06-23 12:57:02 UTC,-73.981044,40.788329,-73.993417,40.801398
28.7,2013-03-13 00:20:30 UTC,-73.986216,40.765322,-74.008903,40.752485
20.9,2011-06-29 01:31:56 UTC,-73.986521,40.745766,-73.996941,40.747769
16.9,2013-02-12 12:20:32 UTC,-73.972315,40.765424,-73.97334,40.763113
24.3,2013-03-10 19:18:32 UTC,-73.957321,40.725514,-73.947223,40.739698
24.0,2012-02-16 20:53:33 UTC,-73.989619,40.754564,-73.998529,40.740458
33.9,2011-07-11 14:13:18 UTC,-73.931232,40.716721,-73.925681,40.752745
30.1,2011-04-17 14:05:51 UTC,-73.940786,40.696574,-73.96971,40.694829
19.4,2012-08-07 04:19:33 UTC,-73.953415,40.751513,-73.951612,40.758897
22.9,2013-07-22 17:27:54 UTC,-73.96755,40.787868,-73.971618,40.801743
26.2,2013-05-09 23:12:42 UTC,-73.93984,40.777774,-73.918854,40.775814
25.1,2013-12-10 18:20:26 UTC,-73.985802,40.747543,-74.004723,40.746393
18.1,2011-05-02 18:23:25 UTC,-73.996652,40.80241,-73.996797,40.797381
26.1,2012-01-11 17:43:35 UTC,-73.990519,40.732928,-74.009502,40.724074
18.7,2013-07-13 16:03:43 UTC,-74.000059,40.692465,-74.005556,40.695184
24.2,2013-10-01 03:09:24 UTC,-73.977564,40.684537,-73.994576,40.683184
27.4,2013-09-17 02:46:01 UTC,-73.974003,40.714564,-73.950996,40.709471
18.5,2012-03-08 05:25:07 UTC,-73.975983,40.774499,-73.979539,40.769989
18.7,2012-06-22 17:53:00 UTC,-73.980249,40.730956,-73.982359,40.736718
19.6,2013-05-20 02:54:03 UTC,-73.977337,40.763829,-73.977764,40.755853
21.4,2013-03-19 04:50:14 UTC,-73.945274,40.799389,-73.956596,40.796919
22.6,2012-07-03 17:18:55 UTC,-73.967599,40.716997,-73.957047,40.725984
19.1,2013-09-12 06:09:37 UTC,-73.96155,40.764355,-73.955148,40.766827
22.6,2013-03-08 04:54:30 UTC,-73.976184,40.766169,-73.967005,40.755673
21.7,2011-07-30 19:57:38 UTC,-74.012312,40.724178,-74.024491,40.723939
21.7,2013-11-12 15:44:39 UTC,-74.016278,40.790626,-74.004924,40.794997
22.7,2011-01-06 05:40:35 UTC,-73.938344,40.741369,-73.928145,40.751262
19.6,2013-03-05 10:04:56 UTC,-73.990636,40.738487,-73.99296,40.730934
20.9,2011-09-01 06:26:46 UTC,-73.992335,40.813348,-73.983385,40.807763
19.4,2013-01-30 14:45:12 UTC,-73.975087,40.765683,-73.97236,40.758731
24.2,2013-06-25 12:25:21 UTC,-73.968992,40.777759,-73.984932,40.771304
17.9,2011-03-14 09:03:48 UTC,-73.966463,40.790647,-73.968291,40.794697
19.5,2013-12-05 23:17:42 UTC,-73.944512,40.730486,-73.949327,40.736431
20.9,2011-07-27 00:28:38 UTC,-73.949985,40.787495,-73.949131,40.798004
20.8,2011-05-04 09:08:58 UTC,-73.996219,40.734943,-73.986007,40.734031
26.4,2012-06-26 02:53:54 UTC,-73.960625,40.733661,-73.977039,40.719608
19.6,2013-02-20 14:01:23 UTC,-73.987682,40.74184,-73.992118,40.748535
19.8,2013-04-11 15:06:35 UTC,-73.98275,40.731338,-73.990969,40.732929
19.5,2012-09-17 23:26:36 UTC,-74.00188,40.774665,-74.009669,40.775264
23.3,2013-09-24 06:14:25 UTC,-74.013861,40.758016,-74.022093,40.745182
16.7,2013-12-24 23:03:28 UTC,-73.980631,40.735263,-73.97995,40.733305
22.1,2013-01-16 17:45:21 UTC,-73.99912,40.770235,-73.993888,40.758299
18.6,2012-01-30 09:58:16 UTC,-73.961444,40.741745,-73.95796,40.746564
18.0,2012-09-14 15:20:12 UTC,-73.985622,40.740158,-73.983765,40.735859
19.7,2011-05-19 10:05:00 UTC,-73.973828,40.751461,-73.967611,40.746265
29.8,2012-09-21 05:12:21 UTC,-73.952649,40.763904,-73.928846,40.748532
20.8,2012-07-21 21:36:46 UTC,-74.009706,40.761695,-74.008347,40.771966
20.9,2013-05-08 17:51:13 UTC,-73.994492,40.739103,-73.984281,40.736517
20.5,2012-10-01 14:57:04 UTC,-73.976382,40.775413,-73.96674,40.776283
25.3,2012-03-17 03:31:33 UTC,-73.97375,40.743328,-73.955972,40.735973
24.3,2013-12-23 06:41:47 UTC,-73.95793,40.73035,-73.952325,40.713845
20.6,2012-12-14 17:16:29 UTC,-73.962657,40.705959,-73.9711,40.700643
18.0,2011-03-01 12:00:00 UTC,-73.978061,40.779495,-73.975013,40.77578
17.6,2011-08-27 00:37:24 UTC,-73.973932,40.750372,-73.971421,40.753299
20.1,2012-02-14 12:58:27 UTC,-73.973378,40.756326,-73.965227,40.752776
21.3,2011-12-23 08:29:56 UTC,-74.009394,40.781374,-74.018128,40.774191
25.5,2013-12-07 07:48:46 UTC,-73.983128,40.735678,-73.970464,40.720644
15.9,2011-02-25 00:11:04 UTC,-73.975031,40.708768,-73.974978,40.709253
21.4,2013-06-20 00:24:00 UTC,-73.970829,40.752093,-73.962435,40.744128
22.4,2012-11-02 09:41:02 UTC,-73.998487,40.759239,-73.995391,40.772447
16.6,2011-02-18 18:59:42 UTC,-74.005376,40.742115,-74.00415,40.743616
18.7,2012-02-17 17:01:08 UTC,-73.984691,40.794212,-73.982352,40.799833
19.2,2012-02-24 16:48:11 UTC,-73.940653,40.675415,-73.933933,40.672927
25.5,2013-07-04 17:02:42 UTC,-73.996385,40.783602,-73.976798,40.785615
26.7,2011-02-26 17:03:16 UTC,-73.956521,40.773735,-73.976695,40.764827
22.1,2011-02-15 09:14:32 UTC,-73.948305,40.763703,-73.942905,40.751921
15.9,2013-04-27 10:54:19 UTC,-73.979091,40.649923,-73.978651,40.650074
18.6,2011-08-18 23:53:15 UTC,-73.993597,40.788517,-73.995368,40.794221
30.9,2013-01-07 00:23:23 UTC,-73.969744,40.719207,-73.993376,40.699749
19.5,2012-12-13 21:11:16 UTC,-73.9761,40.734769,-73.970298,40.729778
24.9,2012-08-23 14:29:50 UTC,-73.997182,40.744882,-73.998432,40.763303
20.4,2012-06-22 21:09:57 UTC,-73.993176,40.762223,-74.00152,40.767015
23.3,2011-01-12 13:30:31 UTC,-73.970928,40.769183,-73.970504,40.784559
19.1,2013-09-27 12:34:52 UTC,-73.961331,40.776785,-73.964259,40.770445
24.6,2012-07-11 20:09:15 UTC,-73.986456,40.774476,-74.00388,40.769897
20.5,2012-10-08 03:26:51 UTC,-73.981383,40.757588,-73.980501,40.767255
19.9,2012-04-17 10:47:19 UTC,-73.966627,40.762478,-73.960826,40.768713
18.4,2012-01-18 16:44:10 UTC,-73.98345,40.717277,-73.988942,40.716334
22.1,2013-07-14 02:40:37 UTC,-73.985987,40.727469,-73.983369,40.714844
21.4,2011-04-27 10:47:50 UTC,-73.995107,40.776864,-73.994026,40.788432
29.2,2013-03-24 16:34:03 UTC,-73.995454,40.775116,-73.984999,40.800219
23.5,2011-12-02 20:25:56 UTC,-73.926622,40.771714,-73.927659,40.755995
23.7,2011-05-27 16:44:25 UTC,-73.983924,40.734567,-73.975913,40.748604
18.4,2012-10-23 22:57:55 UTC,-73.952699,40.777315,-73.955832,40.772632
25.6,2012-10-29 00:43:35 UTC,-73.94632,40.715163,-73.926647,40.711828
18.2,2012-11-10 05:20:08 UTC,-73.983672,40.782321,-73.98804,40.785017
22.6,2012-04-05 10:15:15 UTC,-73.972631,40.742174,-73.979481,40.730119
16.2,2012-01-14 01:41:43 UTC,-73.97795,40.800525,-73.978955,40.800154
24.5,2011-03-13 10:41:12 UTC,-74.012244,40.704357,-74.019524,40.688244
22.3,2011-12-03 06:23:02 UTC,-74.011039,40.802902,-74.023526,40.807663
27.4,2013-10-08 12:18:06 UTC,-73.979023,40.739156,-73.971747,40.761493
31.3,2013-06-23 18:44:53 UTC,-73.988498,40.738616,-74.019125,40.73222
19.3,2012-09-07 21:17:22 UTC,-73.942168,40.755845,-73.949344,40.754158
22.4,2013-02-08 17:49:10 UTC,-73.984731,40.729088,-73.998149,40.727893
20.6,2013-02-04 06:30:47 UTC,-73.940981,40.74783,-73.93956,40.757695
26.8,2011-02-16 13:27:52 UTC,-73.989528,40.727871,-74.011419,40.731927
21.0,2012-09-10 15:18:16 UTC,-73.941756,40.728968,-73.936277,40.738172
19.8,2011-05-03 05:42:48 UTC,-73.969872,40.764607,-73.963311,40.759544
24.1,2013-04-20 17:16:30 UTC,-73.968734,40.722953,-73.98506,40.727289
32.5,2011-01-23 21:53:04 UTC,-73.990235,40.726954,-73.988329,40.693276
19.9,2011-08-23 03:58:35 UTC,-73.968462,40.708816,-73.963301,40.715491
23.3,2013-04-05 23:54:56 UTC,-73.946146,40.734882,-73.936743,40.722704
23.2,2012-10-18 06:25:03 UTC,-73.982897,40.789348,-73.997586,40.786072
24.5,2011-11-07 12:11:00 UTC,-73.986788,40.724622,-74.002884,40.732075
26.4,2012-06-16 18:20:51 UTC,-73.984935,40.728051,-73.969909,40.71269
22.5,2013-12-26 16:43:31 UTC,-73.947598,40.755818,-73.955817,40.766712
18.3,2013-02-16 07:14:04 UTC,-73.962893,40.738876,-73.968167,40.737633
23.6,2013-12-27 20:51:50 UTC,-73.951046,40.816845,-73.944715,40.831376
23.0,2012-08-13 16:43:02 UTC,-73.973728,40.745124,-73.98542,40.736096
24.8,2012-08-08 14:41:55 UTC,-73.979214,40.760057,-73.981872,40.741929
20.1,2013-11-12 17:00:34 UTC,-73.971521,40.778313,-73.962604,40.778024
23.3,2012-05-15 11:00:02 UTC,-73.958597,40.777737,-73.972808,40.783608
19.8,2013-12-26 04:18:28 UTC,-73.984942,40.756999,-73.989942,40.763708
23.6,2012-08-23 00:35:28 UTC,-73.952626,40.745166,-73.963894,40.733811
24.6,2013-06-08 03:48:13 UTC,-73.972683,40.810721,-73.980423,40.794475
21.8,2012-02-21 21:47:02 UTC,-74.028126,40.747007,-74.016269,40.743884
23.1,2013-05-02 08:22:03 UTC,-73.96233,40.736749,-73.948279,40.741914
18.3,2011-10-04 04:42:30 UTC,-74.005446,40.730625,-74.002868,40.735282
23.9,2011-08-01 08:57:34 UTC,-73.962817,40.698196,-73.957494,40.713917
18.8,2011-10-21 23:10:40 UTC,-73.96197,40.774648,-73.956921,40.770914
25.5,2012-06-24 14:54:59 UTC,-73.973402,40.679558,-73.980126,40.661109
21.7,2012-03-26 00:51:53 UTC,-73.969126,40.749828,-73.966745,40.761795
22.2,2013-02-28 13:48:56 UTC,-73.958023,40.743854,-73.970976,40.745806
20.6,2013-06-09 13:43:15 UTC,-73.989913,40.817199,-73.999498,40.820021
19.5,2011-11-29 05:48:11 UTC,-73.964131,40.69505,-73.964999,40.702721
23.9,2011-02-24 18:37:38 UTC,-73.95674,40.722967,-73.967349,40.735603
22.0,2013-03-07 04:05:30 UTC,-73.944798,40.745917,-73.957526,40.745687
22.5,2011-03-21 15:45:32 UTC,-74.002116,40.744074,-74.009235,40.75584
22.0,2012-12-17 19:09:23 UTC,-73.97183,40.733514,-73.960366,40.739035
24.1,2011-03-15 08:30:12 UTC,-73.99923,40.74757,-73.983658,40.741015
16.8,2012-07-17 01:48:27 UTC,-74.000078,40.712213,-74.000404,40.709881
19.9,2012-04-11 22:44:31 UTC,-73.972819,40.760716,-73.966997,40.766883
20.2,2013-01-06 01:32:55 UTC,-73.978451,40.680355,-73.984086,40.673267
26.9,2011-03-08 06:23:21 UTC,-73.9571,40.749227,-73.977756,40.758092
20.2,2012-05-07 22:29:59 UTC,-73.986924,40.731989,-73.995859,40.733571
18.1,2011-11-08 20:06:32 UTC,-73.982681,40.780489,-73.985764,40.784305
22.9,2013-08-22 16:27:07 UTC,-73.97577,40.802659,-73.97436,40.817064
17.5,2011-05-12 01:04:32 UTC,-73.997237,40.740068,-73.998246,40.743634
17.1,2011-05-01 04:37:33 UTC,-73.994461,40.791722,-73.997278,40.792436
18.5,2012-09-25 00:03:38 UTC,-73.957678,40.740517,-73.963424,40.739691
17.5,2012-07-19 00:32:07 UTC,-73.990979,40.721016,-73.98754,40.71967
22.6,2012-06-11 20:44:54 UTC,-73.95635,40.802377,-73.969989,40.8055
23.5,2013-12-21 19:41:11 UTC,-73.967854,40.765623,-73.959833,40.779257
19.9,2013-04-12 09:08:02 UTC,-74.010951,40.750133,-74.016814,40.744015
26.5,2011-04-16 18:15:23 UTC,-73.969392,40.770615,-73.948721,40.763741
22.2,2013-04-25 02:33:32 UTC,-73.96955,40.758226,-73.972704,40.771077
19.3,2012-02-12 08:12:01 UTC,-73.971541,40.747923,-73.976343,40.742262
18.6,2012-12-11 15:20:18 UTC,-73.982838,40.710207,-73.988464,40.712368
19.4,2013-03-25 21:10:32 UTC,-73.998801,40.741884,-74.003503,40.735966
24.6,2012-02-20 20:38:19 UTC,-73.953076,40.768698,-73.947003,40.751903
16.6,2013-03-20 04:08:24 UTC,-73.982032,40.746317,-73.982454,40.748299
23.1,2012-04-17 00:01:18 UTC,-73.997668,40.77707,-73.987797,40.788221
18.0,2013-11-09 09:40:41 UTC,-73.970851,40.76151,-73.966206,40.760889
23.0,2011-11-22 16:59:24 UTC,-73.994856,40.723656,-73.994541,40.708839
17.6,2012-04-30 03:29:19 UTC,-73.998982,40.710425,-73.995252,40.711516
22.7,2012-01-22 22:50:17 UTC,-73.987509,40.745285,-73.975546,40.737725
29.1,2012-03-15 03:07:16 UTC,-73.993308,40.734273,-73.986741,40.708078
17.1,2013-01-04 04:44:56 UTC,-73.998245,40.76009,-73.995439,40.759281
19.0,2013-09-19 12:03:21 UTC,-73.963872,40.728456,-73.959644,40.733633
23.9,2013-09-12 23:45:34 UTC,-73.982277,40.731538,-73.993803,40.743315
31.2,2013-11-26 06:32:30 UTC,-73.954954,40.781592,-73.929237,40.799161
19.8,2012-01-16 11:10:23 UTC,-73.99709,40.754446,-73.991809,40.760955
21.3,2011-06-15 21:33:18 UTC,-74.014551,40.728918,-74.008272,40.738254
22.1,2013-09-06 23:13:32 UTC,-73.977025,40.750529,-73.977312,40.737684
29.7,2013-10-30 15:03:26 UTC,-73.94288,40.791367,-73.965856,40.807586
22.1,2012-09-28 10:15:58 UTC,-73.96938,40.758814,-73.972034,40.771487
17.5,2011-04-07 15:18:20 UTC,-73.915693,40.767789,-73.914933,40.764117
21.0,2011-01-09 08:26:16 UTC,-73.973359,40.727433,-73.981587,40.73425
20.7,2013-07-28 12:07:15 UTC,-73.975289,40.780793,-73.983604,40.786603
23.2,2013-11-22 00:11:05 UTC,-74.023107,40.819543,-74.0265,40.834245
19.6,2012-05-31 15:17:48 UTC,-73.971441,40.726256,-73.963726,40.724745
22.9,2013-04-29 00:18:53 UTC,-73.976627,40.714543,-73.964069,40.707081
18.2,2012-01-22 04:54:39 UTC,-73.988148,40.755266,-73.986439,40.750366
20.9,2012-11-20 20:30:32 UTC,-73.982736,40.776265,-73.988409,40.785233
25.4,2012-09-14 17:56:38 UTC,-73.981362,40.747258,-73.984986,40.72806
30.6,2013-02-22 15:46:37 UTC,-73.983599,40.718404,-73.982603,40.688433
20.2,2013-01-16 20:47:24 UTC,-73.938206,40.746742,-73.936025,40.755685
18.2,2012-07-03 21:58:15 UTC,-73.987417,40.767943,-73.983068,40.770691
17.8,2013-03-30 15:11:16 UTC,-73.976614,40.737789,-73.981007,40.737974
22.7,2011-12-11 12:07:55 UTC,-73.988078,40.768218,-73.982785,40.755162
24.5,2011-09-25 08:02:34 UTC,-73.964331,40.784941,-73.959829,40.767842
19.4,2011-02-02 21:49:55 UTC,-73.976465,40.757207,-73.980416,40.750862
24.4,2012-01-28 08:17:49 UTC,-73.985598,40.749162,-74.002793,40.752779
20.9,2013-11-18 06:26:35 UTC,-74.018519,40.77488,-74.027369,40.769023
24.7,2013-11-06 23:33:45 UTC,-73.975134,40.724317,-73.959458,40.733318
25.4,2011-03-08 04:13:02 UTC,-73.986192,40.721359,-74.003127,40.711818
22.7,2013-11-12 06:29:49 UTC,-73.981215,40.742003,-73.96804,40.736809
25.0,2011-08-25 22:26:53 UTC,-74.003649,40.735244,-74.020935,40.742276
458.0,2012-04-17 12:15:40 UTC,-73.951334,40.7259,-73.959066,40.722131
434.2,2012-11-25 04:21:16 UTC,-73.962865,40.804914,-73.966612,40.801641
25.1,2013-06-04 03:48:08 UTC,-73.951386,40.81516,-73.933563,40.808725
19.8,2011-09-15 23:49:52 UTC,-73.95706,40.739389,-73.956799,40.731099
17.7,2011-05-03 21:42:12 UTC,-73.968154,40.752752,-73.970294,40.756293
20.9,2013-12-18 00:16:11 UTC,-74.002846,40.744365,-74.012199,40.749202
18.5,2011-09-17 20:12:30 UTC,-73.943132,40.783225,-73.937913,40.785496
19.6,2011-02-10 06:22:23 UTC,-73.998553,40.789169,-74.00368,40.783008
17.2,2011-03-10 16:29:08 UTC,-73.985368,40.696682,-73.987658,40.694667
23.8,2011-03-30 18:15:20 UTC,-73.965862,40.76428,-73.969445,40.78024
23.6,2013-04-13 09:15:36 UTC,-73.964869,40.710795,-73.957671,40.696585
25.8,2011-11-29 12:31:44 UTC,-73.968555,40.802748,-73.960937,40.821607
20.1,2011-02-16 13:07:42 UTC,-73.988006,40.763207,-73.99691,40.764205
18.9,2011-07-29 23:35:25 UTC,-73.992139,40.7253,-73.998411,40.723498
21.6,2012-02-19 00:28:04 UTC,-73.929309,40.74276,-73.936568,40.752294
26.0,2013-02-07 22:39:02 UTC,-73.980786,40.741331,-73.978953,40.720658
23.9,2012-08-01 06:35:34 UTC,-73.983235,40.765753,-73.974168,40.779557
25.0,2013-11-04 07:02:28 UTC,-73.994271,40.781257,-73.992304,40.799835
27.9,2012-06-25 06:17:10 UTC,-73.975107,40.715554,-73.997013,40.726434
26.8,2012-03-02 16:59:37 UTC,-73.97604,40.805163,-73.968442,40.78414
23.4,2011-11-26 18:02:35 UTC,-73.980325,40.798171,-73.993814,40.805812
24.6,2011-05-23 00:40:42 UTC,-73.972365,40.72374,-73.979518,40.7402
23.4,2012-09-18 12:25:15 UTC,-73.944729,40.752184,-73.942745,40.767612
22.7,2012-04-25 19:12:32 UTC,-73.991901,40.801324,-73.99274,40.787243
22.3,2012-05-31 04:13:26 UTC,-73.979138,40.786988,-73.970411,40.797151
25.1,2013-02-20 07:03:38 UTC,-73.992957,40.739898,-73.999064,40.757853
20.5,2011-12-05 14:53:03 UTC,-73.974106,40.77443,-73.983772,40.774725
23.1,2012-08-29 08:52:12 UTC,-73.991369,40.839916,-73.994486,40.825389
22.0,2012-05-17 13:53:09 UTC,-73.990509,40.753155,-73.980739,40.761441
21.8,2012-09-15 04:22:26 UTC,-74.00919,40.731021,-74.002894,40.741559
16.5,2013-12-29 01:44:12 UTC,-73.978044,40.755173,-73.977173,40.753781
24.5,2011-01-19 00:39:31 UTC,-73.971405,40.757397,-73.958145,40.745489
23.2,2013-11-11 15:28:01 UTC,-73.94279,40.734264,-73.931342,40.744083
21.1,2012-07-05 05:47:54 UTC,-73.97061,40.763249,-73.962725,40.755561
21.8,2012-08-09 16:54:50 UTC,-73.988994,40.712368,-74.000774,40.716341
24.4,2011-04-17 07:21:03 UTC,-74.007194,40.730034,-73.999361,40.745616
24.0,2013-06-16 15:30:05 UTC,-74.004426,40.772747,-74.006449,40.756159
20.6,2012-08-24 18:27:07 UTC,-74.005913,40.697354,-74.009862,40.706432
19.2,2011-01-24 15:43:36 UTC,-73.942439,40.777095,-73.949265,40.775029
16.9,2013-12-15 23:50:31 UTC,-73.974244,40.689641,-73.975961,40.687834
19.7,2012-03-09 08:01:24 UTC,-73.991659,40.69806,-73.997917,40.703203
19.6,2013-06-02 11:01:41 UTC,-73.999197,40.735031,-73.9975,40.727317
21.6,2013-08-18 03:56:11 UTC,-73.997122,40.758606,-73.998852,40.746856
24.6,2012-10-10 03:40:27 UTC,-73.992186,40.789758,-73.989981,40.771916
22.4,2011-06-19 13:21:24 UTC,-73.953675,40.751729,-73.948142,40.764046
18.0,2012-03-20 17:05:17 UTC,-73.980599,40.742603,-73.983543,40.738887
20.3,2012-09-19 15:14:47 UTC,-74.008949,40.767387,-74.016322,40.773087
26.0,2012-03-31 12:54:42 UTC,-73.933791,40.723873,-73.953855,40.719023
22.6,2011-07-07 06:16:49 UTC,-74.002803,40.754182,-73.995097,40.742565
18.9,2011-10-15 21:54:50 UTC,-73.991817,40.714017,-73.991029,40.72054
17.5,2011-10-30 22:53:28 UTC,-73.953797,40.752478,-73.955559,40.755757
21.6,2013-11-11 00:28:47 UTC,-73.971697,40.746105,-73.959978,40.743736
22.2,2013-01-31 02:54:09 UTC,-73.989398,40.725872,-74.002284,40.728891
20.4,2012-04-11 04:06:45 UTC,-74.004627,40.754951,-74.004065,40.745346
22.8,2012-11-05 12:12:09 UTC,-73.999334,40.754756,-74.008974,40.765362
22.9,2012-07-31 05:07:35 UTC,-73.99813,40.785264,-73.99157,40.798188
27.4,2011-10-08 11:59:46 UTC,-73.979859,40.701831,-74.002121,40.709424
20.1,2013-11-29 06:45:22 UTC,-73.976179,40.747719,-73.968139,40.743999
19.5,2011-10-29 21:12:20 UTC,-73.982973,40.727192,-73.975346,40.727786
24.7,2013-02-07 18:59:32 UTC,-73.980784,40.776093,-73.990014,40.791781
22.0,2011-09-17 09:02:26 UTC,-74.001014,40.772617,-74.000351,40.785429
26.6,2013-01-08 05:05:54 UTC,-73.974137,40.765236,-73.983153,40.785175
20.1,2013-09-09 00:15:23 UTC,-73.95439,40.728885,-73.950114,40.72108
21.6,2013-08-22 08:41:12 UTC,-73.983256,40.776564,-73.975054,40.767862
20.7,2011-11-21 04:30:27 UTC,-73.983646,40.704096,-73.993696,40.70544
22.4,2013-03-08 17:43:26 UTC,-73.97834,40.697941,-73.991307,40.70201
21.2,2013-05-16 06:48:50 UTC,-73.957636,40.711724,-73.946672,40.710301
25.5,2011-08-13 23:30:36 UTC,-73.997894,40.748996,-73.978483,40.745099
22.4,2013-12-18 01:32:38 UTC,-73.950983,40.770255,-73.946039,40.782929
18.5,2012-03-20 10:42:31 UTC,-73.971576,40.660719,-73.965891,40.659812
21.9,2012-06-13 16:33:38 UTC,-73.979426,40.789682,-73.982747,40.77753
21.2,2013-05-23 21:52:34 UTC,-73.955735,40.753933,-73.953935,40.742936
17.8,2011-03-17 02:10:43 UTC,-74.003641,40.702967,-74.000134,40.705437
30.7,2011-01-25 15:31:19 UTC,-73.969559,40.753028,-73.971385,40.783055
24.0,2013-06-18 21:37:52 UTC,-73.971394,40.782776,-73.957895,40.773016
17.4,2012-12-03 14:00:02 UTC,-73.998709,40.767983,-73.996942,40.764834
27.8,2013-01-10 21:16:13 UTC,-73.970787,40.782972,-73.967731,40.80702
18.2,2013-06-16 23:46:12 UTC,-73.974334,40.709013,-73.975954,40.70417
17.9,2011-11-03 21:15:17 UTC,-73.983575,40.73758,-73.984178,40.742134
26.8,2012-01-26 12:35:40 UTC,-73.962744,40.722259,-73.950557,40.741018
20.4,2013-09-16 09:40:06 UTC,-73.991435,40.801527,-73.989976,40.792013
17.4,2011-09-28 07:18:42 UTC,-73.974594,40.769181,-73.972901,40.766088
18.2,2012-11-07 01:41:47 UTC,-73.982633,40.83541,-73.980811,40.830567
23.4,2013-04-24 07:40:42 UTC,-73.992294,40.735972,-73.995939,40.720793
26.2,2012-05-17 15:41:55 UTC,-73.969942,40.72826,-73.984022,40.743953
24.0,2012-03-03 05:27:31 UTC,-73.984155,40.745715,-73.968429,40.739861
22.5,2011-12-30 09:49:17 UTC,-74.00946,40.791351,-73.998777,40.782588
22.3,2013-04-15 08:06:49 UTC,-74.016021,40.739016,-74.003531,40.734572
22.7,2011-03-05 10:06:40 UTC,-73.964219,40.753733,-73.974944,40.763021
22.9,2013-10-23 16:01:14 UTC,-74.004412,40.752901,-73.989963,40.75403
26.2,2012-01-03 19:21:03 UTC,-73.974412,40.751185,-73.954744,40.743268
21.2,2011-09-01 05:37:25 UTC,-73.978901,40.730428,-73.968453,40.73452
24.8,2013-11-06 23:27:34 UTC,-73.987371,40.745881,-73.970892,40.754007
19.6,2012-06-26 12:53:34 UTC,-73.940867,40.744597,-73.932888,40.744359
20.0,2012-02-04 14:42:17 UTC,-73.976407,40.749773,-73.984873,40.747425
21.3,2013-05-28 04:47:47 UTC,-73.964887,40.778306,-73.959811,40.788464
20.8,2013-01-28 02:51:44 UTC,-73.974304,40.802819,-73.984507,40.801027
24.2,2012-05-16 02:27:38 UTC,-73.984631,40.724787,-73.990605,40.740869
19.7,2012-01-16 05:08:11 UTC,-73.980382,40.73824,-73.977219,40.730664
19.6,2013-09-28 00:50:18 UTC,-73.950829,40.72525,-73.949009,40.717441
20.7,2011-02-24 22:12:43 UTC,-73.958238,40.755613,-73.953607,40.746575
24.7,2012-12-05 18:28:23 UTC,-73.94096,40.73385,-73.958881,40.731461
16.4,2012-05-17 22:27:46 UTC,-73.975567,40.757194,-73.97711,40.757219
22.8,2011-08-23 23:37:10 UTC,-73.997539,40.783109,-73.992049,40.769852
19.4,2011-07-14 14:00:06 UTC,-73.98881,40.674225,-73.981327,40.675193
20.6,2011-01-01 16:31:08 UTC,-74.003756,40.764753,-73.995618,40.770407
23.1,2012-02-17 22:44:42 UTC,-73.964659,40.736194,-73.962147,40.721539
18.9,2011-12-15 19:37:32 UTC,-73.991718,40.763813,-73.995511,40.758601
19.4,2012-01-31 21:19:54 UTC,-74.041106,40.723106,-74.036092,40.728781
21.3,2013-12-10 16:35:02 UTC,-73.930724,40.785888,-73.933722,40.774994
20.4,2012-10-02 17:26:52 UTC,-73.991412,40.777398,-73.982401,40.774239
21.5,2012-09-14 07:32:19 UTC,-73.991532,40.767051,-73.987259,40.777932
24.6,2011-12-22 04:22:44 UTC,-73.946568,40.773797,-73.947185,40.791749
20.1,2013-10-16 23:14:05 UTC,-74.004165,40.727631,-74.011855,40.732031
21.3,2012-11-03 22:18:12 UTC,-73.957268,40.731411,-73.946073,40.729719
19.4,2011-01-29 05:14:15 UTC,-73.991749,40.772573,-73.986158,40.767559
27.1,2011-05-31 15:09:53 UTC,-74.006476,40.726968,-73.985446,40.736076
21.9,2013-07-01 16:55:43 UTC,-73.945886,40.793369,-73.940623,40.804703
22.2,2012-11-15 11:45:09 UTC,-73.961538,40.740292,-73.955439,40.728728
24.3,2012-11-06 18:06:25 UTC,-73.9616,40.765057,-73.976253,40.774161
19.0,2012-01-02 23:37:02 UTC,-73.972647,40.812977,-73.969542,40.806907
20.2,2011-09-12 15:01:30 UTC,-73.968018,40.728813,-73.971183,40.720218
19.8,2013-04-18 10:57:06 UTC,-74.004643,40.752063,-73.996379,40.750526
20.9,2013-01-25 06:03:28 UTC,-73.977768,40.781625,-73.974421,40.791542
20.8,2011-05-13 22:28:29 UTC,-73.998575,40.778538,-73.988723,40.781632
26.4,2012-02-14 18:25:36 UTC,-74.007779,40.740166,-73.986453,40.742989
20.0,2013-09-13 18:52:29 UTC,-73.971781,40.734498,-73.979765,40.738023
20.9,2011-09-16 10:06:48 UTC,-73.956837,40.743006,-73.94737,40.747683
19.1,2011-10-24 09:12:14 UTC,-73.987667,40.793436,-73.980831,40.792294
26.0,2011-05-07 04:28:34 UTC,-73.98424,40.741627,-73.964447,40.747946
20.5,2011-04-01 07:31:19 UTC,-74.002763,40.752343,-73.995709,40.745747
20.1,2011-11-16 09:12:28 UTC,-73.979856,40.737196,-73.973842,40.743706
21.7,2011-03-02 21:07:28 UTC,-73.964798,40.771166,-73.956284,40.779736
21.4,2012-07-06 21:20:11 UTC,-73.964169,40.754666,-73.954957,40.761657
23.8,2013-02-17 01:49:40 UTC,-73.969096,40.719897,-73.954553,40.727407
20.3,2011-07-13 01:02:15 UTC,-73.992369,40.720935,-74.000562,40.725584
21.8,2013-05-04 17:19:24 UTC,-73.993003,40.690042,-73.996926,40.701776
29.9,2012-10-31 17:41:10 UTC,-73.964092,40.72506,-73.946739,40.702344
26.3,2011-08-09 16:25:55 UTC,-73.96376,40.773818,-73.983347,40.782356
25.5,2011-10-06 23:51:47 UTC,-73.98344,40.789713,-73.984287,40.809467
18.8,2011-10-03 12:01:23 UTC,-73.988523,40.770567,-73.987028,40.764348
19.4,2013-07-11 01:56:13 UTC,-73.956655,40.766639,-73.958424,40.759302
25.8,2013-02-10 16:12:35 UTC,-73.987199,40.746204,-73.971389,40.759067
20.8,2012-11-05 11:53:54 UTC,-73.965081,40.773247,-73.960322,40.76398
19.5,2013-06-20 21:09:43 UTC,-73.982737,40.758588,-73.98661,40.751921
18.9,2013-11-10 09:09:22 UTC,-74.000951,40.804133,-74.007295,40.805833
19.9,2012-02-20 19:09:28 UTC,-73.947754,40.747047,-73.944936,40.739057
22.9,2011-11-04 18:45:33 UTC,-73.977599,40.79029,-73.965939,40.79904
19.6,2013-05-18 19:07:06 UTC,-73.994215,40.776223,-73.992831,40.768315
17.6,2013-04-17 10:43:17 UTC,-74.007816,40.772063,-74.00916,40.77567
19.4,2011-08-31 09:56:28 UTC,-74.0058,40.689655,-74.012753,40.6925
24.2,2012-04-17 20:45:02 UTC,-73.987458,40.777876,-73.983718,40.794515
21.7,2011-03-23 23:46:37 UTC,-73.941497,40.746175,-73.938312,40.757828
20.1,2013-07-11 11:06:16 UTC,-73.991693,40.736682,-73.998935,40.731387
23.8,2012-03-24 17:25:14 UTC,-73.951051,40.705513,-73.940787,40.692868
349.7,2012-05-22 00:36:46 UTC,-73.982615,40.749832,-73.965555,40.758212
18.9,2012-08-29 02:00:07 UTC,-74.003623,40.751007,-74.003133,40.744473
17.9,2013-06-09 21:56:18 UTC,-73.989464,40.71091,-73.986443,40.707553
23.3,2013-11-14 11:12:27 UTC,-74.00562,40.705802,-74.016669,40.695203
20.6,2011-01-01 18:05:07 UTC,-73.997119,40.764599,-73.989747,40.771389
19.6,2011-05-13 21:27:38 UTC,-73.997715,40.776151,-73.993073,40.769686
17.3,2012-05-30 14:58:20 UTC,-74.018076,40.755708,-74.021337,40.755358
19.4,2013-09-23 23:40:01 UTC,-73.949744,40.784525,-73.957179,40.78433
24.9,2011-02-18 15:16:19 UTC,-73.97578,40.747408,-73.957304,40.749244
19.5,2013-01-31 22:33:10 UTC,-73.993726,40.748369,-73.989898,40.754986
20.4,2013-07-17 01:22:40 UTC,-73.975565,40.722489,-73.984742,40.720061
21.3,2012-11-28 01:59:14 UTC,-73.99671,40.703193,-73.988154,40.695778
25.0,2013-02-21 09:28:56 UTC,-74.033421,40.80564,-74.031125,40.787044
16.2,2012-06-12 08:49:35 UTC,-73.920866,40.783939,-73.920277,40.784965
20.6,2013-08-26 15:35:47 UTC,-73.976208,40.708225,-73.966422,40.706655
29.2,2011-04-07 22:30:05 UTC,-73.99178,40.754673,-74.017908,40.747568
24.7,2011-03-15 15:03:53 UTC,-74.018678,40.746999,-74.036749,40.747624
23.7,2011-07-27 19:28:05 UTC,-74.009883,40.74178,-73.996091,40.75034
21.2,2012-02-14 10:23:28 UTC,-73.94691,40.737729,-73.948199,40.748848
23.6,2013-02-09 19:09:59 UTC,-73.949961,40.761438,-73.954229,40.746087
22.6,2011-09-11 00:51:42 UTC,-73.964936,40.774545,-73.978313,40.770937
20.5,2013-09-12 11:13:24 UTC,-74.002302,40.762072,-74.000363,40.771682
23.8,2013-01-16 03:27:06 UTC,-73.949801,40.746384,-73.946628,40.762345
23.9,2011-11-09 03:01:25 UTC,-73.971004,40.745283,-73.956596,40.737111
22.8,2013-03-28 13:57:15 UTC,-73.966902,40.778104,-73.963177,40.791888
22.6,2013-08-07 10:41:16 UTC,-73.971077,40.763903,-73.974105,40.750402
21.7,2011-10-05 03:18:01 UTC,-74.01014,40.752181,-74.006083,40.763664
21.4,2011-06-16 08:59:18 UTC,-74.003963,40.748923,-73.992868,40.746105
24.6,2012-02-13 15:17:22 UTC,-73.990204,40.760358,-73.981292,40.775986
19.5,2012-08-19 10:38:40 UTC,-73.967127,40.73595,-73.960913,40.731309
17.7,2011-11-20 12:58:25 UTC,-74.007609,40.774646,-74.004863,40.771547
18.6,2013-06-07 03:50:33 UTC,-73.983507,40.717724,-73.98932,40.71639
24.9,2012-01-28 11:01:37 UTC,-73.983532,40.737656,-73.99386,40.722286
26.3,2012-03-21 04:51:21 UTC,-73.964145,40.768333,-73.976055,40.750708
18.9,2011-05-13 03:08:28 UTC,-73.966507,40.716014,-73.962567,40.721115
21.2,2011-05-18 15:41:41 UTC,-74.000205,40.70281,-73.995222,40.712694
21.9,2011-11-03 09:05:48 UTC,-73.951066,40.751892,-73.940123,40.757968
22.5,2013-06-19 05:58:55 UTC,-74.003265,40.699106,-73.997647,40.686566
21.4,2013-04-10 14:24:58 UTC,-73.958155,40.711036,-73.947646,40.715838
20.6,2013-03-29 17:03:39 UTC,-73.991003,40.772698,-73.992308,40.762796
20.0,2012-09-26 15:31:55 UTC,-73.976721,40.743856,-73.969013,40.747933
23.2,2012-11-21 19:34:09 UTC,-73.97548,40.788565,-73.985495,40.799878
17.5,2013-11-23 03:05:42 UTC,-73.976046,40.713856,-73.976648,40.71753
27.4,2013-02-22 20:18:33 UTC,-73.96651,40.747181,-73.984825,40.761867
16.4,2013-05-30 08:16:46 UTC,-73.972171,40.761988,-73.971855,40.760488
21.9,2011-02-23 22:30:18 UTC,-73.964327,40.714885,-73.952079,40.712718
16.1,2011-12-15 00:03:27 UTC,-73.970708,40.780953,-73.970005,40.781626
23.3,2011-10-09 07:18:54 UTC,-74.005289,40.76532,-73.998071,40.751894
18.1,2013-06-10 05:00:07 UTC,-73.974604,40.701721,-73.971872,40.697692
18.9,2012-07-16 10:20:23 UTC,-73.991277,40.748868,-73.996982,40.745716
17.3,2011-09-06 10:18:28 UTC,-74.002185,40.761579,-74.004052,40.758739
21.7,2013-04-03 11:32:55 UTC,-73.985797,40.732298,-73.974,40.734981
23.9,2012-06-12 09:30:59 UTC,-73.976335,40.705604,-73.969169,40.690801
22.1,2013-04-17 16:49:36 UTC,-73.975006,40.758354,-73.981182,40.746898
24.6,2013-01-22 21:15:07 UTC,-73.95888,40.816337,-73.972754,40.827658
25.7,2012-12-28 12:28:31 UTC,-73.953854,40.73839,-73.951785,40.718318
19.9,2011-03-21 10:31:05 UTC,-73.973274,40.797077,-73.979093,40.803241
17.7,2013-06-09 02:32:17 UTC,-73.969658,40.727431,-73.971432,40.723696
22.9,2011-07-21 04:25:45 UTC,-73.978094,40.756466,-73.992638,40.758068
25.0,2011-11-15 01:38:09 UTC,-73.964655,40.773146,-73.954248,40.788727
16.4,2012-12-24 06:55:15 UTC,-73.97026,40.749748,-73.97123,40.748436
18.8,2012-02-17 11:16:47 UTC,-73.98109,40.741068,-73.980543,40.747322
19.8,2012-12-24 15:18:57 UTC,-73.93696,40.771784,-73.94529,40.772369
17.1,2013-01-20 11:20:41 UTC,-73.990924,40.806744,-73.993698,40.80565
16.9,2012-07-23 21:33:06 UTC,-73.950911,40.759018,-73.949686,40.756686
20.3,2011-12-31 02:14:00 UTC,-74.007086,40.734518,-74.013218,40.741529
19.4,2013-01-08 09:58:58 UTC,-73.963728,40.744307,-73.965886,40.736991
24.6,2011-03-27 05:51:14 UTC,-73.951269,40.825591,-73.937406,40.814271
24.4,2013-05-05 20:06:56 UTC,-74.018144,40.754047,-74.035645,40.754792
17.0,2013-02-03 20:58:04 UTC,-73.977221,40.732168,-73.975375,40.734095
25.6,2012-01-23 21:17:34 UTC,-73.965692,40.715648,-73.973546,40.697406
22.3,2012-08-15 17:49:55 UTC,-73.974961,40.695223,-73.961596,40.695118
21.8,2013-06-27 21:14:04 UTC,-73.972437,40.760908,-73.974244,40.748639
21.7,2013-06-17 04:36:36 UTC,-73.977276,40.769639,-73.987747,40.775908
24.7,2013-03-13 19:22:59 UTC,-74.001885,40.738099,-74.004041,40.720062
25.4,2013-06-08 19:35:32 UTC,-73.932639,40.749551,-73.929143,40.768802
29.6,2013-08-17 15:39:16 UTC,-73.990071,40.714886,-73.962315,40.711504
27.0,2012-06-03 20:55:30 UTC,-73.971317,40.753988,-73.992415,40.745338
21.8,2012-10-13 15:30:43 UTC,-73.992937,40.764445,-74.004928,40.761615
22.7,2011-07-30 09:38:11 UTC,-74.025517,40.733945,-74.012465,40.739508
24.4,2013-07-04 04:47:40 UTC,-73.99849,40.800714,-74.01358,40.809618
17.0,2013-11-18 09:28:08 UTC,-74.008952,40.724887,-74.008856,40.722144
23.2,2013-05-17 15:09:18 UTC,-73.958169,40.758504,-73.963002,40.744117
22.5,2011-04-05 16:08:44 UTC,-73.992137,40.77545,-73.998542,40.763327
17.3,2011-12-19 01:44:23 UTC,-73.990282,40.747681,-73.992004,40.750545
20.8,2013-11-08 06:05:49 UTC,-74.001287,40.744346,-74.004613,40.754219
23.3,2011-05-19 11:57:41 UTC,-73.978119,40.707134,-73.967549,40.718309
22.3,2011-09-12 20:09:19 UTC,-73.994329,40.79072,-73.981046,40.792401
20.9,2012-11-06 23:04:36 UTC,-73.960153,40.744903,-73.95589,40.754576
25.3,2011-05-20 02:39:53 UTC,-73.973959,40.766121,-73.97632,40.785244
21.7,2011-05-17 21:46:04 UTC,-73.991437,40.770182,-73.988852,40.782085
21.8,2013-08-29 00:43:21 UTC,-73.962995,40.731151,-73.954945,40.740371
22.1,2011-08-31 18:15:30 UTC,-73.979841,40.744074,-73.969824,40.736009
20.8,2012-12-07 22:41:58 UTC,-73.97957,40.790034,-73.97587,40.799661
23.6,2012-10-14 17:02:57 UTC,-74.009253,40.716484,-73.993976,40.721096
20.1,2011-11-07 11:26:51 UTC,-73.981422,40.813838,-73.987587,40.820344
24.1,2012-01-17 23:07:08 UTC,-73.973569,40.727654,-73.96217,40.740265
19.6,2013-07-21 20:18:52 UTC,-73.953329,40.714614,-73.946285,40.7182
18.7,2012-10-25 11:20:35 UTC,-73.995038,40.753969,-74.001138,40.752944
21.1,2011-02-09 06:46:05 UTC,-73.934438,40.81625,-73.932111,40.805552
17.7,2012-08-03 13:52:44 UTC,-73.968863,40.692671,-73.965848,40.689706
231.7,2011-06-19 17:03:07 UTC,-74.010388,40.74577,-74.011809,40.747898
17.2,2013-09-10 10:16:49 UTC,-73.996904,40.764288,-73.998433,40.767064
23.4,2011-12-07 10:47:43 UTC,-73.95158,40.751009,-73.966828,40.753448
21.5,2012-12-31 15:54:25 UTC,-73.955135,40.761458,-73.962028,40.771053
20.1,2012-01-08 00:30:47 UTC,-73.979638,40.728459,-73.982022,40.737113
18.5,2012-07-12 05:43:07 UTC,-73.977002,40.732008,-73.982727,40.731387
21.7,2013-04-18 01:43:52 UTC,-74.003292,40.745547,-74.011849,40.737075
21.3,2012-11-13 19:08:09 UTC,-73.953571,40.716103,-73.94296,40.719937
26.9,2011-09-13 16:11:05 UTC,-73.999755,40.748659,-74.000795,40.771123
26.6,2013-07-03 10:40:52 UTC,-73.963105,40.738338,-73.941438,40.74155
17.5,2011-06-06 05:58:24 UTC,-73.952959,40.735899,-73.950732,40.732939
21.5,2013-11-13 15:51:15 UTC,-73.979037,40.759615,-73.968635,40.764974
18.8,2011-05-14 04:20:03 UTC,-73.960648,40.69538,-73.962729,40.701338
20.0,2012-04-26 05:40:27 UTC,-73.943047,40.743127,-73.949664,40.748974
22.6,2013-04-28 13:06:21 UTC,-73.974641,40.819521,-73.972012,40.833249
22.4,2011-11-04 14:17:34 UTC,-73.983506,40.717417,-73.970551,40.721278
22.3,2011-06-07 01:41:10 UTC,-73.981337,40.788565,-73.982228,40.801819
18.1,2013-07-08 02:38:07 UTC,-73.99486,40.75164,-73.990392,40.753942
23.3,2011-08-31 17:12:44 UTC,-73.995312,40.731911,-73.992736,40.747036
21.7,2012-01-06 22:11:48 UTC,-73.971152,40.710381,-73.972132,40.722448
20.2,2013-01-03 21:43:27 UTC,-73.983279,40.75419,-73.983747,40.763408
22.0,2011-06-28 13:06:44 UTC,-73.973449,40.793602,-73.983433,40.801494
27.1,2013-06-20 23:18:18 UTC,-74.009799,40.738324,-74.00991,40.761339
21.9,2013-01-09 18:08:47 UTC,-73.981852,40.747571,-73.975319,40.758337
20.1,2013-05-19 07:58:28 UTC,-73.959398,40.780311,-73.956441,40.771818
17.2,2013-07-08 15:04:52 UTC,-74.002378,40.760226,-74.000537,40.762685
19.5,2012-03-13 09:54:44 UTC,-73.979669,40.702832,-73.972419,40.700185
26.0,2012-01-16 13:38:28 UTC,-74.017092,40.752967,-74.015143,40.773611
21.9,2012-05-14 05:06:36 UTC,-74.006109,40.795367,-74.00597,40.807881
26.4,2012-07-18 17:22:43 UTC,-73.963847,40.748892,-73.956495,40.769211
19.5,2013-01-24 11:46:34 UTC,-73.986186,40.667755,-73.98482,40.660155
21.3,2012-12-27 19:59:07 UTC,-73.943559,40.761646,-73.945924,40.772663
22.8,2013-02-06 10:15:40 UTC,-73.971351,40.744046,-73.966668,40.730401
23.6,2011-05-11 04:19:13 UTC,-73.969388,40.695127,-73.96974,40.679206
18.1,2012-08-30 14:05:58 UTC,-74.00153,40.699624,-74.004345,40.695654
23.2,2012-04-28 07:50:58 UTC,-73.987702,40.779253,-73.986148,40.794377
20.7,2011-01-05 12:31:15 UTC,-73.994653,40.728029,-73.992982,40.718102
21.2,2011-09-14 12:53:10 UTC,-74.001309,40.722775,-74.012345,40.722607
21.8,2013-08-06 07:24:39 UTC,-73.966722,40.748931,-73.96339,40.760819
25.8,2011-02-01 23:27:13 UTC,-73.96271,40.730674,-73.944245,40.739138
27.7,2013-10-01 02:35:26 UTC,-73.972021,40.753001,-73.981817,40.775163
18.1,2011-07-26 20:44:40 UTC,-73.996561,40.743918,-74.001587,40.743952
29.7,2011-12-14 09:43:45 UTC,-73.973385,40.714,-73.945585,40.709584
22.5,2013-01-06 13:13:07 UTC,-74.018254,40.734664,-74.026475,40.723719
22.3,2011-06-25 13:00:15 UTC,-73.95354,40.763283,-73.940676,40.759603
21.3,2011-03-23 06:14:23 UTC,-74.005963,40.751258,-74.00825,40.740222
24.6,2012-03-15 23:14:56 UTC,-74.002409,40.747542,-74.001808,40.729577
25.5,2012-02-23 23:32:15 UTC,-73.977694,40.808122,-73.979006,40.827755
17.8,2013-10-28 22:44:30 UTC,-73.975917,40.771931,-73.97166,40.77242
30.8,2012-07-05 16:53:54 UTC,-73.981455,40.775573,-73.997253,40.801488
19.9,2012-11-29 20:29:52 UTC,-74.002203,40.745021,-74.00034,40.736628
18.6,2011-08-19 14:15:50 UTC,-73.957333,40.756604,-73.961367,40.752316
25.7,2011-11-07 00:43:17 UTC,-74.013719,40.737067,-74.03235,40.729313
22.1,2013-02-22 11:19:44 UTC,-74.009665,40.773326,-73.998456,40.766919
27.0,2011-08-20 21:32:57 UTC,-73.98214,40.746688,-74.003215,40.755424
26.7,2013-09-25 14:28:21 UTC,-74.005285,40.756671,-73.9838,40.762335
21.0,2013-03-23 12:59:08 UTC,-73.955547,40.754818,-73.949378,40.763572
25.2,2011-01-24 14:35:12 UTC,-74.003564,40.749455,-74.017174,40.762878
24.3,2011-12-13 11:36:06 UTC,-73.948859,40.838146,-73.935479,40.849219
21.9,2012-12-12 04:40:13 UTC,-73.959298,40.730001,-73.966801,40.719917
20.0,2012-01-13 11:35:51 UTC,-73.955299,40.729729,-73.962347,40.72449
24.7,2013-09-26 16:39:52 UTC,-73.942258,40.770823,-73.960268,40.772038
34.8,2012-04-21 00:51:33 UTC,-73.978375,40.732145,-73.987015,40.769423
21.0,2011-03-09 23:20:32 UTC,-74.000259,40.741258,-74.007721,40.748982
19.8,2012-01-26 00:40:02 UTC,-73.98206,40.717408,-73.973879,40.718475
22.4,2011-11-03 14:30:53 UTC,-73.991333,40.764747,-73.979661,40.771479
22.5,2013-08-27 21:28:58 UTC,-73.994184,40.765128,-74.006592,40.759097
17.5,2011-07-06 05:28:16 UTC,-73.976983,40.740544,-73.974278,40.743168
26.0,2012-02-12 16:20:50 UTC,-73.986234,40.771445,-74.004637,40.780991
17.0,2012-10-12 23:06:41 UTC,-73.995044,40.694256,-73.992301,40.693966
27.1,2013-11-28 04:43:47 UTC,-73.984908,40.728794,-73.963287,40.721229
24.5,2012-01-16 20:17:34 UTC,-73.96902,40.744901,-73.986819,40.744122
21.0,2013-07-04 14:04:12 UTC,-73.960872,40.714832,-73.971018,40.711636
23.3,2011-06-28 11:54:20 UTC,-74.012058,40.697539,-74.004786,40.683967
20.7,2012-07-02 05:06:25 UTC,-73.986064,40.740763,-73.977612,40.735048
24.0,2013-10-28 08:26:03 UTC,-73.982827,40.770821,-73.992238,40.756892
25.3,2012-06-16 20:39:24 UTC,-74.00365,40.788463,-73.988915,40.776095
22.6,2012-10-16 20:34:48 UTC,-73.982394,40.733581,-73.99055,40.722172
25.3,2012-07-08 08:36:56 UTC,-73.97704,40.771996,-73.960305,40.781531
23.4,2012-07-07 14:27:13 UTC,-73.969623,40.769096,-73.964937,40.783988
25.6,2012-08-18 01:11:32 UTC,-73.978457,40.786558,-73.965745,40.771197
23.7,2013-07-04 04:37:29 UTC,-73.997619,40.739494,-73.993911,40.755296
22.2,2013-01-16 07:06:35 UTC,-73.939759,40.696045,-73.93319,40.684779
20.8,2012-07-03 15:51:14 UTC,-73.963417,40.752106,-73.956316,40.759574
21.5,2013-07-30 22:11:28 UTC,-73.968946,40.719586,-73.957498,40.722172
18.8,2011-12-29 16:20:14 UTC,-73.959903,40.728295,-73.960232,40.734653
23.0,2013-11-03 09:43:15 UTC,-73.975108,40.740963,-73.984107,40.729306
24.7,2011-08-22 03:26:22 UTC,-73.954274,40.739832,-73.955063,40.721709
20.9,2011-04-03 08:52:51 UTC,-73.978863,40.754247,-73.985537,40.746218
19.3,2011-11-15 08:52:56 UTC,-73.979965,40.771095,-73.985986,40.775363
28.4,2013-05-24 10:06:52 UTC,-73.967295,40.738968,-73.950748,40.758537
21.6,2011-07-16 04:10:40 UTC,-73.948473,40.761871,-73.942246,40.751574
18.6,2013-01-01 15:40:53 UTC,-73.949759,40.750444,-73.943992,40.749456
22.2,2013-09-16 03:01:45 UTC,-73.968143,40.778065,-73.957417,40.770574
18.7,2011-08-30 20:05:42 UTC,-73.969668,40.744342,-73.963493,40.74417
29.1,2013-01-26 17:43:04 UTC,-73.966079,40.747632,-73.947408,40.728324
28.5,2011-07-31 17:18:02 UTC,-73.960288,40.738768,-73.981234,40.753748
20.6,2012-09-03 16:16:54 UTC,-73.954025,40.745133,-73.964001,40.745373
21.4,2012-02-11 01:40:40 UTC,-73.984732,40.726495,-73.991738,40.735667
22.6,2011-01-15 14:02:18 UTC,-73.953639,40.723522,-73.967396,40.7212
16.7,2012-09-05 03:23:30 UTC,-73.97314,40.773273,-73.972011,40.775179
21.3,2013-12-04 12:58:10 UTC,-73.966981,40.717504,-73.965382,40.728793
25.5,2011-06-14 00:08:16 UTC,-73.952361,40.740426,-73.932608,40.741744
20.2,2013-12-24 02:46:25 UTC,-73.965059,40.78046,-73.956021,40.782137
20.3,2013-11-19 09:07:43 UTC,-73.96168,40.739419,-73.966755,40.73148
19.3,2011-11-16 21:14:58 UTC,-73.987788,40.774862,-73.982845,40.769518
26.1,2011-04-15 23:56:09 UTC,-73.950034,40.732269,-73.968304,40.72214
19.4,2012-10-21 08:46:22 UTC,-73.966086,40.718465,-73.964664,40.711085
21.9,2013-03-31 20:00:01 UTC,-73.977479,40.702155,-73.976591,40.714668
25.7,2011-11-10 18:13:07 UTC,-73.957979,40.789382,-73.966999,40.807468
21.9,2012-04-30 11:25:26 UTC,-73.928243,40.715894,-73.930255,40.703421
19.6,2013-11-18 14:45:52 UTC,-74.003378,40.772416,-74.010304,40.776367
20.6,2012-01-20 10:27:56 UTC,-73.996075,40.720002,-74.0054,40.716825
23.4,2013-02-09 18:17:51 UTC,-73.926294,40.789522,-73.919549,40.803491
20.8,2012-06-29 06:07:18 UTC,-73.971466,40.816203,-73.961127,40.817552
18.2,2011-09-03 14:41:21 UTC,-73.976183,40.699404,-73.971083,40.699329
20.0,2012-02-21 05:44:45 UTC,-73.982308,40.717457,-73.986689,40.71001
24.0,2013-03-13 10:02:18 UTC,-73.955831,40.773194,-73.962457,40.757876
19.9,2012-04-19 14:10:46 UTC,-73.927775,40.765391,-73.931845,40.773001
17.7,2011-03-31 23:12:31 UTC,-73.993304,40.773308,-73.995504,40.776837
20.4,2011-05-12 12:08:56 UTC,-73.981938,40.732787,-73.990658,40.736562
21.7,2011-04-08 23:36:47 UTC,-73.987015,40.809626,-73.976476,40.803633
16.9,2013-10-21 11:20:10 UTC,-73.965343,40.753541,-73.967365,40.752084
21.1,2011-02-13 18:57:43 UTC,-73.955552,40.713491,-73.947903,40.721402
24.2,2013-12-03 13:33:33 UTC,-73.947581,40.742406,-73.961581,40.752227
22.5,2011-09-10 03:51:54 UTC,-73.964666,40.713893,-73.971549,40.702108
21.0,2012-04-18 15:09:44 UTC,-73.929613,40.797728,-73.921019,40.791395
23.8,2012-12-06 02:18:05 UTC,-73.991495,40.73019,-73.98276,40.716291
21.7,2011-10-02 20:51:50 UTC,-73.996691,40.764775,-74.008716,40.766787
20.3,2011-09-21 13:09:02 UTC,-73.950613,40.73588,-73.947582,40.744723
17.8,2013-02-21 22:22:17 UTC,-73.977543,40.731538,-73.97425,40.728751
20.5,2011-02-15 18:27:25 UTC,-74.007519,40.692692,-74.014601,40.686064
18.1,2011-06-24 03:54:01 UTC,-73.986321,40.767945,-73.982751,40.764592
29.6,2011-02-24 15:30:09 UTC,-73.974887,40.788975,-73.990691,40.812039
23.2,2012-10-29 18:36:22 UTC,-73.992925,40.722521,-74.002194,40.73444
20.4,2011-01-20 12:12:42 UTC,-74.000293,40.703643,-73.994304,40.710953
17.2,2013-06-25 15:14:16 UTC,-73.984153,40.774099,-73.983858,40.7773
16.0,2013-08-07 17:27:18 UTC,-74.001291,40.700613,-74.000476,40.700485
20.2,2013-09-08 22:36:38 UTC,-73.967297,40.786586,-73.969048,40.77752
21.6,2013-03-12 00:43:41 UTC,-74.018876,40.722868,-74.013507,40.712251
19.7,2011-10-23 00:11:01 UTC,-73.978192,40.716901,-73.972341,40.711222
21.8,2013-10-15 09:21:16 UTC,-73.96961,40.757454,-73.961695,40.747916
18.7,2012-03-30 11:07:19 UTC,-73.981811,40.718856,-73.980554,40.712778
17.6,2013-01-08 16:27:40 UTC,-73.958136,40.728787,-73.96202,40.727768
18.4,2013-10-20 05:56:32 UTC,-74.007411,40.760619,-74.012981,40.760366
21.8,2011-04-18 04:12:26 UTC,-73.994022,40.677127,-74.00459,40.670923
18.8,2012-12-04 14:21:29 UTC,-73.986601,40.799273,-73.990629,40.804225
18.8,2013-05-24 07:36:33 UTC,-73.965746,40.751309,-73.971809,40.749419
23.7,2011-12-30 01:57:47 UTC,-73.97563,40.711211,-73.959614,40.713358
22.1,2011-04-27 02:41:18 UTC,-73.937133,40.719483,-73.947602,40.712037
21.9,2013-08-25 06:32:43 UTC,-73.996116,40.779749,-73.985742,40.786678
18.6,2012-05-23 04:47:24 UTC,-74.0079,40.768032,-74.010577,40.762683
23.7,2013-04-28 23:20:01 UTC,-73.944218,40.791603,-73.946283,40.807689
17.9,2013-03-09 11:32:29 UTC,-74.008617,40.729518,-74.004605,40.727268
22.7,2012-11-14 11:50:56 UTC,-73.966339,40.758898,-73.980524,40.757951
20.6,2013-08-02 19:23:23 UTC,-73.999573,40.762797,-74.007573,40.768733
23.0,2013-10-14 10:12:26 UTC,-74.021386,40.770858,-74.033798,40.778977
20.6,2011-07-19 09:07:19 UTC,-73.987496,40.783818,-73.991298,40.793014
25.6,2013-04-20 06:13:27 UTC,-73.96201,40.728482,-73.971102,40.746238
23.0,2013-06-07 10:07:12 UTC,-74.004435,40.746575,-73.991264,40.753194
18.6,2012-12-25 14:27:34 UTC,-73.968478,40.731696,-73.974312,40.731026
27.8,2012-06-18 13:14:01 UTC,-73.964743,40.748422,-73.988528,40.743125
17.4,2012-04-04 19:35:02 UTC,-74.005434,40.770953,-74.008778,40.769615
24.1,2011-11-21 02:56:46 UTC,-73.984555,40.700379,-73.976481,40.715219
26.3,2013-04-30 01:43:36 UTC,-73.948459,40.783281,-73.932156,40.769411
19.9,2013-08-17 21:16:13 UTC,-73.966988,40.715825,-73.969283,40.707634
18.4,2011-10-11 21:09:02 UTC,-73.98523,40.740779,-73.990399,40.738589
19.8,2012-09-23 21:47:38 UTC,-73.971694,40.787318,-73.971839,40.778995
18.5,2012-07-12 20:29:27 UTC,-73.993705,40.75984,-73.989555,40.755753
26.3,2013-06-07 19:25:42 UTC,-73.957726,40.760186,-73.969015,40.778248
17.6,2012-10-23 20:00:36 UTC,-73.957735,40.714581,-73.960179,40.7116
17.7,2012-08-11 20:45:08 UTC,-73.977582,40.718677,-73.978077,40.722794
23.9,2013-12-06 20:30:38 UTC,-73.975386,40.778238,-73.974928,40.761656
21.2,2012-07-19 21:11:54 UTC,-73.999976,40.732326,-74.001421,40.721301
22.2,2013-10-26 20:15:25 UTC,-74.007041,40.735153,-74.016399,40.744479
24.1,2012-08-07 13:39:13 UTC,-73.987532,40.778919,-73.984145,40.795599
16.8,2013-07-28 09:29:51 UTC,-73.981748,40.718503,-73.982194,40.720717
17.2,2011-04-26 20:44:28 UTC,-73.958747,40.758077,-73.959217,40.755017
21.6,2013-11-08 14:07:22 UTC,-73.961551,40.751287,-73.972377,40.756249
29.0,2012-09-09 02:30:52 UTC,-73.976303,40.749919,-73.969901,40.723945
20.5,2013-05-13 04:15:16 UTC,-73.956189,40.734447,-73.965669,40.736738
25.3,2011-06-09 05:57:31 UTC,-73.99887,40.732604,-73.982705,40.722143
22.7,2011-06-29 19:47:55 UTC,-73.958453,40.717649,-73.970246,40.72559
27.2,2011-02-27 18:43:39 UTC,-73.995809,40.76448,-73.988186,40.742557
25.7,2012-09-06 17:53:45 UTC,-73.955206,40.729956,-73.974288,40.723672
26.9,2011-03-29 19:53:13 UTC,-73.980267,40.779062,-74.00285,40.778653
20.3,2011-05-13 08:39:33 UTC,-74.019966,40.743263,-74.025513,40.735645
27.1,2013-06-10 15:44:06 UTC,-73.965397,40.718246,-73.987994,40.714492
21.4,2012-08-14 06:26:13 UTC,-73.963809,40.742866,-73.956512,40.75191
15.8,2011-10-16 00:43:19 UTC,-73.989132,40.737674,-73.98935,40.737429
24.0,2013-10-09 14:35:06 UTC,-73.987425,40.780273,-73.973415,40.770967
20.4,2011-08-28 02:38:28 UTC,-73.983191,40.73893,-73.984863,40.748334
17.4,2012-06-19 21:05:47 UTC,-74.018503,40.741714,-74.016072,40.744223
17.6,2011-08-04 07:22:53 UTC,-74.027295,40.792346,-74.029977,40.795271
21.9,2013-03-16 09:15:10 UTC,-73.953967,40.765248,-73.962707,40.756323
28.5,2011-02-14 05:23:32 UTC,-73.996481,40.799881,-74.000549,40.774405
23.2,2013-06-14 18:11:55 UTC,-73.942895,40.787771,-73.954934,40.77871
21.0,2011-01-27 05:17:44 UTC,-73.952592,40.723385,-73.948718,40.713306
19.1,2013-08-17 22:12:52 UTC,-73.948656,40.779699,-73.951735,40.773566
19.9,2011-09-02 16:40:51 UTC,-73.993006,40.795759,-73.994008,40.787341
29.8,2012-04-22 01:35:17 UTC,-74.012168,40.795984,-73.983931,40.797111
20.5,2012-06-14 09:17:56 UTC,-74.001738,40.779643,-74.005768,40.788452
21.2,2013-11-21 20:09:36 UTC,-73.988929,40.779026,-73.985792,40.789787
19.8,2013-11-02 22:16:08 UTC,-74.027465,40.74092,-74.028006,40.749292
23.0,2011-03-29 11:13:45 UTC,-73.989509,40.724879,-73.977933,40.715902
16.9,2013-07-21 18:27:45 UTC,-73.984034,40.739433,-73.981649,40.740022
23.6,2013-01-14 06:58:57 UTC,-74.005888,40.700056,-74.008603,40.715708
29.6,2013-03-04 07:45:53 UTC,-74.00081,40.790284,-73.977885,40.774437
23.6,2012-07-11 10:13:20 UTC,-73.984412,40.741501,-73.993009,40.754984
20.7,2013-04-19 02:27:28 UTC,-73.972874,40.78874,-73.974813,40.778779
20.4,2013-05-04 17:34:12 UTC,-73.997816,40.713055,-73.988652,40.715993
20.2,2012-11-17 17:04:38 UTC,-73.974155,40.782479,-73.982336,40.786607
19.6,2012-07-24 10:58:46 UTC,-73.977263,40.735154,-73.969607,40.737053
27.0,2011-10-30 12:13:48 UTC,-73.979062,40.711469,-73.983857,40.733754
20.9,2011-12-28 00:32:14 UTC,-73.99304,40.798814,-73.983008,40.795805
25.2,2011-01-16 11:57:55 UTC,-74.006668,40.783219,-73.996897,40.766824
17.5,2013-01-11 05:43:24 UTC,-73.946071,40.756354,-73.946972,40.759918
20.7,2013-04-03 03:29:33 UTC,-73.967394,40.751018,-73.977399,40.749318
19.0,2012-08-29 23:31:43 UTC,-73.959885,40.763185,-73.9638,40.768733
20.0,2011-08-19 19:08:40 UTC,-73.981673,40.755839,-73.981821,40.76466
20.1,2013-04-25 00:22:20 UTC,-73.983281,40.726232,-73.974398,40.725895
18.3,2012-08-10 01:12:58 UTC,-73.970187,40.737638,-73.966981,40.742002
18.4,2012-01-06 15:58:13 UTC,-74.016694,40.808822,-74.011315,40.810264
24.8,2012-10-09 11:40:37 UTC,-74.002293,40.830165,-73.9988,40.848084
20.3,2011-10-09 17:01:54 UTC,-73.995955,40.79688,-73.987493,40.793174
19.2,2012-03-15 13:05:41 UTC,-73.989091,40.764347,-73.991095,40.757476
20.1,2011-04-14 16:24:31 UTC,-73.997594,40.739868,-73.995945,40.748675
20.3,2013-02-18 16:12:18 UTC,-73.973344,40.726054,-73.97306,40.716763
18.6,2012-08-23 04:24:15 UTC,-73.978371,40.728032,-73.982751,40.731953
20.8,2013-07-27 16:57:22 UTC,-73.952143,40.733402,-73.942026,40.731706
20.6,2012-10-15 05:24:22 UTC,-73.930525,40.814535,-73.920618,40.813522
29.2,2012-09-29 10:11:12 UTC,-74.005257,40.804188,-73.993199,40.828562
22.9,2012-07-28 05:49:51 UTC,-73.977054,40.772388,-73.984691,40.784729
21.0,2011-02-09 07:07:39 UTC,-73.977089,40.721182,-73.973581,40.731397
21.7,2012-06-29 11:14:35 UTC,-73.980284,40.776792,-73.96936,40.782097
23.9,2012-04-27 13:21:22 UTC,-74.001696,40.742841,-73.986668,40.735926
23.3,2013-11-29 12:54:50 UTC,-73.998344,40.68541,-74.01343,40.688025
18.5,2011-05-13 12:27:57 UTC,-73.975192,40.758613,-73.975221,40.764446
17.0,2011-03-25 00:15:28 UTC,-73.998907,40.724743,-74.000799,40.726732
23.6,2011-12-09 23:33:06 UTC,-73.976815,40.725758,-73.960906,40.726706
26.9,2011-10-20 03:33:41 UTC,-73.984919,40.742488,-74.007012,40.738513
21.0,2012-08-20 04:49:41 UTC,-73.977167,40.73505,-73.98764,40.737785
23.3,2013-05-04 21:59:14 UTC,-73.999066,40.748972,-73.984736,40.743717
19.9,2013-01-04 08:42:57 UTC,-73.976851,40.74753,-73.981548,40.754564
27.6,2012-08-23 16:20:08 UTC,-73.997619,40.693726,-74.010634,40.673568
25.8,2011-05-30 10:22:48 UTC,-73.976786,40.795608,-73.961666,40.809196
25.3,2012-08-02 14:00:53 UTC,-73.953212,40.720499,-73.96753,40.707382
23.0,2012-06-15 00:40:43 UTC,-73.97478,40.721428,-73.96456,40.710755
23.7,2012-09-03 21:12:06 UTC,-73.973563,40.740143,-73.989165,40.744232
23.3,2011-06-22 10:08:24 UTC,-73.963656,40.74675,-73.978081,40.752149
26.1,2012-01-11 15:09:10 UTC,-74.008071,40.793769,-74.00607,40.814552
20.1,2013-11-01 13:50:43 UTC,-73.945622,40.758083,-73.954105,40.761046
17.0,2013-03-28 20:16:34 UTC,-74.001112,40.766994,-73.998388,40.766589
24.7,2012-11-21 03:22:27 UTC,-73.962407,40.758236,-73.944386,40.760149
23.6,2013-02-22 11:52:20 UTC,-73.965062,40.756944,-73.966612,40.772849
30.2,2012-09-12 16:39:12 UTC,-73.998043,40.759292,-73.981765,40.783536
17.5,2013-12-17 04:49:14 UTC,-73.959822,40.692018,-73.956579,40.69017
21.1,2012-04-04 16:56:14 UTC,-73.970044,40.742502,-73.960485,40.74793
27.4,2012-06-29 05:16:47 UTC,-73.9422,40.784868,-73.965733,40.784124
18.8,2012-05-11 19:08:58 UTC,-73.976132,40.86827,-73.969769,40.867327
25.3,2013-12-28 22:32:37 UTC,-73.982171,40.713871,-73.977343,40.732661
232.4,2012-12-18 16:56:18 UTC,-73.990295,40.762692,-73.993896,40.753435
30.7,2013-09-19 00:12:45 UTC,-74.014867,40.732869,-73.995912,40.709526
18.6,2012-11-29 05:32:29 UTC,-73.986365,40.81143,-73.991297,40.814604
25.7,2011-04-20 02:22:09 UTC,-73.985518,40.709387,-74.001607,40.721397
19.7,2011-02-20 18:50:27 UTC,-73.974759,40.768748,-73.966939,40.770947
23.2,2013-12-27 19:18:41 UTC,-74.008462,40.707784,-74.022699,40.712806
19.4,2012-12-31 01:03:55 UTC,-73.98478,40.740443,-73.984014,40.747967
22.4,2013-12-21 06:47:06 UTC,-73.968475,40.748971,-73.955076,40.75008
19.4,2013-08-05 21:18:08 UTC,-73.96649,40.782091,-73.961505,40.787654
18.6,2013-01-18 17:15:53 UTC,-74.017196,40.717685,-74.01967,40.723081
25.6,2012-10-23 12:11:09 UTC,-73.965872,40.769901,-73.969383,40.750315
22.0,2013-07-14 07:20:21 UTC,-73.984931,40.750563,-73.972278,40.751702
25.6,2011-06-21 08:02:53 UTC,-73.9837,40.758184,-73.995899,40.742456
19.5,2013-11-15 20:29:27 UTC,-74.02729,40.77875,-74.01954,40.778368
26.9,2011-12-22 01:07:09 UTC,-73.950129,40.711523,-73.928192,40.70657
21.5,2013-03-26 22:42:49 UTC,-73.976464,40.774318,-73.97103,40.784658
17.3,2012-07-19 13:39:54 UTC,-74.010629,40.732933,-74.013009,40.735377
18.1,2012-10-16 16:52:17 UTC,-73.972496,40.782876,-73.974097,40.787608
18.2,2013-05-19 22:45:22 UTC,-73.97311,40.760037,-73.977914,40.758122
21.8,2013-03-17 14:52:23 UTC,-73.955549,40.743714,-73.96206,40.754236
23.6,2012-12-04 15:15:39 UTC,-73.986194,40.732299,-73.985016,40.716326
21.3,2012-05-01 05:01:53 UTC,-73.97976,40.774699,-73.972965,40.765744
25.9,2012-09-11 14:58:08 UTC,-73.992856,40.787829,-73.976748,40.800692
25.7,2012-03-22 01:16:26 UTC,-73.968041,40.734014,-73.987606,40.729658
31.9,2012-02-17 04:42:21 UTC,-73.99567,40.71601,-74.02006,40.694551
26.5,2012-10-25 06:33:47 UTC,-73.99786,40.770826,-73.981559,40.785353
21.0,2011-05-31 14:32:56 UTC,-73.981356,40.706544,-73.980785,40.717313
19.2,2013-05-04 05:31:44 UTC,-74.004517,40.710835,-74.003422,40.717944
18.2,2012-01-05 02:00:46 UTC,-73.947957,40.718119,-73.942944,40.719063
24.0,2013-04-05 12:04:56 UTC,-73.941455,40.737536,-73.943323,40.754144
27.3,2013-08-30 21:04:59 UTC,-73.989072,40.70991,-73.96932,40.722496
23.8,2013-01-24 20:23:59 UTC,-74.007732,40.691836,-74.002814,40.707315
19.8,2012-10-19 20:53:09 UTC,-73.973268,40.715937,-73.977744,40.722892
17.5,2012-10-25 07:46:20 UTC,-73.989642,40.769274,-73.993224,40.770502
17.8,2013-12-16 22:21:03 UTC,-73.956506,40.711854,-73.957942,40.707862
23.1,2011-04-30 05:27:30 UTC,-73.995743,40.739792,-74.003514,40.727103
24.4,2011-04-09 06:41:22 UTC,-73.96911,40.808401,-73.952215,40.813421
18.6,2012-05-28 23:16:44 UTC,-73.97772,40.748525,-73.976481,40.754378
21.7,2012-08-03 12:59:54 UTC,-73.993525,40.760276,-74.00523,40.756778
19.3,2012-03-09 11:38:46 UTC,-73.975199,40.721619,-73.971147,40.727756
23.0,2013-08-20 15:00:26 UTC,-73.962429,40.814904,-73.948039,40.811582
22.5,2013-05-05 11:18:58 UTC,-73.978263,40.733761,-73.967655,40.742435
21.5,2011-09-10 16:38:44 UTC,-73.978054,40.743157,-73.985652,40.734336
23.3,2011-06-09 00:37:12 UTC,-73.997456,40.789512,-74.008546,40.778961
22.9,2013-05-07 23:54:19 UTC,-73.957116,40.744548,-73.942843,40.742142
24.7,2012-12-21 16:03:04 UTC,-73.959109,40.751437,-73.975352,40.759725
21.7,2013-07-07 13:51:09 UTC,-73.988211,40.741549,-73.984502,40.729961
21.6,2012-02-16 00:42:25 UTC,-73.982486,40.741755,-73.988171,40.752252
26.1,2013-11-16 17:39:59 UTC,-73.951716,40.761115,-73.938579,40.744689
21.0,2011-07-21 09:04:09 UTC,-74.002671,40.766588,-74.013219,40.764121
23.7,2012-01-05 20:23:37 UTC,-73.967914,40.730703,-73.975879,40.716572
29.0,2013-06-17 07:30:40 UTC,-73.991172,40.727018,-73.985002,40.700919
20.0,2013-02-08 01:38:48 UTC,-73.944438,40.731726,-73.936483,40.73539
22.5,2013-07-26 11:33:41 UTC,-73.978731,40.707962,-73.965135,40.706184
23.0,2013-02-26 00:03:44 UTC,-73.954792,40.702287,-73.950063,40.688316
18.8,2012-07-12 04:24:48 UTC,-73.995227,40.758915,-73.991732,40.753749
21.3,2013-03-15 01:08:05 UTC,-74.004971,40.778158,-73.994479,40.782576
22.7,2012-02-06 13:18:13 UTC,-73.984685,40.776131,-73.998391,40.77245
20.1,2013-11-29 16:59:34 UTC,-73.974746,40.67854,-73.983543,40.676553
22.4,2011-04-03 09:16:58 UTC,-73.990215,40.742648,-74.003083,40.738663
29.4,2011-03-06 12:52:35 UTC,-73.964834,40.716937,-73.991691,40.711114
20.8,2013-11-13 10:16:36 UTC,-73.984199,40.754312,-73.975777,40.748359
23.4,2013-11-09 02:36:25 UTC,-74.021629,40.737465,-74.007332,40.731218
20.3,2013-06-29 18:47:07 UTC,-73.968944,40.767757,-73.963384,40.760226
21.1,2012-05-29 00:08:30 UTC,-73.997651,40.749425,-73.99385,40.739252
17.6,2013-05-22 21:25:16 UTC,-73.987232,40.69312,-73.986382,40.689323
18.8,2013-08-09 01:08:55 UTC,-73.948937,40.720987,-73.948386,40.714588
25.7,2012-09-18 12:04:40 UTC,-73.944544,40.750174,-73.927592,40.739457
24.3,2013-02-07 14:03:35 UTC,-73.99151,40.752703,-73.976018,40.760363
22.5,2012-06-05 05:26:55 UTC,-73.968444,40.70783,-73.974295,40.720156
21.2,2012-03-11 15:02:45 UTC,-73.991045,40.703906,-73.979957,40.703905
21.8,2012-08-08 14:06:35 UTC,-73.985737,40.751687,-73.973443,40.752352
20.4,2012-12-18 02:48:52 UTC,-73.992116,40.70789,-73.985612,40.700964
21.3,2012-01-05 02:21:18 UTC,-74.014487,40.699941,-74.010611,40.710611
24.5,2013-01-08 11:53:04 UTC,-73.978099,40.736646,-73.974566,40.754028
23.1,2012-06-05 08:32:12 UTC,-73.974237,40.735347,-73.989057,40.733709
23.9,2013-06-14 02:50:31 UTC,-73.99342,40.723648,-74.009127,40.718434
19.9,2013-09-24 23:34:18 UTC,-73.958244,40.728888,-73.950411,40.732303
21.2,2013-04-17 07:53:44 UTC,-73.988722,40.750415,-73.999725,40.751704
23.0,2012-03-03 09:34:03 UTC,-73.992744,40.728395,-74.006637,40.723394
26.3,2012-06-28 12:55:35 UTC,-73.96947,40.752121,-73.990225,40.756833
20.9,2013-09-29 18:42:11 UTC,-74.010854,40.738586,-74.015611,40.747968
20.0,2011-01-11 05:11:26 UTC,-73.961866,40.75503,-73.958123,40.747171
28.5,2012-02-13 09:02:02 UTC,-73.988043,40.776346,-73.983494,40.801767
24.4,2011-03-25 22:47:02 UTC,-73.960214,40.775177,-73.951708,40.759848
20.3,2012-04-16 10:39:05 UTC,-73.954237,40.788646,-73.958152,40.780129
16.9,2013-02-26 10:31:59 UTC,-73.967197,40.775144,-73.966124,40.777484
27.6,2012-10-28 20:43:47 UTC,-73.996239,40.757157,-73.987781,40.779625
19.3,2013-05-31 12:21:34 UTC,-74.005017,40.736997,-74.000377,40.731371
21.7,2012-07-12 21:27:20 UTC,-74.008681,40.738367,-74.01453,40.72771
18.8,2012-10-19 13:36:20 UTC,-73.957942,40.723667,-73.954945,40.729159
25.6,2013-09-11 07:59:59 UTC,-73.982696,40.750136,-74.002538,40.74765
19.0,2011-10-06 14:59:28 UTC,-73.991984,40.770922,-73.991983,40.777574
18.7,2012-03-06 18:25:19 UTC,-73.982642,40.72823,-73.988826,40.727522
24.4,2011-12-26 05:51:22 UTC,-73.958388,40.748883,-73.943202,40.740312
28.4,2013-11-04 02:09:14 UTC,-73.964425,40.729679,-73.974197,40.753168
30.4,2011-04-30 15:16:18 UTC,-73.97123,40.756281,-73.970063,40.726737
25.0,2012-06-06 15:04:04 UTC,-73.967242,40.733518,-73.971531,40.751721
21.1,2013-12-09 07:04:06 UTC,-73.976397,40.727815,-73.981979,40.737147
19.8,2012-01-18 15:54:13 UTC,-73.973958,40.729601,-73.970184,40.722145
25.2,2013-05-18 23:40:03 UTC,-73.975579,40.7651,-73.979762,40.783824
27.2,2011-09-30 14:35:05 UTC,-73.980001,40.747098,-73.961481,40.733383
26.7,2012-04-28 05:36:47 UTC,-73.964933,40.737147,-73.984678,40.747228
26.5,2013-12-07 09:40:35 UTC,-73.972774,40.757842,-73.966463,40.737016
21.4,2012-02-17 13:03:43 UTC,-73.997614,40.737565,-73.998462,40.726106
21.4,2012-07-21 09:35:49 UTC,-73.969423,40.783796,-73.969926,40.772312
19.7,2012-02-01 13:17:32 UTC,-73.975055,40.720784,-73.972034,40.713277
20.6,2013-04-26 21:56:04 UTC,-73.967772,40.744391,-73.957794,40.744507
20.0,2011-11-22 05:02:47 UTC,-73.982084,40.707857,-73.979433,40.699597
27.0,2013-08-29 03:32:35 UTC,-73.963765,40.739594,-73.953752,40.71923
18.0,2011-05-29 07:55:36 UTC,-73.981228,40.699611,-73.980764,40.704245
20.8,2012-12-02 01:11:21 UTC,-73.965522,40.772389,-73.975864,40.772879
17.7,2012-06-12 06:42:03 UTC,-73.989129,40.772995,-73.990021,40.777084
21.5,2011-10-21 10:00:24 UTC,-73.987745,40.773525,-73.976216,40.775244
20.8,2013-03-20 19:23:52 UTC,-73.967959,40.750866,-73.972066,40.760409
21.1,2011-08-23 23:16:07 UTC,-73.986635,40.723604,-73.997464,40.722849
21.6,2012-06-22 19:17:26 UTC,-73.935884,40.72599,-73.92969,40.736115
19.9,2011-09-29 01:04:17 UTC,-73.968671,40.795905,-73.965305,40.788148
20.9,2012-08-15 15:05:50 UTC,-73.979502,40.79307,-73.98721,40.785884
22.6,2011-09-20 17:13:37 UTC,-73.963602,40.753677,-73.965933,40.767437
22.5,2011-07-26 14:46:47 UTC,-73.989614,40.734531,-73.99143,40.748088
18.5,2011-07-04 04:04:28 UTC,-73.96154,40.791059,-73.961476,40.796796
21.1,2013-12-29 01:05:45 UTC,-73.962095,40.729165,-73.95563,40.720274
20.9,2012-03-02 03:55:28 UTC,-73.954929,40.756865,-73.958981,40.747169
23.1,2012-03-18 08:55:02 UTC,-73.988816,40.790559,-73.981834,40.803839
22.5,2011-08-06 15:42:26 UTC,-74.004455,40.72491,-74.00979,40.737636
24.0,2012-09-03 00:56:52 UTC,-73.992203,40.774877,-73.97554,40.774241
30.1,2011-09-03 15:50:47 UTC,-73.985633,40.765617,-73.968754,40.789036
20.5,2011-08-06 07:54:00 UTC,-73.946656,40.748815,-73.95522,40.753404
23.9,2012-03-17 08:59:58 UTC,-73.9361,40.720197,-73.948355,40.709125
20.7,2013-05-25 21:07:57 UTC,-73.973107,40.728267,-73.963325,40.72551
16.9,2013-08-02 09:26:38 UTC,-73.979812,40.758684,-73.977233,40.758738
18.4,2011-01-25 05:20:23 UTC,-73.986998,40.7073,-73.981481,40.708164
22.7,2013-02-02 18:49:46 UTC,-73.963506,40.753922,-73.970054,40.766422
20.5,2013-12-25 13:52:31 UTC,-73.936228,40.766232,-73.937553,40.756669
22.5,2011-04-16 15:38:39 UTC,-73.944283,40.779557,-73.947731,40.766241
19.0,2011-02-11 14:39:12 UTC,-73.95724,40.708049,-73.954198,40.714073
22.4,2012-06-03 14:25:11 UTC,-73.957534,40.789487,-73.969991,40.784418
27.8,2013-12-02 18:45:26 UTC,-73.963354,40.800861,-73.964347,40.825096
23.5,2013-01-18 03:48:50 UTC,-73.980946,40.762305,-73.993504,40.771737
19.3,2012-05-17 06:00:06 UTC,-73.994731,40.718859,-73.999887,40.713605
21.7,2013-09-12 06:51:06 UTC,-73.980416,40.740157,-73.98139,40.752285
20.1,2011-03-08 12:09:49 UTC,-73.971553,40.748572,-73.966479,40.755876
20.0,2013-08-24 20:52:36 UTC,-74.009073,40.758114,-74.003169,40.764451
274.3,2012-11-27 23:21:38 UTC,-73.983059,40.750659,-73.97545,40.749437
23.3,2011-09-06 21:48:03 UTC,-73.996519,40.758435,-74.011347,40.762639
27.9,2012-10-24 15:18:41 UTC,-73.959723,40.747278,-73.947082,40.726248
23.0,2013-02-09 16:30:09 UTC,-73.990994,40.757953,-73.997442,40.771124
0.9,2012-04-14 16:20:35 UTC,-73.973436,40.736184,-73.979154,40.701824
18.2,2011-11-06 19:48:48 UTC,-73.994,40.739854,-73.991313,40.735433
23.8,2013-09-28 06:28:47 UTC,-73.948046,40.732719,-73.951416,40.716762
18.7,2011-09-26 02:01:15 UTC,-74.014015,40.807518,-74.010397,40.802509
18.4,2012-08-28 05:05:44 UTC,-73.970483,40.793917,-73.965009,40.793176
22.7,2012-04-26 16:12:29 UTC,-74.005545,40.766659,-74.013177,40.754691
29.5,2011-01-25 20:59:58 UTC,-73.990187,40.789759,-73.992024,40.762014
16.9,2012-12-25 15:57:19 UTC,-73.975876,40.773954,-73.977417,40.776024
27.1,2012-01-24 17:59:38 UTC,-73.974893,40.755438,-73.96531,40.776303
18.5,2013-12-16 10:53:16 UTC,-73.975415,40.704833,-73.980066,40.70132
21.1,2012-01-03 12:21:36 UTC,-73.976965,40.742135,-73.982052,40.751728
24.7,2011-10-31 21:53:47 UTC,-73.992837,40.739949,-74.003053,40.754993
26.2,2011-04-22 13:05:33 UTC,-73.983281,40.716008,-73.992376,40.697007
22.8,2012-12-03 13:47:22 UTC,-73.979367,40.705415,-73.992873,40.700842
22.9,2012-01-17 19:12:46 UTC,-73.976093,40.764782,-73.983123,40.752018
24.6,2011-06-09 17:52:13 UTC,-73.981314,40.759735,-73.965378,40.751672
24.8,2012-01-12 03:07:39 UTC,-73.965408,40.714978,-73.958499,40.731998
22.1,2011-01-16 23:59:59 UTC,-73.978132,40.727624,-73.965359,40.72986
21.8,2011-01-31 20:26:16 UTC,-73.975973,40.784837,-73.985475,40.792725
25.4,2011-10-16 17:41:25 UTC,-73.987653,40.723669,-74.00713,40.72323
21.9,2012-07-01 00:03:03 UTC,-74.001049,40.755124,-73.997885,40.743018
25.5,2013-05-07 03:48:08 UTC,-73.976919,40.744307,-73.958383,40.751088
22.3,2011-01-30 18:44:03 UTC,-73.955851,40.765191,-73.960704,40.777717
17.3,2012-05-23 12:22:15 UTC,-73.971123,40.724317,-73.970105,40.727491
23.9,2013-09-23 07:47:32 UTC,-73.99635,40.752703,-74.012045,40.757594
21.8,2013-08-13 05:42:15 UTC,-73.963705,40.755062,-73.963423,40.742714
19.2,2011-09-20 18:00:08 UTC,-73.986702,40.756905,-73.987952,40.763974
28.1,2012-01-13 14:02:23 UTC,-73.965707,40.752372,-73.986637,40.765832
21.2,2012-04-20 09:08:12 UTC,-73.987376,40.760338,-73.997749,40.764384
26.2,2012-03-13 22:46:16 UTC,-73.972934,40.815753,-73.984101,40.797785
27.0,2011-01-16 20:39:35 UTC,-73.99037,40.826839,-74.006167,40.843195
21.6,2012-05-25 19:23:46 UTC,-73.989861,40.730824,-73.99711,40.721375
18.8,2012-08-03 12:05:27 UTC,-74.011325,40.680453,-74.006238,40.684331
21.4,2013-10-15 04:48:38 UTC,-73.969759,40.767865,-73.97609,40.777395
23.5,2012-09-10 06:53:20 UTC,-73.972597,40.755588,-73.961112,40.766384
24.8,2013-09-23 17:53:47 UTC,-73.971471,40.781831,-73.975099,40.763831
17.4,2011-01-12 16:36:45 UTC,-73.974493,40.758547,-73.971231,40.759719
18.1,2011-03-19 17:00:37 UTC,-73.995245,40.751758,-73.99027,40.752268
26.1,2013-05-18 11:30:42 UTC,-73.960682,40.783867,-73.945343,40.798257
19.9,2013-12-07 17:16:16 UTC,-73.960144,40.788063,-73.967306,40.792651
23.2,2012-06-05 15:33:16 UTC,-73.995765,40.708403,-73.991341,40.722884
21.1,2012-09-19 09:12:43 UTC,-73.969358,40.725502,-73.978824,40.730901
24.3,2012-07-12 06:26:53 UTC,-73.9625,40.746832,-73.945279,40.746091
20.9,2013-12-12 12:11:43 UTC,-73.989402,40.752953,-73.999799,40.754892
23.5,2011-06-05 01:36:56 UTC,-73.985921,40.743221,-73.982084,40.758456
25.8,2013-03-12 22:57:51 UTC,-73.969318,40.763026,-73.953723,40.750057
23.1,2012-05-07 02:10:47 UTC,-74.010207,40.779883,-74.022172,40.788943
20.0,2012-01-06 10:08:13 UTC,-74.00177,40.801681,-73.995819,40.795405
22.1,2013-02-15 06:47:02 UTC,-73.999796,40.767367,-74.009723,40.758943
28.3,2011-08-09 18:35:31 UTC,-74.015926,40.72443,-73.992643,40.734664
26.1,2012-01-10 11:17:59 UTC,-73.958301,40.745579,-73.977215,40.736748
23.4,2012-04-18 09:11:39 UTC,-74.019763,40.747739,-74.034936,40.75151
21.7,2012-06-14 14:00:02 UTC,-73.973138,40.765439,-73.984353,40.76055
28.6,2012-04-19 17:49:29 UTC,-73.963766,40.761645,-73.97466,40.738076
19.2,2013-12-25 04:28:32 UTC,-73.985872,40.811512,-73.980663,40.816289
24.7,2012-03-01 19:29:41 UTC,-73.993367,40.736155,-73.975371,40.737418
26.8,2011-05-13 17:20:57 UTC,-73.975343,40.761543,-73.963792,40.742442
19.3,2012-08-13 19:07:48 UTC,-73.979963,40.820641,-73.977624,40.813655
24.7,2011-06-08 11:20:29 UTC,-73.95993,40.732444,-73.959834,40.714374
20.4,2013-01-17 00:25:25 UTC,-74.03257,40.754354,-74.038634,40.761671
22.8,2012-11-10 00:58:14 UTC,-73.998374,40.721654,-73.994463,40.735534
20.0,2011-04-24 00:10:54 UTC,-73.968768,40.752463,-73.970857,40.760958
20.7,2011-03-06 11:15:53 UTC,-73.978991,40.726593,-73.977097,40.736485
20.2,2011-05-26 14:16:29 UTC,-73.964959,40.781404,-73.972368,40.776226
22.2,2013-10-30 02:57:20 UTC,-73.97476,40.75442,-73.986778,40.759889
15.8,2013-04-14 08:42:20 UTC,-73.982695,40.721938,-73.98244,40.721847
16.6,2011-01-27 21:03:21 UTC,-73.986046,40.775217,-73.986012,40.77707
21.3,2012-02-12 07:44:09 UTC,-73.933499,40.75539,-73.939458,40.764964
22.6,2012-07-31 07:05:47 UTC,-73.949301,40.778585,-73.956966,40.790339
19.0,2013-02-24 16:37:44 UTC,-73.97009,40.71557,-73.964506,40.711673
23.0,2012-12-27 13:29:57 UTC,-73.978431,40.761065,-73.973881,40.746988
25.1,2012-10-22 09:55:42 UTC,-73.969237,40.7732,-73.950472,40.771326
22.6,2012-10-14 11:08:03 UTC,-73.963463,40.737299,-73.949654,40.735106
21.8,2013-03-17 23:53:33 UTC,-73.971623,40.71223,-73.983562,40.715076
19.9,2013-12-20 08:04:14 UTC,-73.995028,40.748752,-73.996936,40.757082
27.4,2013-03-28 03:50:51 UTC,-73.94431,40.786843,-73.957957,40.767698
25.4,2012-09-25 06:57:07 UTC,-73.975076,40.783778,-73.993468,40.777069
0.4,2013-12-04 23:52:27 UTC,-73.939721,40.737147,-73.917767,40.727508
25.3,2013-11-16 00:33:16 UTC,-73.976257,40.711507,-73.961454,40.724016
18.9,2011-03-03 05:25:56 UTC,-73.984913,40.737065,-73.991211,40.734981
22.4,2013-03-02 06:59:20 UTC,-73.952317,40.735946,-73.939883,40.730817
23.1,2012-08-28 14:50:47 UTC,-73.973976,40.763393,-73.960059,40.768776
25.7,2012-06-08 04:02:31 UTC,-73.977332,40.74685,-73.996536,40.74092
19.9,2011-06-12 18:13:47 UTC,-74.004007,40.727402,-73.995501,40.72725
25.0,2013-09-08 16:58:03 UTC,-73.966796,40.783128,-73.971712,40.801269
24.8,2011-06-22 07:18:36 UTC,-73.989866,40.754213,-73.986035,40.772076
30.8,2013-09-01 01:10:44 UTC,-73.988956,40.763062,-73.958857,40.758989
23.6,2012-04-02 02:04:02 UTC,-73.989811,40.69825,-73.973957,40.696427
18.8,2013-09-05 07:49:34 UTC,-73.971219,40.677272,-73.972501,40.671082
27.6,2011-10-07 23:16:39 UTC,-74.010708,40.706874,-73.996491,40.687615
26.6,2011-07-21 01:43:22 UTC,-73.984217,40.735584,-74.003438,40.745946
28.0,2012-01-10 23:34:48 UTC,-73.960394,40.767291,-73.955359,40.791504
19.1,2011-01-29 06:28:52 UTC,-74.004913,40.679733,-73.999639,40.675298
21.0,2013-03-01 00:07:11 UTC,-73.976542,40.797786,-73.969485,40.789618
18.5,2012-05-08 15:09:14 UTC,-73.992628,40.755117,-73.997713,40.752389
17.6,2011-04-27 23:25:46 UTC,-73.988074,40.790809,-73.984254,40.791659
22.7,2013-01-15 20:59:38 UTC,-73.946897,40.723421,-73.938337,40.712066
27.5,2013-10-14 02:01:05 UTC,-74.01301,40.765116,-74.036239,40.760531
20.9,2013-11-10 08:09:35 UTC,-73.964687,40.752556,-73.967849,40.762705
20.2,2012-05-11 13:41:44 UTC,-73.989559,40.774531,-73.998592,40.775804
22.8,2011-02-13 00:59:21 UTC,-73.990553,40.742986,-73.983932,40.75569
22.8,2012-08-27 18:18:05 UTC,-74.002231,40.764196,-73.988453,40.767844
21.9,2012-08-17 12:58:25 UTC,-73.964922,40.783066,-73.971041,40.772177
21.8,2011-01-21 03:55:01 UTC,-73.983828,40.730465,-73.994715,40.724705
17.0,2012-09-11 06:19:49 UTC,-73.986353,40.757267,-73.985182,40.759751
23.7,2011-12-03 03:56:13 UTC,-73.977803,40.693364,-73.989335,40.682138
22.0,2011-10-03 12:02:25 UTC,-73.983406,40.771075,-73.98567,40.758552
21.8,2013-09-04 13:46:02 UTC,-74.020014,40.80864,-74.023333,40.796718
19.5,2011-08-29 02:13:02 UTC,-73.989816,40.712667,-73.984015,40.717825
18.0,2012-12-25 02:50:39 UTC,-73.962091,40.747259,-73.958939,40.743596
21.6,2013-01-16 00:39:46 UTC,-74.010132,40.776414,-74.008518,40.788239
25.0,2012-02-21 06:52:51 UTC,-74.001799,40.750943,-73.98543,40.741978
28.0,2013-12-11 23:10:26 UTC,-73.988536,40.754953,-73.985839,40.730379
17.8,2013-10-17 13:21:15 UTC,-73.994512,40.73827,-73.998691,40.736963
24.0,2011-02-15 11:48:45 UTC,-73.980558,40.737155,-73.98351,40.753631
19.5,2011-01-10 23:45:17 UTC,-74.001862,40.747399,-74.009505,40.747745
24.2,2012-10-10 16:37:39 UTC,-73.987757,40.75125,-73.997943,40.737529
26.3,2012-11-28 12:49:36 UTC,-73.98096,40.714557,-73.994853,40.698314
23.9,2013-10-26 20:50:35 UTC,-73.967021,40.748019,-73.955679,40.759998
21.0,2011-11-23 03:24:10 UTC,-73.955104,40.797056,-73.962287,40.788982
23.5,2011-10-27 13:44:28 UTC,-73.985231,40.737426,-73.982072,40.752844
19.2,2011-11-26 17:47:04 UTC,-73.942239,40.712882,-73.945237,40.719423
19.5,2012-01-13 23:39:56 UTC,-73.983678,40.745458,-73.98397,40.737762
23.8,2013-02-12 15:59:35 UTC,-73.963422,40.728562,-73.951884,40.740233
20.3,2011-01-03 11:36:05 UTC,-73.94137,40.70985,-73.939603,40.700611
24.2,2011-10-02 17:15:22 UTC,-73.977214,40.754175,-73.986441,40.739702
20.8,2011-11-25 02:07:37 UTC,-74.007471,40.728692,-74.013112,40.720024
21.4,2011-08-05 20:15:41 UTC,-73.978182,40.731259,-73.969582,40.738946
21.8,2013-04-11 21:13:12 UTC,-73.992233,40.754603,-73.987401,40.765982
20.7,2011-11-28 04:49:03 UTC,-73.985489,40.704005,-73.976265,40.700044
25.0,2012-10-03 02:57:43 UTC,-73.9403,40.697753,-73.942685,40.67907
26.1,2012-03-26 03:37:11 UTC,-74.004455,40.770126,-74.018416,40.754559
21.5,2012-04-02 00:16:15 UTC,-73.973991,40.692075,-73.968924,40.681399
22.2,2011-01-09 20:08:58 UTC,-73.997554,40.7207,-73.995026,40.70776
17.6,2013-06-05 08:11:54 UTC,-73.986153,40.696005,-73.983363,40.698659
27.5,2012-02-03 01:10:10 UTC,-73.965103,40.735416,-73.978921,40.754797
20.7,2012-04-24 05:52:19 UTC,-73.973637,40.762842,-73.980039,40.7708
23.0,2013-07-23 02:07:49 UTC,-73.984501,40.75337,-73.993884,40.742088
19.6,2012-09-16 10:33:56 UTC,-73.992996,40.821756,-73.989002,40.814812
18.9,2012-09-20 23:18:06 UTC,-73.973678,40.782607,-73.96934,40.777615
17.6,2011-07-29 07:13:38 UTC,-73.945846,40.722065,-73.946281,40.725957
24.9,2012-09-27 20:59:58 UTC,-73.998027,40.714088,-73.988351,40.729801
23.4,2013-05-17 16:36:43 UTC,-73.941767,40.831201,-73.92686,40.826527
23.5,2012-01-28 19:44:56 UTC,-73.95601,40.781877,-73.952479,40.797265
26.7,2011-12-14 17:19:40 UTC,-73.952613,40.767681,-73.945902,40.78872
18.9,2013-11-16 07:31:00 UTC,-73.973831,40.752246,-73.979247,40.748746
19.7,2013-10-13 08:19:44 UTC,-73.956577,40.758206,-73.963832,40.754449
21.0,2011-06-15 00:59:56 UTC,-74.000177,40.705538,-73.990079,40.701932
20.0,2011-03-04 02:35:00 UTC,-73.993361,40.754711,-74.002108,40.755336
19.6,2011-08-10 23:03:49 UTC,-73.964684,40.752137,-73.957713,40.748555
25.3,2011-08-05 03:24:09 UTC,-73.974083,40.722876,-73.956888,40.731718
24.0,2013-09-21 22:06:41 UTC,-73.982968,40.733844,-73.976433,40.718356
0.2,2012-12-08 17:42:56 UTC,-74.030052,40.795455,-74.030862,40.790109
22.5,2012-12-22 07:31:26 UTC,-73.988709,40.746245,-74.002113,40.749536
20.1,2012-10-01 09:36:22 UTC,-74.003481,40.812135,-74.001848,40.820836
27.7,2013-12-30 11:24:02 UTC,-73.970129,40.69778,-73.960038,40.719732
22.1,2011-03-31 03:41:35 UTC,-73.983823,40.734336,-73.985613,40.721446
21.7,2012-08-30 09:20:53 UTC,-73.992566,40.703582,-73.982351,40.697061
27.1,2011-09-29 14:18:28 UTC,-73.927142,40.713717,-73.923492,40.691053
21.4,2013-11-05 00:47:01 UTC,-73.959237,40.725154,-73.956323,40.714055
24.6,2013-12-15 14:38:27 UTC,-73.958883,40.759459,-73.96205,40.74177
23.4,2012-05-31 09:21:52 UTC,-73.935956,40.758005,-73.950516,40.752792
18.0,2012-09-03 13:12:00 UTC,-73.963956,40.729621,-73.968207,40.727338
18.8,2012-02-04 22:40:21 UTC,-73.995419,40.683166,-73.99975,40.687861
18.9,2011-11-16 15:50:14 UTC,-73.997758,40.794331,-73.992004,40.791345
18.0,2011-06-23 19:41:52 UTC,-73.960702,40.741427,-73.960854,40.746126
21.1,2011-03-17 00:52:16 UTC,-74.021187,40.716511,-74.010355,40.717652
21.0,2012-11-27 17:27:06 UTC,-73.981556,40.758248,-73.978742,40.747915
24.4,2013-08-26 21:25:52 UTC,-74.023422,40.756133,-74.028466,40.739271
20.6,2012-10-13 06:45:46 UTC,-73.978023,40.74032,-73.986172,40.746157
24.4,2011-05-29 13:01:07 UTC,-73.962919,40.754456,-73.968952,40.770921
28.3,2013-05-26 22:05:36 UTC,-73.974412,40.715349,-73.972804,40.740703
20.7,2013-05-18 00:40:05 UTC,-73.961238,40.772797,-73.964966,40.782152
24.7,2011-09-01 06:40:36 UTC,-73.940703,40.720094,-73.951468,40.734669
21.2,2012-02-01 07:42:27 UTC,-73.982871,40.731833,-73.972804,40.736448
17.3,2013-08-11 17:56:18 UTC,-73.923847,40.769464,-73.922324,40.772484
17.1,2013-07-22 21:01:59 UTC,-73.975747,40.786119,-73.972999,40.787229
19.8,2011-08-03 10:32:23 UTC,-73.961017,40.797573,-73.969243,40.796515
21.7,2011-07-13 16:39:33 UTC,-73.992221,40.781674,-74.002637,40.787745
18.4,2012-09-30 21:04:47 UTC,-73.947614,40.740278,-73.949236,40.735072
25.8,2012-11-21 15:12:25 UTC,-73.959166,40.703769,-73.979448,40.702295
22.7,2013-11-20 19:38:47 UTC,-73.950571,40.792152,-73.942773,40.780372
19.9,2011-10-31 11:13:55 UTC,-73.97891,40.791121,-73.98595,40.79587
20.6,2013-02-24 17:15:51 UTC,-74.005108,40.729841,-74.007785,40.72025
17.8,2013-02-22 12:57:28 UTC,-73.970792,40.777636,-73.966523,40.777973
18.4,2011-03-18 03:08:46 UTC,-74.01394,40.740035,-74.016187,40.74504
22.2,2012-04-06 18:11:52 UTC,-73.986724,40.795038,-73.998407,40.800897
24.1,2011-05-02 05:02:57 UTC,-73.976178,40.734554,-73.961121,40.742269
23.4,2012-07-22 21:51:15 UTC,-73.932456,40.80936,-73.947781,40.807227
27.1,2013-04-09 19:31:55 UTC,-73.973629,40.773584,-73.995994,40.778444
20.6,2013-03-01 16:15:37 UTC,-73.977209,40.803926,-73.968463,40.79906
27.9,2013-09-05 01:13:21 UTC,-73.981261,40.736086,-73.995855,40.716377
22.4,2011-04-18 16:59:58 UTC,-74.006842,40.762151,-73.994314,40.767454
18.0,2011-01-15 17:47:31 UTC,-73.978283,40.720922,-73.974515,40.723907
20.9,2011-07-24 20:48:39 UTC,-73.977942,40.77532,-73.975112,40.785453
18.5,2013-05-14 02:15:27 UTC,-73.999372,40.776971,-74.005062,40.776718
24.6,2011-12-20 14:00:40 UTC,-74.003735,40.821911,-74.011989,40.805879
17.6,2013-07-15 03:43:32 UTC,-73.989631,40.764461,-73.993394,40.763545
21.9,2011-06-10 06:17:22 UTC,-73.978701,40.771723,-73.987474,40.780589
22.1,2012-03-19 22:14:25 UTC,-73.989151,40.735875,-73.977074,40.740635
19.4,2013-11-19 12:15:38 UTC,-74.001018,40.766241,-74.008445,40.764774
24.3,2011-08-28 12:13:16 UTC,-73.974215,40.738603,-73.969151,40.721968
22.8,2011-09-26 23:19:14 UTC,-73.969223,40.753476,-73.959171,40.743216
20.6,2011-11-08 20:03:53 UTC,-73.977574,40.755235,-73.986386,40.760008
24.2,2011-02-03 17:01:56 UTC,-73.99126,40.739431,-73.987494,40.722779
20.4,2013-12-06 19:41:27 UTC,-73.968103,40.751888,-73.977042,40.748706
16.5,2012-01-11 19:10:57 UTC,-73.983811,40.738741,-73.985546,40.739125
21.8,2011-07-21 22:36:40 UTC,-74.003782,40.738608,-74.008368,40.750107
20.3,2012-05-07 17:48:26 UTC,-73.959275,40.7823,-73.96623,40.788445
20.5,2013-12-25 23:37:27 UTC,-73.97293,40.755262,-73.971352,40.764891
21.9,2013-08-19 13:04:49 UTC,-73.982386,40.760412,-73.994527,40.763431
21.9,2011-03-16 09:42:58 UTC,-74.011421,40.706281,-74.002129,40.697827
21.8,2012-01-21 14:38:40 UTC,-73.994897,40.762704,-74.005713,40.756567
23.5,2011-07-18 19:33:34 UTC,-73.939629,40.765913,-73.9523,40.756586
18.8,2011-06-11 20:21:30 UTC,-74.010167,40.73805,-74.01269,40.743958
19.6,2013-06-13 22:18:03 UTC,-73.985027,40.812551,-73.988752,40.805612
18.3,2013-03-02 19:38:27 UTC,-73.980327,40.681323,-73.976771,40.677383
16.1,2012-11-24 06:16:18 UTC,-73.97359,40.773531,-73.972742,40.773756
27.2,2012-11-05 14:45:46 UTC,-74.009943,40.771384,-74.026217,40.787797
21.6,2013-08-17 13:38:56 UTC,-73.976516,40.766247,-73.966651,40.772819
19.7,2012-02-23 16:41:46 UTC,-74.013722,40.755286,-74.016496,40.747558
17.1,2011-01-29 05:59:16 UTC,-73.978051,40.76652,-73.975637,40.768039
29.4,2011-01-14 23:56:49 UTC,-73.993048,40.776045,-73.971026,40.792558
22.8,2013-04-04 04:39:38 UTC,-73.997317,40.728223,-73.984453,40.734375
23.7,2013-05-13 03:49:36 UTC,-73.963304,40.758976,-73.961198,40.742993
23.9,2013-10-04 13:26:58 UTC,-73.984712,40.7445,-73.998443,40.735348
24.0,2012-08-17 13:08:37 UTC,-73.970526,40.717187,-73.984089,40.707268
24.9,2013-11-11 03:16:07 UTC,-73.969863,40.771515,-73.958243,40.785922
22.2,2013-08-12 01:10:30 UTC,-73.954601,40.733069,-73.958619,40.745632
18.9,2012-01-30 23:53:55 UTC,-74.004165,40.705064,-74.005849,40.698814
22.2,2011-02-07 20:20:45 UTC,-73.96162,40.733827,-73.973074,40.727361
17.9,2012-01-29 07:38:07 UTC,-73.979671,40.726033,-73.975212,40.72648
21.4,2011-11-24 22:33:58 UTC,-73.987562,40.780854,-73.976148,40.781601
24.6,2012-05-25 15:40:12 UTC,-74.002985,40.754596,-73.98775,40.744973
18.2,2012-12-16 21:31:56 UTC,-73.967868,40.791471,-73.97235,40.78898
23.6,2013-01-22 01:44:32 UTC,-73.998444,40.730003,-73.991996,40.715467
22.0,2013-03-04 18:42:04 UTC,-73.969644,40.776225,-73.970595,40.788948
25.5,2012-08-31 19:29:44 UTC,-73.941443,40.835189,-73.932641,40.817585
24.5,2011-01-08 05:16:43 UTC,-73.9604,40.760681,-73.96044,40.742967
20.3,2012-11-16 07:42:58 UTC,-73.952171,40.775849,-73.960413,40.7802
24.7,2011-10-29 07:34:38 UTC,-73.99438,40.770806,-73.981179,40.758437
18.2,2011-11-03 03:56:15 UTC,-73.964745,40.707338,-73.96376,40.702328
17.4,2012-04-12 18:04:54 UTC,-74.002884,40.767575,-74.006399,40.768206
19.1,2011-10-03 23:35:33 UTC,-73.98467,40.759194,-73.982892,40.765947
19.5,2012-09-12 15:53:33 UTC,-73.945175,40.742208,-73.952541,40.739997
24.8,2011-07-02 20:49:07 UTC,-73.992157,40.723479,-73.988004,40.741271
16.6,2012-12-19 12:12:15 UTC,-73.957773,40.770819,-73.959736,40.770815
22.8,2012-12-26 19:12:19 UTC,-73.959687,40.720828,-73.967635,40.732736
27.6,2012-07-31 02:46:54 UTC,-73.958505,40.814009,-73.934736,40.816795
27.4,2011-05-27 12:36:57 UTC,-74.00534,40.753425,-74.015413,40.774737
21.2,2011-11-06 05:13:03 UTC,-73.969496,40.713301,-73.965963,40.723884
16.0,2013-01-24 22:38:35 UTC,-73.983132,40.73458,-73.982564,40.735015
21.6,2013-03-05 06:02:46 UTC,-73.95823,40.741656,-73.968486,40.747944
17.8,2011-09-15 09:15:24 UTC,-74.0131,40.822371,-74.016473,40.819763
22.5,2013-09-01 23:14:30 UTC,-73.972644,40.723462,-73.98607,40.720753
27.8,2011-05-22 21:13:05 UTC,-73.975472,40.746513,-73.954808,40.733479
19.9,2013-08-31 16:17:19 UTC,-74.019802,40.733865,-74.022482,40.725783
26.0,2012-04-09 15:39:38 UTC,-73.997708,40.764978,-73.999537,40.785587
27.1,2011-10-15 11:08:26 UTC,-74.016603,40.734343,-73.997151,40.722303
20.9,2013-05-27 19:32:09 UTC,-73.994527,40.715828,-74.002767,40.709273
22.1,2012-03-22 16:48:48 UTC,-73.969016,40.744141,-73.956072,40.743204
18.6,2012-04-28 16:17:51 UTC,-73.976093,40.741018,-73.970167,40.740414
25.7,2012-06-18 01:07:12 UTC,-73.976612,40.732233,-73.996402,40.73607
18.6,2012-02-11 21:19:21 UTC,-74.000795,40.733836,-74.004506,40.729144
18.8,2012-05-09 19:22:40 UTC,-73.957591,40.785541,-73.953225,40.789995
21.3,2012-07-11 16:44:18 UTC,-73.980376,40.740408,-73.980021,40.751832
22.0,2013-05-04 14:58:56 UTC,-73.979326,40.715976,-73.978943,40.728642
18.9,2011-03-19 01:38:48 UTC,-73.961192,40.736137,-73.967264,40.733461
20.3,2013-11-07 05:58:31 UTC,-73.999827,40.75163,-74.006956,40.757744
21.6,2011-10-04 07:27:26 UTC,-73.975429,40.709912,-73.978513,40.698451
26.1,2012-05-28 00:15:38 UTC,-73.971531,40.798779,-73.951918,40.791562
23.1,2013-04-03 10:46:12 UTC,-73.990911,40.776027,-73.999988,40.76429
18.1,2011-02-25 05:40:27 UTC,-73.966953,40.792905,-73.971775,40.792448
19.9,2012-12-22 23:40:54 UTC,-73.970458,40.761764,-73.970169,40.753172
26.2,2011-02-10 03:43:03 UTC,-73.982024,40.687189,-73.996655,40.671982
18.5,2012-03-16 23:19:45 UTC,-73.982643,40.79606,-73.978324,40.7922
26.4,2012-03-15 23:06:25 UTC,-73.969529,40.724093,-73.982409,40.706807
24.2,2011-05-16 22:04:43 UTC,-73.964231,40.726534,-73.975103,40.739806
22.0,2013-06-27 19:13:31 UTC,-73.978742,40.75469,-73.990095,40.749115
25.2,2013-08-13 17:26:55 UTC,-73.957596,40.791347,-73.974002,40.8012
22.4,2012-12-08 20:17:38 UTC,-73.966829,40.781599,-73.954146,40.776678
22.2,2011-02-22 05:47:51 UTC,-74.015769,40.777188,-74.010553,40.765239
23.1,2012-12-28 07:27:20 UTC,-74.008098,40.740645,-73.998874,40.7524
19.8,2013-02-02 21:15:34 UTC,-73.956355,40.740172,-73.948043,40.741059
25.1,2011-07-20 02:51:28 UTC,-73.984935,40.760378,-73.986617,40.779247
18.0,2012-07-13 21:58:55 UTC,-73.976716,40.746098,-73.977012,40.741433
21.2,2013-12-11 14:00:01 UTC,-73.957214,40.77668,-73.947077,40.77223
25.2,2013-10-28 21:24:01 UTC,-73.980128,40.774904,-73.963744,40.784951
23.7,2013-02-06 18:08:08 UTC,-73.979255,40.76774,-73.991836,40.777858
28.3,2011-07-17 14:50:52 UTC,-73.997375,40.674221,-73.972175,40.675755
33.6,2012-11-20 06:57:10 UTC,-73.9726,40.75384,-73.985757,40.787192
18.3,2011-04-14 05:39:01 UTC,-73.96827,40.746734,-73.972889,40.743929
22.0,2012-09-18 15:38:09 UTC,-73.991558,40.755041,-73.990817,40.742346
20.7,2011-12-30 16:06:53 UTC,-73.99844,40.72737,-73.996781,40.717345
25.5,2011-02-08 03:34:50 UTC,-73.927474,40.710256,-73.907836,40.707509
24.8,2011-02-16 03:30:24 UTC,-73.981858,40.763894,-73.971739,40.779082
17.9,2012-01-03 00:35:49 UTC,-73.993674,40.739311,-73.989545,40.737448
25.0,2013-03-26 20:42:51 UTC,-73.965868,40.767241,-73.955513,40.782901
18.4,2011-06-30 20:20:26 UTC,-73.981016,40.729873,-73.977558,40.734217
22.0,2013-02-25 22:50:49 UTC,-74.001715,40.792477,-74.008469,40.803311
18.7,2012-09-07 19:50:41 UTC,-73.970339,40.780032,-73.965483,40.783904
17.6,2011-04-22 04:51:40 UTC,-73.997062,40.758905,-73.996387,40.762697
21.3,2012-08-06 10:15:38 UTC,-73.948471,40.743601,-73.956899,40.751128
22.6,2013-09-10 20:51:22 UTC,-73.97011,40.775572,-73.957482,40.769905
18.4,2012-07-14 05:46:07 UTC,-73.985538,40.761776,-73.986082,40.756219
21.5,2011-08-10 12:22:28 UTC,-73.977813,40.757158,-73.989018,40.760653
26.5,2013-03-16 04:19:32 UTC,-73.961934,40.781286,-73.971561,40.800697
23.8,2012-06-24 17:14:22 UTC,-73.976281,40.792796,-73.970931,40.777389
27.1,2011-04-16 02:36:55 UTC,-73.937558,40.712428,-73.927063,40.692136
18.4,2013-02-14 21:52:28 UTC,-73.957283,40.718488,-73.952466,40.715851
21.3,2011-01-02 08:48:58 UTC,-73.970248,40.726592,-73.965386,40.736901
19.7,2013-08-03 12:00:43 UTC,-73.99874,40.704927,-74.006843,40.705441
21.5,2011-06-29 20:36:07 UTC,-73.982938,40.748118,-73.982009,40.736424
17.3,2013-03-05 14:58:34 UTC,-73.970423,40.768003,-73.973724,40.768794
24.4,2012-03-19 12:43:18 UTC,-73.996457,40.749357,-73.998407,40.732028
18.8,2013-02-03 17:55:00 UTC,-73.954131,40.733976,-73.955249,40.740266
19.3,2012-03-03 09:28:30 UTC,-73.999483,40.783794,-74.006083,40.780703
19.4,2013-03-22 10:35:18 UTC,-73.992745,40.754217,-73.985228,40.753396
21.1,2011-09-22 19:09:36 UTC,-73.991246,40.760289,-74.001337,40.764561
22.2,2011-06-04 12:40:01 UTC,-73.965124,40.784627,-73.97811,40.786684
20.4,2013-09-19 23:52:43 UTC,-73.996099,40.746303,-74.003951,40.74089
22.4,2012-01-21 22:55:29 UTC,-74.016,40.811806,-74.007166,40.822143
20.0,2012-12-15 22:42:16 UTC,-73.958239,40.736566,-73.954848,40.744535
28.2,2013-04-18 15:32:44 UTC,-73.988888,40.809938,-74.00672,40.792196
18.8,2012-10-12 05:19:34 UTC,-74.00137,40.720758,-73.995397,40.718456
21.0,2012-12-03 04:40:25 UTC,-73.995097,40.765525,-73.995582,40.754722
22.3,2012-01-31 09:18:04 UTC,-73.945665,40.730724,-73.949839,40.718043
18.6,2012-03-17 04:40:26 UTC,-73.993141,40.783587,-73.995561,40.788938
22.6,2013-11-17 19:48:41 UTC,-73.982467,40.735653,-73.995804,40.73146
16.8,2012-05-16 15:57:57 UTC,-73.988938,40.758726,-73.987206,40.757298
22.8,2012-11-25 16:25:19 UTC,-74.004653,40.730484,-74.017329,40.723787
18.2,2011-08-05 07:04:05 UTC,-73.994854,40.778117,-73.998354,40.781819
19.4,2013-11-12 19:29:13 UTC,-74.006022,40.730327,-74.009509,40.737111
27.1,2011-11-06 22:10:30 UTC,-73.960882,40.800502,-73.953183,40.822205
16.6,2012-10-07 10:12:11 UTC,-73.977982,40.72012,-73.977585,40.71831
23.7,2012-03-25 20:34:54 UTC,-73.930346,40.709631,-73.923287,40.695147
22.1,2013-11-25 16:27:27 UTC,-73.994178,40.778547,-74.006136,40.773508
19.9,2012-02-10 05:06:14 UTC,-73.997177,40.732251,-73.998255,40.740721
20.3,2013-03-02 02:29:05 UTC,-73.949325,40.749783,-73.944022,40.742056
454.8,2013-04-13 13:40:17 UTC,-73.95884,40.740333,-73.946417,40.725511
22.5,2011-12-17 12:25:43 UTC,-73.972305,40.710622,-73.983697,40.703104
20.6,2011-01-09 16:20:47 UTC,-74.002274,40.74769,-74.010683,40.742357
21.6,2012-07-14 20:55:39 UTC,-73.9451,40.787947,-73.940047,40.777121
23.8,2013-03-02 01:07:43 UTC,-73.981442,40.780094,-73.965326,40.782269
17.1,2011-02-02 22:12:53 UTC,-73.988614,40.756954,-73.985755,40.756164
22.4,2011-02-18 13:13:15 UTC,-73.957141,40.783368,-73.96824,40.791265
21.5,2011-12-25 00:31:56 UTC,-73.980446,40.718214,-73.99135,40.713756
18.5,2013-01-25 20:17:29 UTC,-74.003313,40.740236,-74.001965,40.745817
18.7,2013-04-07 12:23:29 UTC,-73.979194,40.761874,-73.975618,40.756951
21.4,2013-04-30 14:43:46 UTC,-73.995627,40.746088,-73.99784,40.734791
21.7,2013-03-03 17:13:05 UTC,-74.040187,40.742595,-74.050978,40.737165
25.4,2012-08-10 19:22:29 UTC,-73.997634,40.713981,-73.98662,40.697798
24.7,2011-11-10 08:29:56 UTC,-73.990555,40.68756,-73.994042,40.705442
18.4,2013-04-11 16:33:15 UTC,-74.003113,40.774536,-73.997843,40.775961
25.3,2011-03-13 13:30:01 UTC,-73.968495,40.757297,-73.986227,40.749343
21.9,2013-05-29 03:00:54 UTC,-73.995549,40.77706,-73.983537,40.773284
28.4,2013-09-06 13:39:24 UTC,-73.970431,40.736883,-73.97728,40.712378
25.5,2012-05-22 02:04:37 UTC,-74.004666,40.728617,-73.99122,40.74296
23.0,2013-06-04 07:37:37 UTC,-73.961816,40.750196,-73.955688,40.763562
22.8,2013-02-13 23:18:38 UTC,-74.00553,40.775626,-74.019817,40.776701
17.6,2012-05-02 00:32:13 UTC,-74.026831,40.743056,-74.024375,40.746251
26.1,2013-11-27 09:56:27 UTC,-73.955255,40.774054,-73.938689,40.761377
22.3,2012-04-06 03:37:15 UTC,-73.997118,40.719811,-74.003097,40.707861
27.5,2013-07-05 00:05:40 UTC,-73.944861,40.745157,-73.928278,40.728184
17.7,2013-06-13 14:43:02 UTC,-73.968708,40.747897,-73.964851,40.746286
24.2,2013-03-21 14:34:13 UTC,-73.964195,40.786792,-73.950791,40.797402
17.7,2011-07-13 03:25:50 UTC,-73.959091,40.756229,-73.957496,40.752397
17.5,2012-01-31 01:16:34 UTC,-73.977746,40.802382,-73.978986,40.805859
26.0,2013-10-20 09:47:21 UTC,-73.977519,40.709569,-73.959147,40.719358
24.5,2013-01-14 10:20:14 UTC,-73.954373,40.753898,-73.947159,40.737657
24.9,2012-01-03 20:20:20 UTC,-73.977773,40.755382,-73.980126,40.773838
21.8,2012-11-30 11:31:54 UTC,-73.994564,40.768603,-73.990325,40.780176
19.5,2011-01-05 06:08:52 UTC,-73.968285,40.725599,-73.973933,40.730738
20.3,2013-10-08 01:09:50 UTC,-74.022273,40.800533,-74.021194,40.809774
23.3,2011-06-18 23:39:23 UTC,-73.953609,40.750389,-73.941653,40.7601
17.3,2013-10-12 23:32:37 UTC,-73.953191,40.717388,-73.95481,40.720314
24.0,2011-02-13 23:50:58 UTC,-73.956037,40.749519,-73.964782,40.763802
21.0,2013-07-18 10:30:17 UTC,-73.956805,40.740605,-73.966473,40.736079
18.0,2011-01-23 21:42:17 UTC,-73.981684,40.833497,-73.980947,40.838115
23.4,2011-02-09 14:40:46 UTC,-73.982134,40.781498,-73.990209,40.794715
30.9,2013-09-25 19:12:44 UTC,-74.004593,40.75149,-74.01892,40.724578
22.0,2011-09-01 03:23:35 UTC,-73.945039,40.746642,-73.957025,40.751022
22.5,2013-11-25 12:01:27 UTC,-73.9897,40.778532,-73.977949,40.785778
24.2,2013-11-12 14:35:26 UTC,-73.973202,40.779966,-73.974626,40.762881
17.1,2012-01-25 02:38:37 UTC,-73.974919,40.662654,-73.974341,40.665472
21.9,2013-07-19 03:09:29 UTC,-74.006808,40.76929,-74.016474,40.761353
19.2,2013-11-27 19:58:42 UTC,-74.014894,40.750839,-74.020708,40.754807
18.7,2013-05-20 17:03:04 UTC,-73.979888,40.710666,-73.986026,40.709716
20.6,2011-03-09 03:58:44 UTC,-73.989075,40.776406,-73.991843,40.766943
25.6,2011-12-02 13:10:28 UTC,-73.981789,40.817386,-73.998373,40.828482
21.5,2012-02-27 10:35:38 UTC,-73.958692,40.766704,-73.947795,40.76252
17.0,2012-09-25 05:58:31 UTC,-73.975501,40.783013,-73.975665,40.785712
22.3,2011-12-20 23:07:29 UTC,-73.96483,40.804124,-73.962809,40.817264
22.1,2013-08-24 23:45:40 UTC,-73.971093,40.725092,-73.96195,40.715925
19.8,2013-09-01 21:17:11 UTC,-73.986327,40.694273,-73.977949,40.694353
19.4,2011-03-28 18:44:38 UTC,-74.000036,40.769706,-74.005787,40.764753
18.9,2013-09-20 13:12:53 UTC,-73.974706,40.742572,-73.968661,40.73985
26.8,2013-07-25 12:08:12 UTC,-73.978322,40.708775,-73.97238,40.730336
18.4,2013-07-21 13:36:08 UTC,-73.961697,40.747655,-73.958537,40.752223
21.2,2013-04-19 06:39:53 UTC,-73.983018,40.771826,-73.972407,40.774962
20.4,2013-01-13 00:31:06 UTC,-73.985947,40.745531,-73.977952,40.750772
19.9,2012-06-14 01:13:49 UTC,-73.98459,40.726395,-73.977316,40.730698
27.0,2011-06-24 13:55:56 UTC,-73.998375,40.743295,-73.984722,40.725037
27.1,2012-05-24 18:53:58 UTC,-73.951062,40.749416,-73.950775,40.772383
23.0,2011-06-05 18:26:47 UTC,-73.957207,40.692116,-73.95663,40.677472
25.2,2013-01-30 18:32:50 UTC,-74.004261,40.745717,-73.996069,40.763043
18.8,2011-03-10 16:42:55 UTC,-73.963921,40.70967,-73.965706,40.71585
18.2,2011-07-05 07:41:11 UTC,-74.0169,40.769771,-74.012084,40.771579
18.8,2012-07-07 12:25:17 UTC,-73.960294,40.703169,-73.965895,40.700114
32.9,2011-02-20 19:48:19 UTC,-73.993927,40.780381,-74.016722,40.806432
19.9,2011-12-23 02:26:14 UTC,-73.972802,40.737725,-73.966823,40.74377
23.4,2011-09-13 01:44:21 UTC,-74.01859,40.733711,-74.034077,40.733888
20.0,2011-10-06 16:03:50 UTC,-74.003974,40.758834,-74.010965,40.753481
20.9,2012-01-02 08:23:20 UTC,-73.970626,40.724019,-73.962426,40.717467
19.8,2013-10-02 22:52:15 UTC,-73.994018,40.758362,-73.985701,40.758868
23.1,2013-12-22 23:54:24 UTC,-73.996799,40.728037,-73.985047,40.718731
26.3,2011-06-26 12:08:14 UTC,-73.952083,40.733298,-73.97228,40.740094
19.2,2011-01-09 11:05:27 UTC,-73.935781,40.762161,-73.932821,40.755704
20.8,2012-11-15 07:14:05 UTC,-73.96126,40.715843,-73.963837,40.725892
22.6,2011-01-27 05:03:10 UTC,-74.001838,40.71207,-73.991955,40.721896
23.0,2011-03-26 17:34:02 UTC,-73.94473,40.757447,-73.929966,40.756892
22.8,2011-01-12 20:29:20 UTC,-74.011229,40.749193,-74.024318,40.754996
18.8,2013-11-27 20:59:37 UTC,-73.98609,40.755061,-73.985931,40.761364
24.0,2013-07-02 19:28:47 UTC,-73.978904,40.759829,-73.970578,40.745206
24.5,2013-11-10 16:40:50 UTC,-73.941519,40.751721,-73.944899,40.769038
24.5,2012-03-16 22:36:59 UTC,-73.961747,40.768243,-73.94429,40.765685
480.8,2012-04-12 08:00:57 UTC,-73.989275,40.752923,-73.99329,40.759879
19.5,2013-02-09 20:22:08 UTC,-73.998899,40.689781,-74.001901,40.697017
29.2,2011-12-05 12:54:45 UTC,-73.959956,40.697563,-73.970689,40.672668
19.0,2013-07-03 22:26:26 UTC,-73.990667,40.807838,-73.989128,40.801269
31.3,2011-01-27 13:33:32 UTC,-73.975665,40.750002,-74.005847,40.758406
16.9,2013-05-09 17:19:39 UTC,-74.007396,40.778507,-74.009873,40.77913
22.9,2013-01-08 05:21:44 UTC,-73.968615,40.739629,-73.955925,40.746519
22.6,2011-02-10 08:51:08 UTC,-73.970226,40.74826,-73.984194,40.749183
25.8,2012-12-03 14:12:21 UTC,-74.004832,40.736399,-74.021015,40.748693
21.2,2012-06-27 01:25:13 UTC,-73.959368,40.823978,-73.948205,40.825118
25.1,2011-10-21 01:07:35 UTC,-73.968905,40.757597,-73.956388,40.771838
24.0,2013-03-24 10:55:27 UTC,-73.9652,40.733954,-73.978756,40.724154
24.3,2011-02-15 11:47:05 UTC,-73.987574,40.700454,-73.970246,40.699177
19.3,2011-03-25 00:43:06 UTC,-73.976421,40.809212,-73.972096,40.803278
21.2,2012-06-03 08:01:16 UTC,-73.978732,40.745102,-73.968245,40.748988
19.8,2013-12-11 12:36:41 UTC,-73.982963,40.772327,-73.990882,40.76954
23.2,2013-03-22 16:52:37 UTC,-73.97659,40.77568,-73.961699,40.773385
19.4,2013-05-16 14:38:29 UTC,-73.954871,40.736115,-73.957551,40.729067
18.4,2011-09-19 03:50:36 UTC,-73.958501,40.770174,-73.961621,40.765566
18.0,2012-11-28 08:05:12 UTC,-74.003637,40.731876,-73.998813,40.731773
25.9,2012-03-18 21:27:29 UTC,-73.960292,40.720287,-73.964212,40.700074
29.4,2012-07-23 03:07:44 UTC,-73.956177,40.784934,-73.971384,40.761916
16.4,2012-05-12 08:00:12 UTC,-73.983024,40.745254,-73.981706,40.745846
29.6,2012-07-15 14:31:33 UTC,-73.969831,40.765555,-73.973013,40.737864
19.6,2011-02-12 13:53:46 UTC,-73.97012,40.762328,-73.977799,40.760396
22.1,2011-09-27 15:54:28 UTC,-73.996999,40.769138,-73.984594,40.765366
27.9,2013-07-31 18:26:08 UTC,-73.987639,40.703304,-73.963716,40.708724
1.3,2011-02-06 10:27:51 UTC,-73.964984,40.732441,-73.974175,40.725721
23.5,2011-07-04 23:27:35 UTC,-73.989916,40.740266,-73.987942,40.755961
20.3,2012-01-07 17:24:34 UTC,-73.96049,40.725056,-73.964474,40.733537
29.3,2011-03-19 06:25:07 UTC,-73.953901,40.76287,-73.931017,40.747747
18.5,2012-12-24 14:06:57 UTC,-73.957127,40.785607,-73.952209,40.782763
24.6,2012-05-26 21:21:53 UTC,-73.940404,40.790356,-73.931134,40.805627
22.5,2012-07-29 11:17:55 UTC,-73.981815,40.739824,-73.969996,40.732848
16.3,2012-03-06 14:36:15 UTC,-73.976456,40.758759,-73.975154,40.75823
22.7,2011-09-01 08:53:26 UTC,-73.973587,40.763369,-73.975451,40.777411
23.7,2013-12-06 10:00:49 UTC,-73.981208,40.768638,-73.966019,40.763232
22.5,2011-08-09 00:07:56 UTC,-73.969156,40.723656,-73.961378,40.734886
21.8,2011-05-24 21:17:21 UTC,-74.014224,40.804617,-74.022683,40.795517
30.5,2012-07-06 11:18:24 UTC,-73.975902,40.777796,-73.983144,40.748919
22.1,2013-04-16 01:38:58 UTC,-74.007549,40.778579,-74.011445,40.790865
21.8,2013-01-20 06:59:36 UTC,-73.999252,40.786104,-73.98766,40.790491
23.4,2012-11-22 19:14:41 UTC,-73.965342,40.766024,-73.950608,40.77107
27.7,2011-01-24 13:25:57 UTC,-73.983982,40.719181,-73.962465,40.708251
21.8,2012-06-05 16:52:13 UTC,-73.966048,40.745831,-73.973135,40.735697
21.4,2013-02-08 15:12:26 UTC,-73.984416,40.700468,-73.983013,40.711973
18.0,2011-04-28 08:21:22 UTC,-73.957872,40.762452,-73.961874,40.764884
16.7,2011-08-28 08:26:23 UTC,-73.984782,40.744924,-73.986605,40.743749
20.4,2011-07-18 10:39:06 UTC,-74.019098,40.748784,-74.0098,40.750994
23.2,2011-04-02 18:19:43 UTC,-73.975492,40.78612,-73.975951,40.801205
23.1,2011-10-23 06:05:24 UTC,-74.023377,40.73629,-74.010219,40.743527
0.7,2013-09-27 12:38:39 UTC,-74.009054,40.742436,-74.014217,40.73769
23.6,2013-01-22 16:47:21 UTC,-73.997659,40.750659,-73.990245,40.736624
19.3,2011-03-03 07:48:44 UTC,-74.000154,40.6948,-74.004582,40.700681
25.9,2011-09-13 21:59:41 UTC,-73.990901,40.742018,-74.009273,40.732778
23.4,2012-09-06 20:52:55 UTC,-74.000841,40.675426,-74.011056,40.663602
22.2,2013-02-18 22:27:45 UTC,-74.008119,40.732434,-74.006878,40.745592
26.2,2012-05-30 03:49:02 UTC,-73.949163,40.775656,-73.929948,40.78438
18.6,2013-11-06 06:47:04 UTC,-73.993563,40.763418,-73.998159,40.767275
21.9,2012-01-01 01:34:48 UTC,-74.024615,40.732155,-74.026307,40.719771
24.9,2013-09-02 07:49:46 UTC,-73.987218,40.751224,-73.982322,40.769117
21.6,2013-05-08 08:37:49 UTC,-74.002495,40.71775,-74.008489,40.728039
18.5,2011-06-27 23:13:13 UTC,-73.997699,40.74993,-74.002537,40.746892
18.2,2013-03-03 03:03:46 UTC,-73.965793,40.83791,-73.965072,40.832757
17.8,2013-09-01 17:13:57 UTC,-73.988963,40.805374,-73.993329,40.806159
24.9,2012-09-09 19:09:09 UTC,-74.003052,40.751579,-74.020882,40.746794
27.2,2011-08-04 01:27:26 UTC,-73.971075,40.754804,-73.977577,40.776923
19.3,2012-07-05 00:32:03 UTC,-73.957001,40.720613,-73.950852,40.716758
21.9,2012-08-05 08:15:04 UTC,-73.969263,40.725946,-73.962803,40.715267
26.0,2013-05-06 18:12:23 UTC,-74.029071,40.760866,-74.015709,40.77675
22.5,2012-07-17 18:16:36 UTC,-74.0023,40.734253,-73.989744,40.728563
21.6,2011-01-13 19:32:41 UTC,-73.979051,40.777124,-73.988053,40.784989
20.7,2011-11-08 07:18:05 UTC,-73.984886,40.797091,-73.99234,40.803844
19.2,2011-10-27 06:47:40 UTC,-73.986546,40.759979,-73.993558,40.759393
20.6,2013-01-30 21:41:09 UTC,-73.999655,40.753052,-74.001176,40.743322
18.8,2013-08-27 19:28:15 UTC,-74.008112,40.699577,-74.014344,40.699095
21.5,2012-03-24 16:29:25 UTC,-73.939844,40.772428,-73.94159,40.76073
20.0,2012-03-12 13:18:52 UTC,-73.979458,40.71569,-73.98818,40.715453
21.1,2013-05-21 20:52:40 UTC,-73.967158,40.73746,-73.959314,40.745188
25.4,2011-07-11 12:48:18 UTC,-73.979875,40.778787,-73.989356,40.795965
23.0,2012-12-05 04:56:05 UTC,-73.979073,40.780893,-73.989049,40.770014
18.5,2011-06-03 01:58:31 UTC,-73.981242,40.736005,-73.97604,40.7335
20.1,2011-08-28 21:04:36 UTC,-74.002409,40.737733,-73.995186,40.732484
17.4,2013-03-09 11:34:29 UTC,-74.01029,40.72902,-74.012541,40.731758
24.4,2012-11-18 05:14:14 UTC,-73.972275,40.714064,-73.963586,40.698846
21.8,2011-09-29 19:12:43 UTC,-73.976243,40.730956,-73.968275,40.72167
28.3,2012-03-01 13:30:33 UTC,-73.961234,40.701606,-73.942243,40.684686
23.7,2011-03-05 02:08:10 UTC,-73.965293,40.770492,-73.957964,40.756109
24.8,2012-04-14 09:57:45 UTC,-73.99617,40.761836,-73.979098,40.755231
24.0,2011-03-25 20:09:21 UTC,-73.957348,40.766816,-73.956729,40.783525
22.8,2011-06-06 08:04:39 UTC,-73.964699,40.721368,-73.950703,40.724844
22.7,2011-07-22 00:52:41 UTC,-73.966183,40.714148,-73.951976,40.714798
22.4,2011-11-14 21:38:59 UTC,-73.935013,40.751605,-73.93644,40.765074
19.6,2012-02-10 20:05:31 UTC,-73.939121,40.751923,-73.946006,40.755759
19.1,2012-05-09 06:54:33 UTC,-73.966202,40.745582,-73.971328,40.750358
18.8,2013-04-14 01:51:04 UTC,-73.968696,40.741316,-73.964545,40.736585
22.2,2012-05-20 02:34:21 UTC,-73.958367,40.801323,-73.969864,40.79495
22.6,2013-07-21 21:54:10 UTC,-73.991679,40.762781,-73.996216,40.749669
22.3,2012-08-30 02:30:44 UTC,-73.991397,40.80912,-73.979424,40.803109
19.2,2011-04-27 07:19:41 UTC,-73.966532,40.788069,-73.959863,40.785264
27.5,2012-05-30 17:50:03 UTC,-73.99713,40.801098,-74.020656,40.804545
22.3,2012-06-15 08:15:25 UTC,-73.968145,40.717766,-73.981471,40.717399
26.6,2013-05-19 03:40:58 UTC,-73.976863,40.767795,-73.955274,40.764144
23.1,2011-10-28 08:37:52 UTC,-73.997124,40.737047,-73.985328,40.72793
19.2,2012-02-03 02:36:52 UTC,-73.979483,40.700098,-73.985312,40.70409
23.5,2012-05-12 13:15:13 UTC,-73.953898,40.79488,-73.968783,40.789902
22.1,2012-03-11 07:33:39 UTC,-73.978353,40.741189,-73.990848,40.744727
209.0,2013-05-13 16:50:04 UTC,-73.978269,40.718347,-73.973177,40.699214
25.7,2011-08-02 19:15:06 UTC,-73.97342,40.737563,-73.953651,40.740927
25.9,2011-05-15 17:49:01 UTC,-73.970816,40.726113,-73.951684,40.733582
24.1,2012-01-24 10:39:04 UTC,-73.986617,40.729189,-74.002374,40.735384
17.4,2012-12-04 10:04:48 UTC,-73.972995,40.743352,-73.975952,40.741385
21.9,2013-05-13 03:14:18 UTC,-74.000981,40.801924,-74.009552,40.811078
22.0,2012-11-04 23:16:11 UTC,-73.995981,40.73001,-73.994612,40.717281
22.3,2013-09-11 23:16:09 UTC,-73.993423,40.799778,-74.006734,40.798886
18.5,2012-04-20 17:50:17 UTC,-73.970605,40.775465,-73.976063,40.773531
22.4,2012-03-04 13:55:15 UTC,-73.976795,40.761888,-73.985468,40.772252
26.1,2011-02-27 17:15:16 UTC,-73.982687,40.772444,-73.977451,40.752239
21.5,2013-09-20 09:04:20 UTC,-73.966185,40.75041,-73.971333,40.739828
24.6,2013-06-17 18:44:43 UTC,-73.972423,40.788582,-73.976135,40.806054
28.1,2013-08-23 13:03:44 UTC,-73.9858,40.767009,-73.98069,40.742704
24.8,2012-05-13 17:28:34 UTC,-74.000705,40.70006,-73.984279,40.708204
26.8,2013-08-05 05:15:19 UTC,-73.996394,40.758888,-73.975236,40.751884
18.2,2011-06-21 18:18:55 UTC,-74.009336,40.773519,-74.004776,40.776066
22.7,2011-03-07 12:57:44 UTC,-73.977189,40.74133,-73.978074,40.755468
22.4,2011-06-07 01:29:50 UTC,-73.997243,40.753788,-73.98408,40.75672
24.9,2011-09-03 23:47:43 UTC,-73.989906,40.731614,-73.978235,40.74596
20.7,2013-11-22 08:48:09 UTC,-73.982552,40.708671,-73.973734,40.703748
23.7,2012-05-26 17:18:06 UTC,-73.95912,40.703489,-73.974914,40.699887
22.8,2011-03-20 08:41:22 UTC,-73.961424,40.703888,-73.949342,40.711756
18.5,2011-06-29 19:03:37 UTC,-73.981094,40.770071,-73.977512,40.765677
21.0,2013-10-25 08:43:22 UTC,-73.95469,40.675292,-73.963627,40.681265
22.4,2011-12-26 20:36:10 UTC,-74.020247,40.730006,-74.026966,40.741844
20.9,2012-03-14 10:12:13 UTC,-73.942456,40.72703,-73.936635,40.735714
30.5,2012-06-05 06:59:49 UTC,-73.96615,40.741535,-73.991266,40.725746
17.5,2012-10-31 17:30:43 UTC,-73.977944,40.694307,-73.979199,40.690893
19.2,2013-10-04 12:19:48 UTC,-73.997827,40.762117,-74.004378,40.764935
19.6,2012-01-05 02:22:41 UTC,-73.988761,40.711805,-73.996331,40.709366
18.0,2011-04-07 05:34:50 UTC,-73.967813,40.783972,-73.972385,40.784766
23.2,2011-02-24 02:07:39 UTC,-73.967358,40.731347,-73.982152,40.734298
21.5,2011-11-11 06:01:20 UTC,-73.966632,40.747132,-73.956107,40.741866
26.3,2013-01-21 09:35:31 UTC,-73.99457,40.750113,-74.015849,40.748179
21.6,2012-07-10 09:52:45 UTC,-73.998597,40.757327,-73.996904,40.745517
20.5,2012-08-21 17:10:48 UTC,-73.976096,40.75111,-73.984571,40.746332
28.1,2011-01-11 17:58:34 UTC,-73.964603,40.737187,-73.944767,40.72192
16.2,2013-06-29 10:10:30 UTC,-73.979936,40.760291,-73.979709,40.761456
26.3,2011-12-14 19:27:24 UTC,-73.95037,40.763984,-73.971604,40.762052
21.0,2011-11-27 18:27:00 UTC,-73.979337,40.727046,-73.973869,40.717888
26.1,2013-08-12 04:09:41 UTC,-73.980014,40.762791,-73.99094,40.780644
20.7,2013-07-18 03:01:17 UTC,-73.966589,40.785752,-73.95674,40.783297
19.0,2013-04-24 18:04:19 UTC,-73.955615,40.771177,-73.949438,40.774042
23.7,2012-09-30 10:29:31 UTC,-74.006985,40.777971,-73.992259,40.771585
17.9,2011-10-15 17:37:54 UTC,-74.00236,40.755158,-74.00049,40.751014
20.0,2012-06-23 09:21:54 UTC,-73.986265,40.721915,-73.978074,40.72516
17.3,2013-04-28 21:42:18 UTC,-73.916821,40.725711,-73.916394,40.722388
18.6,2013-09-03 23:35:31 UTC,-73.985229,40.759597,-73.991126,40.75963
22.3,2013-01-31 13:58:51 UTC,-73.982436,40.778283,-73.971778,40.786351
22.3,2013-07-12 13:57:35 UTC,-73.967633,40.833577,-73.979938,40.828397
22.3,2013-10-18 08:20:11 UTC,-73.960461,40.779455,-73.960824,40.766133
23.8,2011-09-07 07:55:03 UTC,-73.976604,40.714887,-73.98229,40.699624
24.0,2013-03-09 04:05:04 UTC,-73.956713,40.726982,-73.948292,40.741366
22.3,2012-09-18 07:08:14 UTC,-74.003879,40.818356,-74.013346,40.827667
19.5,2013-02-13 07:46:50 UTC,-73.995322,40.743568,-73.99941,40.750126
17.8,2012-11-07 18:38:05 UTC,-73.95675,40.751425,-73.956311,40.747065
25.6,2011-07-30 16:41:18 UTC,-73.979781,40.721187,-73.964904,40.707857
18.6,2012-09-30 10:14:09 UTC,-74.005249,40.796953,-74.010574,40.79413
17.7,2012-08-01 02:17:24 UTC,-74.006451,40.76501,-74.01046,40.764076
24.4,2012-09-10 19:57:28 UTC,-73.996219,40.726762,-74.009701,40.715446
24.5,2011-06-27 14:38:09 UTC,-73.979957,40.720185,-73.989787,40.705489
24.5,2012-05-14 09:12:46 UTC,-73.970652,40.759216,-73.966523,40.741913
18.9,2011-05-31 17:22:30 UTC,-73.986581,40.751326,-73.986261,40.7579
21.7,2012-10-05 19:48:59 UTC,-73.9723,40.774963,-73.971819,40.76291
24.5,2011-02-22 01:03:00 UTC,-73.988741,40.766409,-73.971329,40.769503
24.2,2012-08-13 00:05:06 UTC,-73.955522,40.742066,-73.972244,40.738088
27.6,2011-05-27 11:00:38 UTC,-73.928963,40.733686,-73.905785,40.739582
21.8,2012-12-23 12:25:43 UTC,-73.987852,40.745202,-73.97607,40.74856
17.6,2013-11-01 21:12:27 UTC,-73.970401,40.73348,-73.973659,40.73116
17.7,2012-05-26 11:19:43 UTC,-73.972032,40.746094,-73.968119,40.747399
19.1,2012-07-17 23:40:33 UTC,-73.977226,40.750493,-73.984055,40.74939
19.1,2013-03-17 08:56:43 UTC,-73.966935,40.723062,-73.963743,40.716909
27.4,2012-11-07 00:53:14 UTC,-73.970424,40.76892,-73.948925,40.778721
19.5,2011-09-21 00:17:44 UTC,-73.989421,40.738887,-73.995884,40.734656
16.9,2011-12-18 00:04:17 UTC,-73.953669,40.724743,-73.955989,40.723875
23.7,2012-11-06 00:22:39 UTC,-73.975967,40.739452,-73.983534,40.725301
18.9,2011-01-05 01:23:16 UTC,-73.987696,40.757268,-73.993657,40.760008
19.3,2011-12-17 06:16:27 UTC,-73.931136,40.752491,-73.935163,40.746385
21.6,2011-05-05 21:14:36 UTC,-73.982324,40.762664,-73.993273,40.757895
20.0,2012-06-10 17:49:24 UTC,-73.974901,40.77695,-73.977537,40.768555
16.3,2011-02-22 20:54:37 UTC,-73.976491,40.789148,-73.975949,40.787908
25.9,2011-08-07 16:31:20 UTC,-73.982598,40.758565,-73.986629,40.7385
27.6,2012-03-27 11:18:01 UTC,-73.971027,40.717918,-73.994018,40.724741
16.4,2013-01-07 13:14:19 UTC,-73.9969,40.741927,-73.998443,40.74154
18.0,2011-10-17 03:18:08 UTC,-73.968069,40.71987,-73.968542,40.715198
27.9,2012-12-11 12:26:43 UTC,-74.015167,40.800906,-73.996192,40.785423
17.8,2012-11-16 23:08:44 UTC,-74.005961,40.809622,-74.005693,40.813953
21.3,2013-11-25 20:39:02 UTC,-73.943486,40.769509,-73.93413,40.763166
22.5,2013-09-20 18:27:22 UTC,-74.005124,40.775754,-74.009381,40.788815
22.6,2011-04-14 16:44:06 UTC,-74.019199,40.757528,-74.006217,40.762391
24.6,2013-03-24 14:02:14 UTC,-74.004628,40.760982,-74.014074,40.776328
18.2,2011-11-03 23:51:45 UTC,-73.945199,40.702076,-73.940149,40.703446
22.5,2011-01-08 04:50:03 UTC,-74.015837,40.747782,-74.007434,40.75856
19.8,2013-06-30 19:23:05 UTC,-73.999116,40.723565,-73.99218,40.728193
26.7,2013-11-20 05:34:14 UTC,-74.009164,40.758441,-73.987522,40.753931
18.7,2012-10-30 02:10:02 UTC,-73.985483,40.748212,-73.991326,40.750084
23.8,2012-02-16 09:49:32 UTC,-73.98872,40.808405,-73.974583,40.800065
27.5,2013-06-09 09:32:35 UTC,-73.989615,40.777499,-73.978059,40.798187
16.2,2013-08-20 04:11:56 UTC,-73.942877,40.758535,-73.942383,40.757527
24.8,2011-10-27 12:23:43 UTC,-74.003982,40.741992,-73.985589,40.742254
17.7,2013-04-04 15:31:44 UTC,-73.982044,40.800281,-73.983509,40.804181
21.1,2011-05-29 14:11:50 UTC,-73.973228,40.749101,-73.973005,40.738232
22.2,2013-12-19 18:20:42 UTC,-73.999604,40.75995,-73.999659,40.773164
23.8,2012-01-17 20:05:08 UTC,-73.970268,40.751267,-73.983,40.741014
23.0,2012-11-28 13:05:00 UTC,-73.987996,40.737875,-73.980381,40.725361
18.8,2012-07-21 10:02:41 UTC,-73.972514,40.751095,-73.96646,40.74943
22.0,2013-10-26 05:19:20 UTC,-73.98216,40.691141,-73.983207,40.678348
27.4,2011-09-15 23:31:09 UTC,-74.021011,40.703569,-74.003385,40.719188
18.1,2013-04-17 22:27:48 UTC,-73.953878,40.760489,-73.95825,40.758182
33.9,2011-01-30 13:36:54 UTC,-73.938591,40.797046,-73.955889,40.764834
25.2,2011-11-01 01:40:43 UTC,-73.983535,40.760447,-73.964513,40.762446
21.4,2011-01-22 06:40:20 UTC,-73.997959,40.728389,-73.987848,40.733924
19.4,2011-10-26 11:46:49 UTC,-73.94988,40.706714,-73.943619,40.7025
22.6,2011-07-26 04:10:14 UTC,-73.942192,40.773536,-73.945587,40.759977
17.4,2013-07-13 17:44:03 UTC,-73.983376,40.732984,-73.979955,40.731951
22.4,2013-10-05 03:47:22 UTC,-73.984374,40.769297,-73.996977,40.76448
20.6,2013-02-21 13:43:02 UTC,-73.981598,40.761696,-73.98385,40.75194
22.6,2013-05-13 09:39:37 UTC,-74.013491,40.764349,-74.022528,40.753711
17.2,2011-03-27 13:16:20 UTC,-73.985823,40.751008,-73.983204,40.75257
22.1,2013-12-10 15:14:57 UTC,-73.945701,40.761509,-73.936466,40.77054
21.4,2011-09-28 00:23:54 UTC,-73.983374,40.746416,-73.99385,40.751032
25.0,2012-05-17 11:09:45 UTC,-74.000801,40.730941,-73.993552,40.713661
18.9,2011-09-01 10:53:15 UTC,-73.970066,40.721095,-73.968069,40.72725
20.8,2013-06-11 08:46:13 UTC,-73.993344,40.67845,-73.986505,40.686174
22.7,2013-07-03 08:35:52 UTC,-73.981329,40.744567,-73.983751,40.758504
21.5,2011-09-03 07:23:07 UTC,-74.005377,40.795581,-73.998337,40.786082
19.1,2011-07-30 14:47:29 UTC,-74.000732,40.771902,-74.007691,40.771336
24.5,2011-03-27 22:08:57 UTC,-73.965247,40.756831,-73.982069,40.762507
23.4,2012-03-21 11:47:03 UTC,-73.977683,40.72798,-73.992222,40.722704
19.4,2013-06-22 00:27:05 UTC,-73.995521,40.77992,-74.000549,40.785439
23.7,2011-02-16 03:52:10 UTC,-73.977609,40.746421,-73.993735,40.74618
24.5,2012-11-20 23:46:17 UTC,-73.992143,40.797248,-73.976639,40.788783
19.5,2011-12-06 12:04:29 UTC,-73.995675,40.720567,-73.996504,40.712955
23.4,2013-04-29 13:04:30 UTC,-73.956719,40.727501,-73.947527,40.739994
22.0,2012-08-25 23:24:28 UTC,-73.964342,40.724582,-73.956472,40.714618
21.5,2012-02-16 15:53:52 UTC,-73.980425,40.705536,-73.980361,40.693856
33.4,2012-11-04 22:52:22 UTC,-73.977113,40.721889,-73.941748,40.725332
30.3,2011-12-31 16:16:47 UTC,-73.980168,40.753096,-73.950892,40.752791
25.2,2013-07-24 02:16:49 UTC,-73.97026,40.728634,-73.956341,40.715518
20.9,2012-08-24 22:05:27 UTC,-73.99599,40.634309,-74.005042,40.629115
23.9,2012-12-12 22:57:44 UTC,-73.96275,40.782228,-73.94842,40.77406
24.9,2012-02-07 05:28:22 UTC,-73.972929,40.699477,-73.990414,40.693061
30.1,2012-09-14 09:26:48 UTC,-73.985261,40.767677,-73.971294,40.792927
28.5,2012-03-24 06:28:58 UTC,-73.989756,40.750936,-74.015317,40.747911
20.3,2011-10-28 02:50:46 UTC,-73.963177,40.813521,-73.966367,40.804709
27.4,2013-05-18 10:21:17 UTC,-73.98301,40.779909,-73.970918,40.800127
20.5,2012-04-27 05:02:04 UTC,-73.993978,40.734862,-73.990126,40.743744
23.9,2012-05-26 18:27:26 UTC,-73.987691,40.728938,-74.002477,40.736186
19.9,2012-12-17 05:42:52 UTC,-73.964616,40.795082,-73.962913,40.786751
21.9,2013-09-13 13:05:37 UTC,-74.012211,40.705724,-74.008355,40.717639
19.8,2011-11-01 10:46:40 UTC,-73.987108,40.755726,-73.98506,40.763889
17.8,2011-09-02 16:55:38 UTC,-73.958588,40.746066,-73.962661,40.747537
25.2,2013-04-18 20:00:24 UTC,-73.983364,40.739703,-73.974814,40.72254
21.4,2013-07-16 07:04:29 UTC,-73.974544,40.760605,-73.963095,40.760406
24.3,2012-09-18 07:48:18 UTC,-73.958265,40.755687,-73.959807,40.772986
23.3,2012-05-06 22:29:14 UTC,-73.962153,40.763722,-73.946957,40.765926
17.7,2013-11-25 22:43:26 UTC,-73.988801,40.754169,-73.990364,40.750405
18.3,2011-02-08 14:12:57 UTC,-73.982608,40.76253,-73.987506,40.760246
22.5,2011-05-24 11:06:47 UTC,-73.961905,40.752801,-73.948336,40.751208
23.4,2013-01-28 22:26:44 UTC,-73.961211,40.730217,-73.948006,40.722221
18.7,2013-02-03 22:34:14 UTC,-73.981761,40.75012,-73.987962,40.749708
23.8,2012-06-02 17:45:49 UTC,-73.981071,40.728568,-73.988723,40.742996
26.7,2013-03-29 13:19:31 UTC,-73.974646,40.726589,-73.957002,40.739883
19.4,2012-12-01 07:31:25 UTC,-73.952662,40.739915,-73.953689,40.732372
22.0,2012-02-27 19:17:49 UTC,-73.958649,40.746417,-73.958616,40.759176
19.6,2012-07-17 21:50:21 UTC,-73.966132,40.751057,-73.968655,40.758668
23.0,2012-07-18 20:01:39 UTC,-74.001573,40.777491,-73.988357,40.783825
26.6,2013-03-21 17:22:12 UTC,-73.985497,40.735046,-73.964055,40.739365
20.3,2013-05-30 06:40:53 UTC,-73.984446,40.755906,-73.983746,40.746602
27.9,2013-12-24 01:03:13 UTC,-73.95163,40.753541,-73.927453,40.749485
20.6,2011-02-01 03:01:39 UTC,-73.984777,40.731741,-73.990322,40.74007
21.8,2012-08-23 09:48:07 UTC,-73.954931,40.752212,-73.957759,40.740144
21.8,2013-09-14 13:20:22 UTC,-73.991414,40.780082,-73.984683,40.769674
20.0,2012-06-03 04:15:39 UTC,-73.989818,40.755595,-73.997988,40.758657
20.8,2011-10-10 07:40:17 UTC,-73.970371,40.756798,-73.963769,40.748902
20.5,2013-11-24 16:51:14 UTC,-73.948637,40.72884,-73.953822,40.737079
24.2,2013-08-16 20:26:16 UTC,-73.984236,40.809066,-73.999677,40.801524
24.4,2013-04-13 16:49:30 UTC,-74.031255,40.730549,-74.04868,40.732993
17.9,2012-12-04 04:40:40 UTC,-74.011284,40.699966,-74.014522,40.703247
18.8,2013-11-23 18:54:58 UTC,-73.974041,40.775806,-73.969865,40.770985
22.5,2013-02-09 16:13:13 UTC,-74.009496,40.746555,-74.023108,40.744159
19.1,2011-10-29 05:34:00 UTC,-73.997311,40.740909,-73.995525,40.734109
16.5,2011-04-22 03:32:16 UTC,-73.979753,40.733633,-73.977939,40.733447
20.5,2012-10-29 17:25:07 UTC,-74.028987,40.806151,-74.030664,40.796535
20.4,2011-01-18 15:57:09 UTC,-73.987595,40.760638,-73.996857,40.758403
19.6,2011-12-26 11:21:15 UTC,-74.003296,40.766493,-74.000894,40.773977
21.4,2011-01-12 10:19:50 UTC,-74.009984,40.754878,-74.011407,40.743511
21.1,2012-10-02 02:11:29 UTC,-73.996044,40.758101,-73.986226,40.753231
22.6,2013-10-29 20:53:36 UTC,-74.001384,40.791959,-74.014312,40.797141
26.0,2012-12-05 09:48:03 UTC,-73.97061,40.742474,-73.969471,40.721698
26.9,2012-08-13 18:26:07 UTC,-73.956069,40.706292,-73.968788,40.724848
21.0,2012-03-19 22:14:26 UTC,-73.987289,40.776042,-73.989659,40.786494
25.1,2013-07-15 06:46:07 UTC,-73.991923,40.764901,-74.002873,40.749518
27.1,2013-09-16 22:41:17 UTC,-73.988284,40.753239,-73.997457,40.732197
15.8,2012-10-05 14:42:21 UTC,-74.002164,40.764123,-74.002202,40.764419
21.9,2012-01-22 14:34:46 UTC,-74.005775,40.738878,-74.011431,40.727675
24.4,2011-02-07 00:13:47 UTC,-74.012911,40.750621,-73.998244,40.760236
21.8,2011-08-29 07:49:15 UTC,-74.00659,40.746049,-73.994799,40.749989
19.7,2013-03-16 09:41:36 UTC,-73.94736,40.732255,-73.939313,40.733489
20.5,2011-06-03 11:19:48 UTC,-73.993808,40.785675,-73.985959,40.779973
23.7,2011-02-15 02:28:11 UTC,-74.038833,40.707632,-74.03753,40.723632
23.2,2011-03-23 11:01:01 UTC,-73.991741,40.820826,-73.978693,40.828361
19.0,2013-08-12 16:09:17 UTC,-74.011808,40.776321,-74.014749,40.782353
27.8,2013-02-28 18:57:52 UTC,-73.97881,40.696661,-73.957617,40.708661
22.6,2011-01-01 23:35:24 UTC,-73.980967,40.743275,-73.990389,40.733086
24.2,2013-02-04 01:18:52 UTC,-73.978882,40.744944,-73.990171,40.757791
22.7,2011-04-05 12:21:22 UTC,-73.980815,40.761757,-73.994764,40.759111
22.0,2013-01-25 22:14:25 UTC,-73.987454,40.720319,-73.999663,40.723666
23.8,2011-05-11 22:19:44 UTC,-74.009118,40.750961,-74.025411,40.749396
25.1,2012-07-05 06:55:07 UTC,-73.981493,40.746366,-73.979352,40.727588
22.0,2011-06-18 05:26:35 UTC,-73.959622,40.727871,-73.951083,40.737445
24.8,2011-02-06 04:38:08 UTC,-73.943727,40.723697,-73.943385,40.705453
24.1,2013-09-06 09:25:03 UTC,-73.98476,40.777564,-73.998613,40.767899
18.9,2011-03-19 08:00:16 UTC,-73.982592,40.699103,-73.987289,40.694574
26.3,2011-04-19 23:26:06 UTC,-73.969991,40.764336,-73.961577,40.7448
21.4,2011-11-25 10:34:57 UTC,-73.950135,40.773925,-73.953554,40.762919
19.8,2011-09-16 14:20:09 UTC,-73.989726,40.743443,-73.99771,40.745891
23.4,2011-11-04 05:01:28 UTC,-73.966147,40.751571,-73.981285,40.748105
18.1,2012-09-22 07:32:03 UTC,-73.996456,40.784905,-74.000684,40.782263
21.4,2011-11-20 04:59:59 UTC,-73.973403,40.728854,-73.980429,40.719704
16.1,2012-12-27 12:17:48 UTC,-73.960588,40.73195,-73.961452,40.732412
18.5,2011-08-05 00:53:14 UTC,-74.005817,40.735135,-74.001053,40.731883
24.0,2011-11-15 01:47:19 UTC,-73.990503,40.78496,-73.993328,40.76855
17.0,2011-02-06 21:50:04 UTC,-73.960904,40.788769,-73.959056,40.78676
22.3,2013-11-23 06:02:16 UTC,-73.967677,40.708123,-73.962957,40.695704
23.2,2013-04-09 23:23:02 UTC,-73.959281,40.780187,-73.971579,40.789164
25.3,2012-08-23 23:02:14 UTC,-73.963031,40.774567,-73.944171,40.770652
28.8,2012-03-09 09:31:22 UTC,-73.986822,40.796608,-73.994236,40.821823
21.1,2012-01-28 04:51:39 UTC,-73.936016,40.761553,-73.930851,40.771222
21.3,2013-06-28 03:19:27 UTC,-73.977262,40.748672,-73.988622,40.74737
18.6,2011-09-27 11:33:12 UTC,-74.041114,40.784357,-74.040013,40.790151
26.1,2013-01-04 00:51:38 UTC,-73.985647,40.770967,-73.98418,40.750069
25.2,2011-10-11 08:27:57 UTC,-73.989383,40.817347,-73.972792,40.826971
19.9,2011-04-05 16:52:22 UTC,-73.964095,40.778761,-73.966421,40.770558
22.1,2011-11-29 22:09:15 UTC,-73.989024,40.754606,-73.976029,40.755504
19.5,2012-10-07 15:10:57 UTC,-73.958021,40.714777,-73.955116,40.707501
25.4,2011-04-26 02:27:40 UTC,-73.968838,40.732572,-73.950317,40.726359
24.6,2013-04-26 12:41:51 UTC,-74.000002,40.706921,-74.017803,40.70511
18.1,2013-01-29 12:16:06 UTC,-73.982807,40.743548,-73.977986,40.744316
29.0,2011-06-05 05:12:59 UTC,-73.995511,40.777782,-74.02224,40.777513
15.9,2012-04-09 14:35:27 UTC,-73.976305,40.74989,-73.976886,40.74987
25.2,2011-01-15 13:52:10 UTC,-73.99563,40.780652,-73.98542,40.764395
29.4,2011-02-25 03:34:33 UTC,-73.978511,40.760127,-73.964055,40.783448
19.5,2011-11-04 09:29:44 UTC,-73.985446,40.737907,-73.97806,40.740227
18.3,2013-03-07 20:28:22 UTC,-73.983044,40.752629,-73.98595,40.757004
18.8,2011-04-22 10:09:40 UTC,-73.938981,40.764163,-73.93353,40.760763
29.0,2011-11-28 18:32:17 UTC,-73.98721,40.754177,-73.962046,40.745435
16.5,2011-10-05 20:00:48 UTC,-74.018689,40.754521,-74.017935,40.756031
20.7,2012-10-16 03:46:53 UTC,-73.959683,40.726928,-73.950073,40.729821
22.5,2012-12-26 13:53:32 UTC,-73.959841,40.737011,-73.964134,40.750029
27.3,2013-09-27 06:22:42 UTC,-74.019579,40.817754,-74.008875,40.83853
24.3,2013-10-22 01:37:54 UTC,-73.994018,40.786854,-73.984957,40.801624
25.0,2013-10-07 19:45:59 UTC,-73.971284,40.705785,-73.977389,40.688119
20.1,2013-04-14 06:06:35 UTC,-73.969516,40.678991,-73.961743,40.674387
20.1,2011-10-12 22:36:48 UTC,-73.980094,40.752286,-73.971847,40.755644
19.8,2013-10-14 03:22:44 UTC,-73.979643,40.776804,-73.972244,40.772801
15.9,2012-06-11 15:30:33 UTC,-73.998772,40.734402,-73.999183,40.733963
28.0,2012-12-05 17:57:39 UTC,-74.027997,40.78065,-74.015706,40.759198
22.2,2012-03-02 23:55:14 UTC,-73.93901,40.75179,-73.948359,40.760932
25.0,2012-12-21 11:09:19 UTC,-73.999373,40.745108,-73.999276,40.726354
23.5,2012-08-04 07:44:33 UTC,-73.97647,40.772683,-73.975356,40.756959
23.4,2013-01-05 18:53:41 UTC,-73.983177,40.734044,-73.971463,40.723897
20.5,2013-01-23 06:19:23 UTC,-73.962056,40.741399,-73.971721,40.740423
23.8,2011-02-24 03:06:09 UTC,-73.977702,40.770105,-73.975291,40.753878
21.5,2011-07-05 14:11:00 UTC,-73.976931,40.749058,-73.981855,40.738454
21.4,2012-03-09 15:04:18 UTC,-74.032686,40.807263,-74.031592,40.818753
17.7,2012-01-04 06:55:54 UTC,-73.996667,40.770815,-73.992744,40.769691
22.4,2012-02-27 08:44:51 UTC,-73.965107,40.768864,-73.977892,40.7732
24.5,2013-02-20 15:54:08 UTC,-73.966907,40.748515,-73.954266,40.736152
17.8,2012-06-10 04:49:52 UTC,-73.999033,40.776243,-73.994755,40.775704
20.0,2013-05-01 07:31:46 UTC,-74.011561,40.740322,-74.020147,40.738963
20.0,2011-04-15 18:28:57 UTC,-73.977468,40.758471,-73.98088,40.750519
23.1,2013-05-12 21:05:03 UTC,-74.038135,40.722511,-74.023194,40.722
25.3,2011-10-26 09:02:00 UTC,-74.002973,40.781183,-73.998815,40.762262
20.9,2012-05-06 22:14:46 UTC,-73.944797,40.758718,-73.954446,40.763104
20.0,2011-03-26 13:57:30 UTC,-73.951099,40.809475,-73.958934,40.80548
19.0,2012-12-11 16:55:18 UTC,-73.970255,40.821769,-73.964007,40.819197
21.3,2011-02-08 02:29:34 UTC,-73.973853,40.7729,-73.966405,40.781417
18.5,2013-01-31 17:51:53 UTC,-74.019003,40.752053,-74.015375,40.756373
17.8,2013-07-19 06:38:30 UTC,-73.994813,40.721618,-73.997728,40.718435
22.5,2011-03-10 02:49:46 UTC,-73.985903,40.777142,-73.977807,40.765977
22.5,2013-12-11 13:35:26 UTC,-73.994388,40.756309,-73.997507,40.769595
23.6,2013-03-31 12:21:07 UTC,-73.987005,40.766141,-73.995552,40.75274
24.2,2013-05-30 04:51:03 UTC,-73.954016,40.801894,-73.938149,40.808187
24.0,2011-01-30 14:05:54 UTC,-73.990836,40.725267,-73.985948,40.709293
21.7,2013-08-06 15:46:39 UTC,-73.986819,40.722271,-73.994667,40.73145
20.7,2012-12-13 10:58:33 UTC,-73.965209,40.742907,-73.963867,40.753013
25.2,2011-10-10 12:35:26 UTC,-74.00839,40.774636,-74.008117,40.75551
18.5,2012-08-20 02:29:20 UTC,-73.996804,40.766646,-74.000303,40.771139
17.8,2012-01-25 09:36:24 UTC,-73.994754,40.723129,-73.992419,40.726794
21.5,2013-05-16 21:23:38 UTC,-73.978888,40.772697,-73.988173,40.779727
20.4,2011-04-28 17:31:30 UTC,-73.986899,40.713964,-73.978163,40.717616
20.4,2012-08-21 07:32:24 UTC,-73.986267,40.724868,-73.986328,40.715245
23.8,2012-02-24 23:30:57 UTC,-73.993297,40.746536,-74.009392,40.744364
24.0,2013-08-30 09:22:17 UTC,-74.001417,40.733397,-74.003698,40.750044
22.0,2011-10-15 00:35:27 UTC,-73.967817,40.776696,-73.973976,40.765618
30.7,2012-02-04 15:17:07 UTC,-73.986756,40.758591,-74.01666,40.76182
21.4,2013-01-28 23:10:05 UTC,-73.96762,40.802967,-73.969178,40.814479
22.8,2013-10-21 11:56:37 UTC,-74.002233,40.742584,-73.991865,40.732677
22.7,2012-04-20 12:57:16 UTC,-73.993305,40.746334,-73.994383,40.732166
22.9,2013-06-15 07:53:39 UTC,-73.984424,40.786311,-73.977342,40.77365
17.6,2011-07-10 10:45:23 UTC,-73.982557,40.747272,-73.982472,40.751222
22.4,2011-03-15 14:38:38 UTC,-73.964913,40.79482,-73.969476,40.782074
19.4,2012-08-08 03:24:59 UTC,-73.98861,40.766225,-73.995926,40.764871
25.0,2011-04-24 09:18:45 UTC,-73.965065,40.679416,-73.977893,40.693129
20.3,2011-03-20 15:01:28 UTC,-73.972501,40.785327,-73.963243,40.784814
21.0,2012-07-15 16:09:26 UTC,-73.982137,40.777382,-73.97483,40.769604
17.2,2012-01-08 08:14:59 UTC,-73.999026,40.77854,-74.001809,40.779794
25.8,2011-08-24 20:59:58 UTC,-73.964862,40.692671,-73.985105,40.691984
18.9,2012-01-15 05:50:35 UTC,-73.998527,40.73011,-73.993806,40.734637
24.9,2011-02-21 16:50:02 UTC,-73.980426,40.732339,-73.989473,40.74853
17.7,2011-07-24 08:26:00 UTC,-73.981079,40.724766,-73.97964,40.728734
28.4,2011-07-04 16:47:49 UTC,-73.984142,40.802258,-73.999554,40.822596
18.0,2013-11-03 21:54:58 UTC,-73.987786,40.749647,-73.986866,40.7542
19.5,2013-05-15 07:24:01 UTC,-73.996442,40.748903,-73.997755,40.74123
32.2,2013-09-12 08:29:19 UTC,-74.012339,40.76656,-74.036436,40.789443
23.7,2012-06-16 05:57:43 UTC,-73.951924,40.767079,-73.935744,40.765831
21.2,2013-11-14 08:38:43 UTC,-73.989834,40.649953,-73.993091,40.639404
27.3,2012-07-02 15:36:11 UTC,-73.982562,40.730609,-73.985155,40.753847
20.2,2013-03-04 19:08:22 UTC,-73.982685,40.707616,-73.977338,40.700285
19.5,2013-11-18 18:19:22 UTC,-73.958088,40.762009,-73.958595,40.754285
18.9,2012-05-05 20:43:34 UTC,-73.941336,40.741333,-73.937696,40.735819
21.4,2011-04-23 06:21:09 UTC,-73.976803,40.750462,-73.988247,40.752108
20.3,2013-05-11 01:12:59 UTC,-73.98314,40.687644,-73.984562,40.696953
32.0,2012-04-10 23:22:32 UTC,-74.002469,40.740704,-74.021562,40.714217
20.4,2011-10-17 03:34:16 UTC,-74.008872,40.783454,-74.011248,40.792719
23.4,2013-02-20 01:47:10 UTC,-74.015479,40.792283,-74.001029,40.786738
23.4,2012-12-17 00:56:54 UTC,-73.995917,40.771566,-74.010977,40.767437
24.4,2013-09-20 20:28:36 UTC,-74.021817,40.709936,-74.025325,40.727088
26.3,2012-08-18 09:51:17 UTC,-73.958423,40.787782,-73.979663,40.789915
17.9,2013-08-16 20:52:26 UTC,-73.971538,40.77172,-73.971459,40.776197
18.0,2012-04-19 09:00:05 UTC,-73.985033,40.746484,-73.980371,40.745999
19.9,2011-06-11 06:19:52 UTC,-73.957812,40.689249,-73.953978,40.696885
24.3,2012-12-25 20:17:20 UTC,-74.001423,40.778608,-74.007442,40.794788
32.0,2011-09-17 12:17:51 UTC,-73.9964,40.732235,-74.017841,40.707484
23.9,2012-06-20 23:12:26 UTC,-74.018676,40.760385,-74.031091,40.771231
25.6,2013-07-22 18:51:00 UTC,-73.964513,40.752052,-73.951948,40.767522
20.7,2012-06-16 21:14:49 UTC,-73.996207,40.796152,-73.987417,40.801162
19.0,2013-09-25 15:38:31 UTC,-73.979686,40.746239,-73.980599,40.739465
21.5,2011-11-01 03:43:44 UTC,-73.959948,40.749547,-73.958326,40.738024
28.5,2013-03-10 03:52:00 UTC,-73.952583,40.797358,-73.962859,40.820977
23.5,2012-03-30 08:00:15 UTC,-73.980583,40.730253,-73.967677,40.721203
24.0,2011-06-24 05:01:08 UTC,-73.972315,40.77443,-73.979507,40.789606
18.6,2011-10-06 21:42:44 UTC,-73.998077,40.744042,-73.993704,40.747947
27.8,2011-06-20 18:07:38 UTC,-73.946333,40.719924,-73.959612,40.740382
17.5,2012-10-26 15:34:16 UTC,-73.983323,40.750035,-73.985105,40.746852
25.8,2011-10-01 14:59:16 UTC,-73.978394,40.770751,-73.96591,40.754675
20.4,2011-12-29 04:15:14 UTC,-73.988137,40.790611,-73.997606,40.790633
24.0,2011-10-25 13:33:47 UTC,-73.956015,40.794241,-73.948521,40.779376
30.1,2013-06-22 14:09:04 UTC,-73.976008,40.741157,-73.986816,40.767928
21.1,2013-06-02 15:52:25 UTC,-73.964781,40.720383,-73.9738,40.726678
19.5,2012-12-26 11:22:12 UTC,-73.972921,40.740438,-73.973011,40.748219
21.9,2013-06-23 16:19:27 UTC,-73.984408,40.714554,-73.974692,40.722342
19.4,2012-09-11 04:23:43 UTC,-73.961411,40.743478,-73.964392,40.736543
18.8,2013-03-11 19:59:47 UTC,-73.973094,40.73975,-73.966908,40.73843
21.4,2011-11-16 11:08:44 UTC,-73.99922,40.771825,-73.987778,40.772928
26.1,2013-01-22 16:35:13 UTC,-73.999784,40.683822,-74.007496,40.703261
25.2,2011-03-12 02:32:43 UTC,-73.977023,40.727992,-73.992275,40.716421
19.7,2013-07-16 14:10:41 UTC,-73.961851,40.728234,-73.965406,40.720949
22.3,2013-02-08 03:16:16 UTC,-73.947212,40.785614,-73.934481,40.781985
20.9,2012-04-15 13:23:28 UTC,-74.015544,40.716585,-74.023671,40.709848
24.5,2011-09-17 05:28:18 UTC,-73.979487,40.7568,-73.969337,40.74221
29.2,2011-10-12 23:35:34 UTC,-73.970207,40.746156,-73.972832,40.719109
28.3,2012-01-07 05:58:22 UTC,-73.974087,40.781291,-73.956524,40.763023
28.1,2011-10-29 11:47:51 UTC,-73.959813,40.767875,-73.937359,40.778865
20.8,2013-04-13 12:39:56 UTC,-73.966889,40.753637,-73.956575,40.753555
24.9,2011-08-01 19:47:35 UTC,-73.99971,40.73336,-74.016176,40.741715
28.0,2011-11-04 05:26:35 UTC,-74.000296,40.69443,-74.024328,40.688605
16.2,2011-04-22 22:54:20 UTC,-73.973751,40.757413,-73.973139,40.756429
24.9,2011-06-14 14:25:39 UTC,-73.96019,40.765915,-73.951123,40.782046
23.8,2012-03-30 13:38:21 UTC,-73.977132,40.702754,-73.972122,40.718281
21.6,2012-12-27 17:41:17 UTC,-74.011559,40.712989,-74.018795,40.722409
23.1,2013-10-02 09:38:29 UTC,-74.000943,40.75757,-74.015803,40.759594
21.0,2013-04-18 06:04:00 UTC,-73.96617,40.760174,-73.956872,40.765354
25.1,2011-02-15 17:12:24 UTC,-73.986973,40.720281,-73.968387,40.723987
19.1,2013-09-26 07:09:31 UTC,-73.977641,40.732778,-73.984341,40.731109
20.2,2011-12-01 14:56:47 UTC,-73.958692,40.694905,-73.95044,40.690862
29.8,2012-07-28 07:50:19 UTC,-74.004044,40.791318,-73.978015,40.802542
22.2,2013-11-04 02:05:29 UTC,-73.988285,40.711004,-73.990182,40.698047
23.1,2012-09-24 07:30:47 UTC,-73.990457,40.766268,-73.992152,40.781141
18.8,2012-01-02 12:57:51 UTC,-73.972892,40.748951,-73.967295,40.746197
22.4,2012-04-07 17:12:23 UTC,-73.964542,40.788688,-73.967386,40.775547
22.9,2011-09-27 10:05:55 UTC,-74.009605,40.726232,-73.996213,40.720777
20.4,2011-09-14 01:31:12 UTC,-73.980111,40.751838,-73.984151,40.743094
18.5,2011-02-01 23:23:26 UTC,-73.962613,40.699047,-73.962924,40.69329
23.4,2012-09-01 20:29:25 UTC,-74.017096,40.691844,-74.03152,40.685905
19.0,2011-05-28 15:02:48 UTC,-73.981288,40.76789,-73.983644,40.761553
20.9,2012-07-23 07:43:24 UTC,-74.004316,40.696449,-74.014391,40.69337
17.4,2013-01-17 00:32:14 UTC,-73.992831,40.743153,-73.989371,40.742506
24.8,2012-04-26 16:51:57 UTC,-74.030101,40.780339,-74.046743,40.787977
20.7,2011-06-18 11:03:12 UTC,-73.952145,40.772401,-73.942346,40.769951
20.3,2012-05-21 08:22:32 UTC,-73.987117,40.730062,-73.995828,40.733323
24.6,2011-12-06 03:00:53 UTC,-73.996144,40.702345,-73.978303,40.70242
23.0,2012-12-04 22:08:16 UTC,-73.973435,40.765285,-73.959727,40.770691
18.3,2011-05-11 03:03:42 UTC,-74.000846,40.790268,-73.99549,40.790734
24.0,2012-06-19 10:09:36 UTC,-74.002745,40.730133,-74.018125,40.723665
21.2,2013-02-19 11:41:38 UTC,-73.949793,40.725901,-73.956072,40.716719
20.2,2012-08-10 19:21:46 UTC,-73.943827,40.734253,-73.95279,40.736355
23.1,2013-09-23 23:29:45 UTC,-73.991841,40.767148,-73.999553,40.779882
23.6,2011-07-23 20:10:59 UTC,-73.958653,40.786856,-73.942885,40.784564
19.2,2013-01-10 15:57:17 UTC,-73.972879,40.712812,-73.974406,40.705803
19.2,2013-09-13 04:47:11 UTC,-74.008277,40.705052,-74.014855,40.70249
20.3,2012-12-27 01:37:22 UTC,-73.998563,40.8202,-74.006042,40.814586
19.9,2013-11-14 03:29:29 UTC,-73.948978,40.74468,-73.954296,40.738011
23.3,2012-02-01 09:48:13 UTC,-74.008536,40.757587,-74.00321,40.743151
23.9,2012-03-15 14:07:54 UTC,-73.93438,40.729242,-73.950651,40.726798
16.9,2011-02-04 16:31:55 UTC,-73.991427,40.764699,-73.990445,40.767057
21.4,2012-06-02 12:26:47 UTC,-73.948384,40.778802,-73.944148,40.767983
25.4,2011-03-31 09:44:30 UTC,-73.986111,40.758994,-74.003465,40.75021
24.2,2013-09-08 11:31:26 UTC,-73.964002,40.802226,-73.978177,40.792745
22.6,2012-04-25 20:51:19 UTC,-73.952099,40.740198,-73.952576,40.726331
24.3,2011-04-13 08:39:58 UTC,-73.952201,40.742114,-73.937791,40.732558
21.7,2013-11-03 11:39:52 UTC,-73.991687,40.756942,-73.97966,40.754964
23.0,2012-04-14 17:47:28 UTC,-73.997148,40.763949,-74.003232,40.750528
22.7,2012-03-02 15:45:34 UTC,-73.981624,40.756838,-73.967531,40.755463
19.5,2012-05-29 03:53:04 UTC,-74.00601,40.711468,-74.009206,40.704433
20.6,2011-11-04 01:11:26 UTC,-73.975215,40.759375,-73.978497,40.750086
17.6,2011-11-21 04:26:22 UTC,-73.996416,40.738775,-73.995476,40.742547
20.9,2013-11-22 03:58:20 UTC,-73.958346,40.732571,-73.949951,40.726169
19.5,2012-03-03 11:47:23 UTC,-73.991402,40.750974,-73.997492,40.746274
22.4,2011-06-26 20:09:48 UTC,-74.014845,40.721154,-74.018826,40.734134
23.4,2013-05-30 17:01:30 UTC,-73.951982,40.715938,-73.964463,40.706738
23.7,2011-06-28 10:16:43 UTC,-73.976333,40.671536,-73.972822,40.687195
20.6,2013-08-19 05:08:04 UTC,-73.979417,40.802417,-73.970084,40.798939
23.2,2012-10-30 20:08:27 UTC,-73.958112,40.766672,-73.948166,40.755311
23.0,2011-03-13 19:26:07 UTC,-73.962568,40.746497,-73.976234,40.740958
17.6,2012-07-26 22:05:02 UTC,-73.995237,40.729983,-73.999066,40.730671
24.5,2013-08-26 06:59:03 UTC,-73.988996,40.663719,-73.976541,40.676264
19.8,2013-06-25 14:33:12 UTC,-74.002259,40.728144,-73.999937,40.736132
16.0,2012-09-21 15:06:39 UTC,-74.009289,40.771476,-74.008948,40.772115
21.9,2012-06-01 23:38:49 UTC,-73.968428,40.778265,-73.968323,40.790865
25.4,2013-11-19 21:24:27 UTC,-73.972156,40.769269,-73.966742,40.750458
17.5,2013-05-01 06:02:04 UTC,-73.964783,40.754752,-73.961924,40.757246
18.9,2012-02-03 02:39:56 UTC,-73.954368,40.789116,-73.960122,40.792216
20.3,2012-08-29 18:12:42 UTC,-73.964511,40.740144,-73.9557,40.743365
25.7,2011-02-17 08:00:42 UTC,-73.962731,40.782556,-73.97476,40.766454
24.0,2011-06-22 01:13:37 UTC,-74.021559,40.738463,-74.008338,40.728293
20.2,2012-07-05 17:15:52 UTC,-73.98614,40.723566,-73.995099,40.721901
21.8,2013-09-30 10:05:02 UTC,-73.960708,40.719829,-73.95523,40.730977
25.2,2012-05-22 01:31:30 UTC,-74.003364,40.718065,-74.005012,40.737218
19.7,2012-04-03 21:02:49 UTC,-73.978167,40.769772,-73.98293,40.763128
25.1,2011-06-08 00:23:00 UTC,-73.969611,40.727718,-73.956035,40.714619
21.1,2013-07-28 14:36:26 UTC,-73.971143,40.719009,-73.963714,40.727167
28.7,2012-04-30 15:26:43 UTC,-73.972624,40.771412,-73.973214,40.797556
26.0,2013-11-01 02:29:31 UTC,-73.968022,40.759839,-73.95057,40.770909
21.8,2011-08-03 01:06:33 UTC,-73.976385,40.778878,-73.966588,40.771391
30.5,2013-06-03 06:31:42 UTC,-74.009259,40.765378,-74.017313,40.793989
27.4,2013-07-27 13:02:45 UTC,-73.969861,40.727407,-73.992464,40.734275
19.6,2012-07-08 03:16:47 UTC,-73.974305,40.752283,-73.973236,40.744373
27.5,2013-02-09 09:52:46 UTC,-74.008995,40.753754,-73.99516,40.773097
20.9,2013-04-14 06:09:51 UTC,-73.952405,40.722425,-73.946299,40.713725
24.1,2012-04-01 13:54:45 UTC,-73.969323,40.716861,-73.953584,40.71065
20.3,2012-03-19 00:35:25 UTC,-74.007607,40.729578,-74.01359,40.736845
16.2,2012-02-15 05:21:25 UTC,-73.996345,40.811097,-73.997517,40.810848
16.1,2012-03-28 02:01:34 UTC,-73.991281,40.737618,-73.99221,40.737988
16.9,2011-02-20 16:17:42 UTC,-73.991295,40.786986,-73.988883,40.787373
22.4,2011-07-29 23:37:06 UTC,-73.974139,40.73594,-73.966465,40.747085
29.8,2013-09-19 05:17:44 UTC,-73.999527,40.776665,-73.983203,40.753421
25.0,2012-09-18 06:50:08 UTC,-73.957437,40.777075,-73.93901,40.77992
24.1,2012-10-24 11:51:23 UTC,-73.959084,40.778578,-73.942418,40.775676
20.7,2013-01-23 07:08:12 UTC,-73.967614,40.761635,-73.960923,40.75411
19.8,2013-11-29 21:41:16 UTC,-73.979115,40.791321,-73.982537,40.78377
28.9,2013-06-21 16:54:49 UTC,-73.961251,40.761351,-73.958992,40.73498
20.8,2011-09-15 02:27:18 UTC,-73.985519,40.801406,-73.978967,40.793422
22.1,2011-05-29 20:09:52 UTC,-73.99449,40.701402,-73.993139,40.714307
21.8,2013-03-24 12:08:37 UTC,-73.956198,40.760449,-73.965336,40.768769
18.1,2013-02-12 18:52:41 UTC,-73.973649,40.7585,-73.978273,40.756586
23.9,2011-07-16 10:09:16 UTC,-73.993681,40.721904,-73.985001,40.707792
19.9,2013-11-25 20:17:59 UTC,-73.988355,40.767388,-73.99082,40.775606
22.2,2011-09-14 13:07:01 UTC,-73.994729,40.705298,-73.994487,40.718396
20.8,2012-08-13 01:35:00 UTC,-73.939557,40.730374,-73.940341,40.740716
22.2,2013-10-07 20:41:00 UTC,-73.979918,40.690027,-73.98884,40.68034
20.0,2013-09-18 19:53:46 UTC,-73.976845,40.796759,-73.978557,40.78811
24.2,2011-04-10 06:29:06 UTC,-73.965576,40.743054,-73.970154,40.759613
22.6,2011-05-30 17:44:09 UTC,-74.004307,40.815007,-74.011225,40.802914
21.4,2011-08-07 09:13:45 UTC,-73.958069,40.774088,-73.968652,40.778871
24.5,2011-09-01 21:10:05 UTC,-73.992157,40.763443,-73.993163,40.745666
19.1,2013-11-10 00:18:38 UTC,-73.9434,40.732413,-73.937218,40.72941
22.0,2013-05-05 17:34:51 UTC,-73.986253,40.718609,-73.975047,40.724461
22.6,2013-04-09 10:36:18 UTC,-73.959247,40.765689,-73.973189,40.765389
24.1,2011-02-25 01:21:03 UTC,-74.029936,40.747855,-74.013872,40.753094
21.9,2011-07-04 09:01:07 UTC,-74.003503,40.709822,-74.000573,40.69756
22.6,2013-11-27 10:58:27 UTC,-73.985872,40.704494,-73.997142,40.696294
18.8,2011-10-28 00:33:02 UTC,-74.020616,40.721239,-74.024653,40.726057
25.6,2012-10-06 09:09:11 UTC,-73.967982,40.804629,-73.986756,40.811598
23.8,2012-10-22 20:00:02 UTC,-73.973741,40.816398,-73.989958,40.818596
25.5,2011-03-10 16:07:16 UTC,-73.999817,40.75615,-73.982602,40.76562
24.6,2012-08-04 16:39:20 UTC,-73.980319,40.754468,-73.987312,40.737896
19.2,2011-04-21 06:53:26 UTC,-73.96387,40.73991,-73.958502,40.735248
24.8,2011-07-13 06:46:17 UTC,-74.022061,40.721965,-74.023173,40.740192
22.1,2011-12-08 17:09:53 UTC,-74.00547,40.791255,-74.005292,40.80409
19.3,2013-03-11 06:02:13 UTC,-73.986702,40.806207,-73.983021,40.812544
26.1,2013-03-24 03:12:15 UTC,-73.979526,40.723197,-74.000366,40.721644
24.0,2011-05-13 19:24:37 UTC,-73.981172,40.747515,-73.967987,40.757863
17.8,2013-09-24 17:37:38 UTC,-73.962214,40.736504,-73.963201,40.740795
23.6,2012-09-08 12:43:50 UTC,-73.970456,40.737393,-73.975499,40.722218
21.1,2012-07-20 22:00:07 UTC,-73.966067,40.785577,-73.961387,40.795535
21.3,2012-01-18 03:20:21 UTC,-74.007798,40.710641,-74.015009,40.701981
19.6,2012-09-18 20:57:36 UTC,-73.977104,40.763994,-73.975021,40.771591
23.8,2013-12-08 02:18:00 UTC,-73.986143,40.771847,-73.987797,40.755687
24.4,2011-01-29 22:32:54 UTC,-73.950759,40.745735,-73.943648,40.761726
17.4,2012-11-22 08:22:04 UTC,-73.976512,40.776792,-73.978652,40.774043
23.2,2012-10-07 16:21:48 UTC,-73.993381,40.75443,-74.003681,40.743336
19.5,2012-05-30 07:36:30 UTC,-73.96295,40.786514,-73.959327,40.779629
17.8,2013-07-21 12:25:42 UTC,-73.968734,40.704334,-73.97144,40.700965
24.7,2012-11-10 00:44:28 UTC,-73.996432,40.739537,-74.014642,40.739479
22.3,2013-10-25 20:39:16 UTC,-73.98697,40.747846,-73.984993,40.761027
18.3,2013-05-04 12:08:01 UTC,-73.986629,40.669834,-73.992003,40.670535
26.6,2013-09-18 18:51:48 UTC,-73.955451,40.717421,-73.951993,40.695712
23.1,2012-06-26 06:29:57 UTC,-73.975935,40.725592,-73.984486,40.713295
30.7,2012-05-29 18:50:55 UTC,-73.965464,40.778446,-73.977528,40.806022
21.6,2011-03-14 09:45:49 UTC,-73.989865,40.728795,-73.978064,40.730149
22.0,2011-05-02 14:25:00 UTC,-73.973304,40.725458,-73.964873,40.734966
17.2,2013-09-16 05:14:24 UTC,-73.953933,40.774525,-73.953999,40.771441
21.1,2011-03-08 16:47:07 UTC,-73.987222,40.701463,-73.982844,40.691417
20.3,2012-12-21 08:11:28 UTC,-73.977697,40.687863,-73.969593,40.68305
16.3,2012-04-17 18:35:52 UTC,-74.007266,40.739152,-74.007368,40.740435
22.1,2012-03-13 10:59:03 UTC,-73.995311,40.706569,-74.007396,40.701966
25.3,2013-04-25 13:37:16 UTC,-73.986689,40.70771,-73.983694,40.726894
21.5,2013-08-25 03:09:06 UTC,-74.001217,40.767203,-73.991195,40.76104
21.7,2012-04-28 15:13:15 UTC,-73.953561,40.776279,-73.947629,40.765731
19.7,2013-03-03 08:03:28 UTC,-73.99676,40.773666,-73.996167,40.781754
21.1,2013-04-03 05:00:38 UTC,-73.964264,40.783263,-73.958611,40.792583
16.8,2012-01-20 18:39:56 UTC,-73.976263,40.787234,-73.978496,40.787534
21.7,2011-03-06 00:38:20 UTC,-73.979383,40.686142,-73.968941,40.680121
27.3,2013-03-11 15:21:29 UTC,-73.950277,40.763512,-73.936805,40.744506
24.5,2012-01-01 03:22:54 UTC,-74.025212,40.734112,-74.038174,40.746319
22.7,2012-03-03 11:16:52 UTC,-73.983924,40.727577,-73.972765,40.736263
27.0,2012-08-08 02:54:51 UTC,-74.001608,40.766812,-73.979235,40.762414
18.3,2013-08-05 11:00:00 UTC,-74.019228,40.698091,-74.013973,40.698687
20.7,2013-10-30 17:46:01 UTC,-74.003895,40.697467,-73.994057,40.6952
24.4,2013-07-05 19:42:05 UTC,-73.979655,40.769007,-73.986126,40.785294
21.4,2011-03-12 23:08:10 UTC,-73.994507,40.764634,-73.999544,40.754254
18.9,2012-12-27 15:50:01 UTC,-73.962068,40.754102,-73.964163,40.747901
19.7,2013-09-14 06:43:03 UTC,-73.984277,40.723603,-73.988301,40.716435
22.4,2011-06-07 21:45:34 UTC,-73.986495,40.772315,-73.999613,40.775417
16.5,2011-08-29 10:09:57 UTC,-73.986406,40.770409,-73.988132,40.77097
19.9,2013-01-15 09:02:55 UTC,-73.98197,40.752559,-73.973606,40.75456
23.5,2012-06-10 16:26:17 UTC,-73.98837,40.71468,-74.001355,40.705874
23.1,2012-03-28 23:26:47 UTC,-73.997025,40.737243,-73.995234,40.752092
18.0,2012-02-18 14:46:58 UTC,-73.960216,40.775135,-73.958732,40.770595
21.8,2013-09-24 11:33:26 UTC,-73.992482,40.789816,-73.995495,40.801692
31.5,2011-07-11 08:31:03 UTC,-73.987671,40.740204,-73.982705,40.771595
20.4,2011-05-16 21:41:06 UTC,-73.971412,40.74251,-73.967385,40.733776
18.2,2013-03-24 04:15:14 UTC,-73.973625,40.745149,-73.97735,40.748573
21.0,2012-01-24 02:22:09 UTC,-73.997869,40.758247,-73.98726,40.756931
26.2,2013-10-25 22:14:17 UTC,-73.9649,40.732568,-73.959294,40.752877
23.6,2013-02-14 20:01:21 UTC,-73.969247,40.663174,-73.953512,40.660368
16.9,2013-04-19 22:31:07 UTC,-73.976441,40.785783,-73.977105,40.78827
17.6,2013-12-27 18:22:17 UTC,-73.988626,40.803841,-73.991844,40.806109
16.8,2011-04-07 19:46:17 UTC,-73.988135,40.731628,-73.990219,40.730624
22.6,2011-12-14 00:55:38 UTC,-73.984036,40.718,-73.972253,40.725555
16.5,2011-08-14 06:18:30 UTC,-74.004637,40.745887,-74.006124,40.746821
18.1,2013-04-24 23:04:22 UTC,-73.980785,40.744375,-73.981662,40.749193
25.5,2011-06-10 17:55:32 UTC,-73.962158,40.779866,-73.942548,40.782002
23.0,2013-08-12 04:40:11 UTC,-73.962473,40.751639,-73.975917,40.745594
17.9,2013-08-26 17:54:10 UTC,-73.987617,40.726221,-73.984049,40.723532
18.4,2011-04-07 18:53:56 UTC,-73.958718,40.710448,-73.959333,40.716002
18.7,2013-12-01 01:06:30 UTC,-73.941882,40.775969,-73.944388,40.781483
23.5,2012-11-22 01:18:37 UTC,-73.986324,40.767985,-73.995858,40.780435
25.5,2013-06-22 10:40:19 UTC,-73.96617,40.781817,-73.972809,40.800409
18.9,2012-05-22 19:08:07 UTC,-74.025256,40.720954,-74.029337,40.715744
18.2,2013-11-04 01:23:32 UTC,-74.005163,40.805153,-74.000206,40.806502
20.0,2013-01-14 12:39:26 UTC,-73.978178,40.697689,-73.969653,40.695755
26.1,2013-02-11 02:20:03 UTC,-74.000135,40.771288,-74.017923,40.760215
22.3,2013-08-01 15:56:30 UTC,-73.939216,40.692713,-73.951232,40.698358
20.4,2013-06-02 02:05:32 UTC,-73.968042,40.72629,-73.962564,40.734068
21.9,2013-02-27 15:46:38 UTC,-73.960683,40.796831,-73.954361,40.786061
23.2,2011-06-11 09:56:59 UTC,-73.980581,40.774941,-73.995217,40.771196
20.6,2012-02-03 05:01:23 UTC,-74.000064,40.733613,-73.991321,40.728892
23.2,2012-07-14 00:00:27 UTC,-73.990376,40.734435,-73.990516,40.719351
19.4,2011-12-22 19:47:07 UTC,-73.974912,40.753019,-73.967442,40.752655
22.8,2013-12-24 18:42:48 UTC,-73.992758,40.765424,-74.001276,40.753972
22.6,2012-12-11 11:46:39 UTC,-73.966576,40.787547,-73.980476,40.789137
17.7,2012-03-28 13:33:47 UTC,-73.965772,40.736313,-73.968858,40.739004
18.0,2011-11-13 16:34:54 UTC,-73.9799,40.701646,-73.982543,40.705577
18.4,2012-07-30 17:49:35 UTC,-74.016513,40.754709,-74.019714,40.759122
23.5,2013-07-03 18:41:04 UTC,-73.945704,40.736277,-73.949606,40.751586
25.0,2012-02-07 10:38:04 UTC,-73.984253,40.710981,-73.967325,40.702895
24.9,2011-06-29 11:18:46 UTC,-73.925814,40.75893,-73.942813,40.751345
21.0,2012-07-01 11:17:48 UTC,-73.966949,40.743607,-73.975398,40.750158
17.8,2011-02-03 15:32:48 UTC,-73.984199,40.759195,-73.988385,40.757876
21.3,2012-10-19 12:04:24 UTC,-73.971044,40.723167,-73.970804,40.73442
20.2,2011-01-24 05:32:09 UTC,-74.020386,40.764601,-74.013276,40.770218
26.2,2013-10-16 00:22:57 UTC,-73.959477,40.710487,-73.950824,40.729668
21.0,2012-09-29 10:23:23 UTC,-73.928661,40.725168,-73.917896,40.724255
23.4,2012-03-30 17:20:19 UTC,-74.021785,40.742713,-74.01697,40.727892
24.4,2013-01-26 09:24:46 UTC,-73.985748,40.802255,-74.003048,40.805661
24.0,2013-06-29 11:39:39 UTC,-73.982107,40.773545,-73.99875,40.772828
22.0,2011-08-30 05:36:01 UTC,-73.962495,40.782316,-73.951023,40.787661
22.0,2013-08-29 03:22:12 UTC,-73.93788,40.792512,-73.927054,40.799138
19.8,2011-07-28 15:40:25 UTC,-73.972342,40.858085,-73.965982,40.852739
22.1,2012-01-02 11:36:54 UTC,-73.937164,40.751248,-73.945367,40.741158
17.4,2012-03-15 17:19:01 UTC,-73.976591,40.792612,-73.979817,40.791153
27.7,2013-11-25 14:37:21 UTC,-73.970972,40.780379,-73.97496,40.756567
20.8,2012-08-30 19:35:32 UTC,-73.973435,40.779881,-73.983683,40.780688
18.0,2011-05-23 17:45:02 UTC,-73.955594,40.803227,-73.953004,40.799153
27.2,2013-07-15 21:34:53 UTC,-73.988446,40.737421,-73.966892,40.746037
25.9,2012-03-30 05:25:53 UTC,-73.963634,40.735039,-73.968591,40.715181
22.1,2013-10-21 18:06:35 UTC,-74.004616,40.759593,-73.991648,40.759656
24.7,2011-03-28 17:40:18 UTC,-73.98569,40.744519,-73.994543,40.760281
24.0,2013-08-18 08:58:14 UTC,-73.992735,40.759555,-74.008102,40.766309
22.6,2012-11-24 07:14:14 UTC,-73.978241,40.796882,-73.968366,40.806689
17.7,2013-08-03 06:21:17 UTC,-73.986322,40.735656,-73.98851,40.739053
26.1,2011-05-10 03:19:15 UTC,-73.957357,40.74086,-73.944645,40.724244
23.0,2013-07-14 22:01:34 UTC,-73.997573,40.755229,-73.982864,40.756895
18.1,2013-11-15 04:01:50 UTC,-74.014626,40.74315,-74.01741,40.747235
24.2,2012-12-24 01:33:53 UTC,-74.007146,40.69258,-73.993716,40.681798
20.1,2012-07-20 19:49:24 UTC,-73.960117,40.732596,-73.968877,40.731331
30.8,2011-12-06 20:13:59 UTC,-73.999391,40.770621,-74.008309,40.74161
21.2,2013-09-30 10:42:38 UTC,-73.972043,40.793126,-73.96132,40.789785
23.7,2011-07-23 15:04:01 UTC,-73.985896,40.715361,-74.001374,40.710998
22.6,2013-08-07 15:54:29 UTC,-73.963515,40.715222,-73.963531,40.729244
22.6,2013-07-27 05:44:50 UTC,-73.984615,40.750907,-73.972119,40.744875
22.3,2012-01-06 04:56:58 UTC,-73.924713,40.687732,-73.911545,40.685069
17.8,2011-06-30 06:10:13 UTC,-73.942038,40.736651,-73.946364,40.735859
21.5,2013-07-07 20:15:49 UTC,-73.986304,40.697919,-73.976212,40.692016
22.3,2011-03-26 22:54:03 UTC,-73.989043,40.791072,-74.000272,40.79827
26.1,2013-09-19 21:46:13 UTC,-73.917353,40.72692,-73.924027,40.706996
21.4,2013-02-01 04:35:30 UTC,-74.001577,40.799585,-73.999273,40.810951
17.5,2013-10-01 17:43:30 UTC,-73.9811,40.783406,-73.977323,40.783287
24.0,2011-04-29 20:46:29 UTC,-73.979551,40.73061,-73.990028,40.743627
32.2,2013-12-14 08:03:04 UTC,-73.980047,40.717841,-73.961424,40.690369
31.0,2012-11-15 09:26:15 UTC,-74.014774,40.744194,-74.033549,40.719831
17.1,2013-04-24 03:20:44 UTC,-73.970068,40.746861,-73.969526,40.743941
18.3,2011-09-02 07:44:14 UTC,-73.999407,40.760384,-73.997448,40.765444
24.8,2012-08-18 12:54:58 UTC,-73.95128,40.726704,-73.96875,40.721154
22.9,2013-10-10 21:59:31 UTC,-74.009119,40.772392,-73.995878,40.77823
21.8,2011-12-16 04:12:28 UTC,-73.978811,40.75796,-73.986215,40.767773
19.0,2013-09-10 19:54:07 UTC,-74.024322,40.739788,-74.023338,40.746448
17.4,2012-02-09 18:19:14 UTC,-74.023088,40.728639,-74.019807,40.729671
22.9,2011-01-26 21:41:10 UTC,-73.996787,40.744453,-74.01133,40.745409
21.8,2013-09-27 10:26:29 UTC,-73.993964,40.725493,-74.004686,40.719345
23.5,2013-03-12 05:22:52 UTC,-73.950685,40.751753,-73.935055,40.751199
20.8,2013-04-12 02:02:27 UTC,-73.980812,40.752563,-73.98147,40.742321
29.7,2011-10-13 21:04:48 UTC,-73.954152,40.757851,-73.981122,40.750004
18.6,2012-10-16 05:13:13 UTC,-73.987596,40.802987,-73.990615,40.808131
18.0,2012-11-27 16:07:07 UTC,-73.967878,40.746027,-73.968207,40.741398
19.5,2013-07-03 08:10:44 UTC,-73.99451,40.780138,-73.992316,40.772762
25.9,2012-05-18 18:25:52 UTC,-73.995869,40.756888,-74.015858,40.76138
17.5,2011-06-28 04:47:08 UTC,-74.016417,40.742853,-74.01671,40.746652
19.9,2013-02-05 19:53:02 UTC,-73.973285,40.746425,-73.981611,40.744272
17.0,2011-08-31 04:07:13 UTC,-73.974758,40.748235,-73.972548,40.746746
18.9,2012-09-23 02:23:12 UTC,-73.964454,40.758393,-73.95939,40.762553
20.9,2012-11-21 09:30:25 UTC,-73.975702,40.72122,-73.971702,40.73091
22.7,2013-10-14 17:56:06 UTC,-73.939476,40.70604,-73.925436,40.708051
28.1,2011-04-22 05:47:15 UTC,-73.976479,40.769629,-73.954574,40.757709
21.4,2012-01-11 00:55:50 UTC,-73.960163,40.776944,-73.9715,40.774729
18.4,2013-10-23 05:03:35 UTC,-73.986482,40.772369,-73.990302,40.768298
22.1,2011-02-11 08:39:50 UTC,-73.998169,40.754649,-73.990739,40.744119
18.2,2012-10-18 16:32:19 UTC,-73.965646,40.773017,-73.966914,40.777996
29.5,2013-02-28 19:26:42 UTC,-73.981783,40.771403,-74.009011,40.777151
19.4,2012-08-20 09:48:28 UTC,-73.963359,40.773629,-73.965285,40.780891
23.5,2013-07-24 21:00:51 UTC,-73.972941,40.724214,-73.9606,40.714305
22.7,2011-01-21 06:23:08 UTC,-73.99586,40.717091,-74.009808,40.718666
16.7,2013-10-10 08:19:55 UTC,-73.958513,40.738343,-73.956308,40.73828
25.3,2011-08-15 03:41:35 UTC,-73.997424,40.749478,-74.016497,40.752553
20.0,2013-12-28 08:36:37 UTC,-73.967493,40.742742,-73.958793,40.74404
16.8,2012-12-23 07:41:42 UTC,-73.954368,40.693699,-73.951952,40.693574
18.5,2011-03-25 03:42:43 UTC,-73.987692,40.801651,-73.993373,40.800324
21.5,2011-08-11 23:38:20 UTC,-73.95688,40.741779,-73.96106,40.752847
24.3,2011-11-25 09:41:01 UTC,-73.972048,40.755181,-73.987038,40.746563
20.7,2012-08-30 13:48:12 UTC,-73.962961,40.787336,-73.952885,40.785605
22.4,2013-07-08 17:17:44 UTC,-73.996735,40.679651,-74.004729,40.690465
20.4,2012-05-06 22:55:52 UTC,-73.975714,40.734649,-73.970711,40.726539
21.8,2011-11-04 17:34:11 UTC,-74.008162,40.738386,-74.017781,40.730786
27.2,2012-11-21 12:30:09 UTC,-73.945774,40.739911,-73.92379,40.74725
26.2,2013-01-20 19:33:50 UTC,-74.02028,40.744795,-74.004683,40.730556
26.5,2012-03-26 13:38:07 UTC,-73.987095,40.793414,-73.966358,40.80002
26.9,2013-01-05 10:28:21 UTC,-73.998634,40.770204,-73.976729,40.765307
19.4,2013-12-02 16:28:41 UTC,-73.966506,40.778741,-73.972851,40.782841
23.2,2013-11-20 20:33:37 UTC,-73.941521,40.751414,-73.950362,40.739206
27.4,2012-03-16 04:03:01 UTC,-73.966902,40.708019,-73.94664,40.71987
21.8,2012-06-07 02:05:55 UTC,-73.920774,40.687609,-73.922185,40.675437
21.2,2011-04-20 07:20:52 UTC,-74.007559,40.704118,-73.999227,40.711367
22.3,2011-06-12 15:14:06 UTC,-74.006024,40.760793,-74.01223,40.749038
25.2,2012-02-03 12:05:46 UTC,-73.997862,40.750953,-74.003905,40.769036
19.8,2013-11-21 21:26:45 UTC,-73.977575,40.743695,-73.969276,40.742981
29.5,2011-10-27 18:21:27 UTC,-74.000538,40.738943,-74.020237,40.758451
21.3,2013-09-28 05:59:56 UTC,-73.995033,40.810352,-73.987202,40.802163
19.1,2012-06-04 01:35:08 UTC,-73.96759,40.725313,-73.962346,40.720886
22.2,2013-08-15 12:19:07 UTC,-74.004783,40.777835,-74.010085,40.789942
22.8,2012-07-23 18:18:56 UTC,-74.002664,40.750057,-74.002422,40.735795
19.2,2012-06-11 10:41:07 UTC,-73.987971,40.748172,-73.986162,40.741179
18.4,2011-03-15 17:34:42 UTC,-73.986089,40.785299,-73.983719,40.79025
21.8,2011-02-19 02:39:26 UTC,-73.9598,40.793876,-73.952898,40.783688
20.5,2012-07-24 13:05:46 UTC,-73.998013,40.742814,-74.006163,40.748032
29.1,2013-06-21 09:14:30 UTC,-73.994406,40.773976,-73.967428,40.77568
23.3,2011-08-09 09:53:16 UTC,-73.968367,40.760917,-73.970423,40.74578
20.5,2013-02-01 18:28:48 UTC,-73.963972,40.750223,-73.965279,40.759901
27.2,2013-06-14 11:24:40 UTC,-73.951426,40.756128,-73.931979,40.743503
25.6,2011-03-10 03:43:47 UTC,-73.970618,40.72936,-73.988908,40.737073
25.3,2011-12-27 02:52:02 UTC,-73.977393,40.740817,-73.95805,40.742102
18.0,2012-11-20 16:59:09 UTC,-73.968499,40.732581,-73.967565,40.728031
21.8,2011-12-10 10:23:34 UTC,-73.985348,40.777041,-73.99065,40.765987
21.5,2013-07-16 22:33:40 UTC,-73.985495,40.747144,-73.996692,40.750437
23.3,2013-08-19 14:55:20 UTC,-74.015482,40.711069,-74.028173,40.702343
21.9,2013-07-19 04:42:26 UTC,-73.962132,40.728297,-73.96555,40.740376
22.0,2013-10-26 13:32:57 UTC,-73.975771,40.654022,-73.972991,40.666467
24.4,2013-05-27 09:29:07 UTC,-73.964459,40.735165,-73.958234,40.751586
17.6,2013-08-24 05:03:00 UTC,-74.036316,40.751129,-74.033656,40.753938
18.9,2011-08-05 14:32:51 UTC,-73.980942,40.745916,-73.986044,40.741873
22.5,2012-11-05 22:04:04 UTC,-73.997118,40.809405,-73.983723,40.806436
29.1,2011-11-04 13:57:28 UTC,-73.949973,40.767247,-73.923235,40.763546
23.2,2012-01-27 01:39:00 UTC,-73.967716,40.765914,-73.952769,40.768394
18.5,2013-03-07 03:50:36 UTC,-73.975315,40.700702,-73.978908,40.705068
22.3,2013-01-02 04:52:31 UTC,-73.988639,40.739061,-73.983618,40.751376
18.5,2011-05-04 19:23:18 UTC,-73.972056,40.7354,-73.966394,40.735601
26.3,2012-06-07 19:00:06 UTC,-73.998564,40.726418,-73.982527,40.712385
18.3,2012-10-18 01:42:06 UTC,-73.981995,40.726004,-73.985376,40.721929
24.8,2011-09-30 02:28:21 UTC,-73.991567,40.695756,-74.001216,40.711315
25.3,2011-06-15 21:42:28 UTC,-73.93467,40.711724,-73.923332,40.696159
19.8,2012-05-12 17:53:41 UTC,-73.950601,40.776223,-73.946537,40.783614
21.5,2013-04-16 22:54:20 UTC,-73.958739,40.745713,-73.969827,40.741807
21.3,2012-01-11 21:46:20 UTC,-74.009806,40.734808,-74.00275,40.725973
25.0,2012-12-08 20:20:00 UTC,-73.962717,40.749838,-73.944334,40.753794
24.2,2012-02-03 16:50:13 UTC,-73.976247,40.785022,-73.983184,40.800631
20.4,2013-04-06 18:49:59 UTC,-73.955531,40.750126,-73.964441,40.753531
17.0,2013-12-08 05:52:53 UTC,-73.973552,40.766211,-73.973251,40.763586
23.0,2013-02-13 00:12:50 UTC,-73.980134,40.724602,-73.973331,40.711641
16.3,2012-02-01 10:26:06 UTC,-73.975324,40.731441,-73.976073,40.730453
24.4,2012-06-12 12:13:36 UTC,-74.016113,40.760619,-74.004768,40.747298
17.7,2011-07-05 23:53:22 UTC,-73.995348,40.80678,-73.992741,40.80368
20.7,2011-08-04 05:58:53 UTC,-73.972533,40.792893,-73.962417,40.792263
28.0,2012-09-07 12:49:22 UTC,-73.957212,40.767485,-73.96442,40.743879
24.9,2012-11-06 16:36:02 UTC,-73.99101,40.754543,-74.003287,40.768426
22.1,2011-10-19 22:04:45 UTC,-73.980816,40.792032,-73.984216,40.779647
22.4,2012-07-17 16:05:58 UTC,-74.01202,40.77384,-74.025484,40.771981
19.0,2011-08-12 22:47:16 UTC,-73.950814,40.68119,-73.946721,40.686528
27.7,2011-04-20 19:43:40 UTC,-73.957725,40.718382,-73.977892,40.731468
20.2,2013-10-02 21:49:51 UTC,-73.966958,40.760144,-73.971485,40.752223
28.3,2013-08-16 22:43:44 UTC,-73.971864,40.696391,-73.974723,40.671299
23.1,2012-09-21 12:30:43 UTC,-73.948949,40.723072,-73.959415,40.733859
22.1,2011-03-08 02:13:17 UTC,-73.9961,40.729006,-73.999164,40.716511
17.4,2011-06-04 18:59:09 UTC,-73.998263,40.742315,-73.998221,40.745909
22.3,2013-12-08 14:18:08 UTC,-73.95877,40.741377,-73.946077,40.745593
32.7,2012-12-08 14:50:47 UTC,-73.960114,40.741326,-73.970521,40.708806
23.9,2011-04-23 20:00:06 UTC,-74.00387,40.774759,-74.000297,40.758611
19.2,2013-03-31 17:11:47 UTC,-73.990627,40.742043,-73.98507,40.737435
28.6,2013-11-19 00:58:46 UTC,-73.946218,40.738461,-73.94643,40.71262
22.8,2011-04-23 02:42:05 UTC,-73.971767,40.709525,-73.976747,40.696144
21.4,2013-09-17 05:14:06 UTC,-73.964257,40.78073,-73.975647,40.781959
25.1,2012-03-02 16:54:17 UTC,-74.003181,40.729855,-73.984195,40.72897
17.2,2013-07-06 23:52:25 UTC,-73.966867,40.717389,-73.966141,40.720416
18.4,2012-09-18 07:23:51 UTC,-74.008391,40.756393,-74.011546,40.760885
29.2,2011-05-16 20:28:42 UTC,-74.019596,40.726992,-73.998381,40.710173
22.2,2011-01-31 22:26:45 UTC,-73.965464,40.734221,-73.963241,40.721373
28.9,2011-01-27 08:56:32 UTC,-73.951311,40.757754,-73.925876,40.765367
26.0,2012-11-03 11:42:30 UTC,-73.985076,40.740206,-73.999239,40.755449
20.6,2011-07-31 11:16:14 UTC,-73.990931,40.819348,-73.993302,40.809674
22.6,2013-11-23 17:15:03 UTC,-73.945783,40.747755,-73.959483,40.750344
19.7,2011-04-08 13:24:14 UTC,-73.983896,40.768535,-73.985117,40.776606
17.0,2011-01-28 08:01:16 UTC,-73.981315,40.691749,-73.982584,40.694125
18.2,2013-04-05 09:08:30 UTC,-73.946121,40.724181,-73.950701,40.721693
18.8,2012-03-25 23:18:16 UTC,-73.987072,40.717393,-73.986533,40.710986
25.8,2011-11-07 05:47:27 UTC,-73.993081,40.721369,-73.997174,40.741221
16.4,2012-09-26 17:51:49 UTC,-73.96369,40.762466,-73.964794,40.763428
19.9,2012-07-30 02:14:51 UTC,-73.994237,40.781067,-74.001795,40.784956
341.3,2012-01-29 20:36:14 UTC,-73.982892,40.760339,-73.968464,40.763582
22.5,2012-12-18 14:09:55 UTC,-74.006383,40.743201,-74.017471,40.735076
16.7,2012-01-24 23:41:56 UTC,-73.976292,40.731074,-73.974168,40.731583
21.8,2012-08-24 07:21:51 UTC,-73.978638,40.783408,-73.990565,40.780186
20.1,2013-05-06 15:11:08 UTC,-73.96064,40.812138,-73.968989,40.808736
19.6,2012-10-11 15:09:08 UTC,-73.962855,40.754052,-73.970138,40.757221
20.3,2013-04-09 02:26:59 UTC,-73.96897,40.778181,-73.970287,40.769024
21.7,2013-09-17 18:42:37 UTC,-73.972115,40.760301,-73.970361,40.748253
21.7,2012-10-07 14:28:46 UTC,-73.981465,40.772665,-73.992532,40.777692
19.0,2012-05-16 04:13:52 UTC,-73.967809,40.715064,-73.971944,40.709747
20.9,2012-03-25 22:43:51 UTC,-74.002247,40.735356,-74.012158,40.731906
26.6,2012-10-20 23:19:46 UTC,-74.026979,40.761864,-74.037332,40.742576
23.1,2013-03-30 23:16:24 UTC,-73.956762,40.786375,-73.945426,40.796006
23.1,2013-01-04 17:58:27 UTC,-73.966517,40.725456,-73.980437,40.730696
19.2,2013-12-18 04:53:43 UTC,-73.98254,40.689001,-73.981793,40.696082
24.3,2012-03-01 07:37:27 UTC,-73.958509,40.735052,-73.941528,40.738925
25.3,2012-04-04 05:43:14 UTC,-73.99463,40.780304,-73.982568,40.765144
18.0,2013-01-17 08:50:52 UTC,-73.99411,40.702483,-73.989856,40.704773
18.7,2013-11-23 12:12:07 UTC,-73.996883,40.714692,-73.997045,40.708601
21.7,2012-09-26 12:35:05 UTC,-73.968648,40.754678,-73.961281,40.745049
18.7,2012-06-16 11:43:48 UTC,-74.011659,40.746521,-74.007965,40.751521
26.6,2011-09-08 06:25:14 UTC,-73.995339,40.767834,-73.981113,40.784419
23.1,2012-11-19 09:22:51 UTC,-73.974206,40.713138,-73.975543,40.728072
21.5,2011-04-12 08:14:47 UTC,-74.004083,40.740251,-73.994072,40.746472
17.3,2012-11-23 07:15:31 UTC,-73.993206,40.785856,-73.996463,40.785553
25.2,2012-02-08 13:01:54 UTC,-74.024231,40.714213,-74.005296,40.712058
20.2,2013-05-04 02:45:38 UTC,-73.967884,40.794307,-73.969502,40.785262
23.8,2011-06-26 00:40:21 UTC,-73.993757,40.717977,-74.009946,40.71528
20.2,2012-04-21 13:47:27 UTC,-74.001986,40.775481,-74.001209,40.784567
25.5,2011-06-22 05:53:00 UTC,-74.0059,40.738811,-73.998254,40.757043
24.7,2013-01-30 03:02:48 UTC,-73.988364,40.715653,-73.972077,40.707488
26.8,2013-03-08 01:18:19 UTC,-74.011603,40.735093,-74.021565,40.715143
24.7,2011-08-03 21:58:39 UTC,-73.941152,40.766348,-73.958597,40.761039
20.8,2011-11-09 14:51:43 UTC,-74.027695,40.749794,-74.022728,40.758834
26.3,2012-11-05 09:13:26 UTC,-73.989012,40.783554,-73.984355,40.804277
25.3,2011-09-03 13:34:32 UTC,-73.977862,40.793072,-73.991973,40.806173
22.3,2011-09-14 01:18:23 UTC,-73.995508,40.714509,-73.998804,40.727362
20.1,2012-08-11 08:38:15 UTC,-73.975757,40.712312,-73.978605,40.703816
21.4,2013-01-23 02:51:19 UTC,-73.995992,40.710856,-73.987761,40.702642
22.6,2011-09-07 21:47:02 UTC,-73.949398,40.723024,-73.953535,40.709786
19.6,2013-01-15 15:07:08 UTC,-74.002378,40.783126,-74.006733,40.776472
20.2,2011-05-23 20:02:03 UTC,-74.027024,40.766811,-74.025878,40.775952
26.3,2013-03-08 12:43:20 UTC,-74.00597,40.733649,-74.019751,40.749894
25.3,2012-07-06 13:18:38 UTC,-73.97227,40.749667,-73.953262,40.753122
274.9,2011-03-27 19:36:30 UTC,-73.982358,40.792129,-73.973018,40.789578
22.0,2011-04-17 06:45:19 UTC,-73.964957,40.80724,-73.971975,40.796573
21.2,2012-10-12 21:58:43 UTC,-73.969965,40.757782,-73.981141,40.756656
20.9,2013-12-23 01:22:00 UTC,-73.992726,40.670222,-74.003127,40.672253
23.5,2012-07-20 09:52:00 UTC,-73.989782,40.758919,-73.983914,40.744288
22.5,2011-09-13 05:38:48 UTC,-73.987707,40.778042,-73.99781,40.787257
18.1,2013-05-12 06:16:34 UTC,-73.942313,40.756739,-73.944806,40.7525
25.1,2011-05-26 00:03:22 UTC,-73.966184,40.771795,-73.983092,40.78041
18.3,2013-04-22 19:08:29 UTC,-73.942166,40.760712,-73.936754,40.760603
18.9,2012-01-27 07:04:11 UTC,-73.963184,40.712961,-73.957397,40.715933
19.3,2012-03-22 00:14:24 UTC,-73.981272,40.723413,-73.983117,40.716393
17.6,2012-04-10 05:41:45 UTC,-74.000387,40.740365,-73.998452,40.736919
20.7,2013-11-15 07:58:02 UTC,-73.97597,40.781962,-73.968012,40.788383
16.7,2013-08-07 21:25:18 UTC,-73.981217,40.727023,-73.979551,40.725708
22.4,2011-12-30 14:59:38 UTC,-73.981873,40.763677,-73.974064,40.752627
21.5,2011-10-19 20:40:53 UTC,-73.984182,40.759111,-73.995862,40.760227
18.3,2013-03-26 12:35:23 UTC,-74.021049,40.797586,-74.017262,40.801443
22.6,2011-08-21 20:17:14 UTC,-73.954783,40.74875,-73.952849,40.762478
24.0,2011-06-20 07:28:20 UTC,-73.981009,40.697357,-73.968989,40.708883
16.0,2013-09-03 23:56:48 UTC,-74.008285,40.769406,-74.007981,40.76876
18.4,2013-05-05 17:35:30 UTC,-73.970365,40.814142,-73.971338,40.808668
18.6,2011-02-03 01:41:02 UTC,-73.997117,40.771372,-74.002688,40.769088
23.5,2012-08-28 07:51:06 UTC,-73.968757,40.72637,-73.953845,40.721133
27.7,2012-12-16 18:25:27 UTC,-73.962367,40.717542,-73.985929,40.722603
21.4,2012-02-03 13:47:58 UTC,-73.959607,40.721411,-73.954496,40.731828
21.8,2012-02-02 02:49:28 UTC,-73.983218,40.810099,-73.983422,40.822498
17.9,2013-06-10 21:05:48 UTC,-73.988276,40.74018,-73.990112,40.736058
18.7,2013-01-01 13:13:19 UTC,-73.992511,40.730121,-73.995804,40.725
17.8,2011-07-24 02:44:55 UTC,-73.994451,40.745247,-73.99501,40.741043
408.5,2013-10-22 08:44:39 UTC,-73.980345,40.740493,-73.975559,40.721172
22.8,2012-01-03 23:28:02 UTC,-73.984187,40.79703,-73.992137,40.785001
16.3,2012-08-02 17:01:19 UTC,-73.996506,40.719566,-73.995156,40.71922
18.2,2013-08-07 20:14:48 UTC,-74.002876,40.785419,-73.999368,40.789212
21.0,2012-06-27 09:00:37 UTC,-73.982175,40.753663,-73.991713,40.758574
20.3,2011-02-04 18:06:44 UTC,-73.988684,40.786211,-73.983645,40.778406
18.7,2011-03-18 16:00:13 UTC,-74.002827,40.797479,-73.999238,40.792567
19.8,2011-12-15 02:45:23 UTC,-73.963389,40.752544,-73.971378,40.749849
21.9,2011-05-18 12:35:08 UTC,-73.944558,40.740548,-73.956439,40.736737
21.0,2012-09-03 09:39:22 UTC,-73.960748,40.751985,-73.968869,40.758866
22.2,2013-04-18 09:34:01 UTC,-73.994404,40.747157,-73.99305,40.734075
21.4,2013-04-26 08:46:16 UTC,-73.981005,40.700291,-73.981764,40.688798
22.8,2011-05-20 22:20:25 UTC,-73.949191,40.796574,-73.935252,40.79359
22.7,2013-09-16 01:01:04 UTC,-74.003474,40.757374,-74.007145,40.743718
26.1,2011-08-13 21:03:05 UTC,-73.964348,40.715107,-73.973239,40.696102
23.8,2013-09-09 12:18:42 UTC,-74.008962,40.687974,-74.002391,40.67304
20.7,2012-09-12 07:38:12 UTC,-73.946319,40.680172,-73.956119,40.677745
20.7,2012-07-30 05:06:47 UTC,-73.988606,40.773114,-73.996515,40.77942
20.7,2012-05-24 14:51:33 UTC,-73.935419,40.731431,-73.943197,40.737944
32.6,2012-05-26 22:47:48 UTC,-73.945439,40.736353,-73.975412,40.752232
18.5,2012-08-22 14:34:03 UTC,-73.982129,40.764645,-73.97646,40.765661
20.5,2011-06-21 04:16:30 UTC,-73.994388,40.734519,-73.984988,40.736881
20.4,2012-01-29 21:49:26 UTC,-73.976104,40.766396,-73.966938,40.763892
25.1,2011-08-22 05:55:05 UTC,-73.983603,40.752858,-73.964749,40.75084
28.5,2011-02-21 14:03:56 UTC,-73.988031,40.747476,-73.972961,40.768282
17.8,2012-11-26 07:06:50 UTC,-74.013162,40.702817,-74.016502,40.705431
21.4,2013-04-05 16:52:44 UTC,-73.990291,40.725408,-73.979199,40.728891
21.4,2013-11-02 17:29:54 UTC,-74.00221,40.768076,-74.003186,40.756625
18.6,2012-12-15 12:50:23 UTC,-73.968967,40.729539,-73.973227,40.733644
20.6,2011-02-26 23:53:04 UTC,-73.960179,40.786161,-73.967734,40.792744
21.3,2011-10-02 22:12:04 UTC,-73.965186,40.820392,-73.967863,40.831495
19.2,2011-02-13 13:37:21 UTC,-73.973152,40.769692,-73.969863,40.775992
23.6,2011-08-25 04:28:53 UTC,-73.997058,40.794785,-73.981247,40.793518
19.4,2011-02-07 13:46:13 UTC,-73.975892,40.771622,-73.968606,40.769928
19.5,2013-01-16 10:08:37 UTC,-73.964145,40.733972,-73.971858,40.733251
20.9,2012-03-23 14:43:05 UTC,-73.991725,40.756005,-74.002166,40.757076
22.6,2013-12-24 15:51:14 UTC,-73.97762,40.8104,-73.971935,40.823076
22.6,2011-08-14 16:02:02 UTC,-73.982909,40.734293,-73.973885,40.74502
22.8,2011-10-20 16:54:48 UTC,-73.946753,40.71882,-73.934478,40.726349
25.9,2013-01-25 05:00:06 UTC,-73.962969,40.715974,-73.965657,40.736266
29.1,2013-10-03 06:18:51 UTC,-73.967817,40.743474,-73.963122,40.716912
20.5,2012-07-20 13:12:19 UTC,-74.014334,40.719896,-74.005776,40.715295
22.4,2012-08-24 08:40:47 UTC,-73.976543,40.800221,-73.990054,40.800108
19.3,2013-10-26 17:33:58 UTC,-73.9831,40.756491,-73.980323,40.749768
22.1,2012-11-22 08:18:05 UTC,-73.983273,40.779152,-73.97423,40.769854
24.6,2013-06-16 14:16:15 UTC,-74.011268,40.74104,-74.006164,40.723868
17.2,2011-03-26 07:09:09 UTC,-74.001755,40.715794,-74.002562,40.712681
29.4,2013-01-23 09:08:27 UTC,-73.98136,40.710718,-73.955261,40.719658
26.0,2012-02-12 18:32:03 UTC,-73.957713,40.72276,-73.938408,40.7305
19.4,2012-07-07 11:17:22 UTC,-73.99181,40.760426,-73.991717,40.752904
17.1,2013-03-20 01:29:08 UTC,-73.987999,40.765596,-73.989896,40.767799
23.3,2013-09-13 09:33:39 UTC,-73.944378,40.768096,-73.937375,40.781672
23.2,2013-01-09 17:11:30 UTC,-73.985936,40.70534,-73.986512,40.690139
22.0,2012-04-01 18:45:45 UTC,-73.982576,40.749988,-73.96986,40.748399
22.1,2013-11-06 01:39:04 UTC,-73.982305,40.719218,-73.994977,40.722083
16.8,2011-08-19 21:47:15 UTC,-74.00691,40.762044,-74.009317,40.762144
21.1,2012-08-15 21:26:06 UTC,-73.968564,40.764372,-73.961712,40.772879
24.6,2012-01-27 07:22:31 UTC,-73.993058,40.714835,-73.98302,40.699857
24.6,2013-01-16 14:17:37 UTC,-73.980601,40.779041,-73.995411,40.768983
21.5,2013-04-01 11:14:27 UTC,-73.971113,40.820165,-73.980653,40.826985
27.6,2013-08-09 19:08:07 UTC,-73.941149,40.775045,-73.957911,40.758023
21.6,2011-04-20 18:50:07 UTC,-74.006355,40.745115,-74.015087,40.753233
22.4,2011-08-14 03:30:37 UTC,-73.9627,40.740504,-73.975473,40.745002
20.2,2011-04-09 18:42:28 UTC,-73.962626,40.743728,-73.957234,40.751147
18.2,2012-10-13 13:29:29 UTC,-73.992764,40.727178,-73.990474,40.722485
18.3,2013-10-16 17:23:31 UTC,-73.96801,40.757572,-73.969548,40.76267
21.5,2011-03-29 02:22:10 UTC,-73.947131,40.715846,-73.94687,40.704123
22.0,2012-08-08 17:35:59 UTC,-73.995299,40.693309,-73.983357,40.689164
20.8,2013-03-07 05:58:52 UTC,-73.975171,40.756588,-73.985593,40.756951
26.3,2013-08-30 19:04:19 UTC,-73.971904,40.750637,-73.991206,40.741649
19.3,2013-11-03 07:47:12 UTC,-73.969316,40.732865,-73.962211,40.735046
21.7,2013-03-02 14:50:00 UTC,-73.964614,40.711519,-73.968524,40.700077
20.9,2013-09-08 01:49:50 UTC,-73.976674,40.758692,-73.986858,40.761379
24.8,2013-01-13 02:54:25 UTC,-73.969731,40.720295,-73.964191,40.737713
27.3,2011-07-25 08:07:48 UTC,-73.998229,40.745832,-74.017906,40.733265
19.9,2012-09-23 15:41:20 UTC,-73.97672,40.802949,-73.985296,40.802724
30.1,2012-06-05 23:37:21 UTC,-73.989527,40.769536,-74.013413,40.753356
20.0,2011-04-23 15:46:53 UTC,-74.004597,40.708926,-74.002006,40.700596
24.2,2013-01-03 01:28:42 UTC,-73.990183,40.711754,-73.974446,40.718774
19.2,2011-11-14 03:20:59 UTC,-73.974611,40.754555,-73.980343,40.750248
21.1,2012-09-15 20:03:00 UTC,-73.971284,40.70874,-73.979199,40.716164
24.7,2013-06-16 08:54:56 UTC,-74.005369,40.689948,-73.987524,40.693507
18.8,2011-02-14 17:47:47 UTC,-73.998754,40.765971,-73.992479,40.765326
28.6,2013-10-13 09:40:10 UTC,-73.965507,40.759628,-73.941702,40.749334
19.2,2012-12-30 03:41:34 UTC,-73.969837,40.763518,-73.968229,40.770373
17.5,2013-12-26 08:34:49 UTC,-73.962258,40.757891,-73.959992,40.760932
26.1,2013-05-21 21:07:14 UTC,-73.952643,40.748041,-73.938195,40.73276
20.5,2011-10-28 06:18:39 UTC,-73.969242,40.730134,-73.970729,40.720489
29.5,2013-10-01 12:55:47 UTC,-73.988296,40.765484,-73.985824,40.737794
29.5,2013-05-10 08:41:05 UTC,-73.977703,40.795897,-74.001916,40.78224
24.5,2012-04-03 08:37:39 UTC,-73.946802,40.734963,-73.929425,40.731829
21.3,2011-01-08 11:57:39 UTC,-73.924711,40.719378,-73.920802,40.708819
19.8,2011-07-14 12:18:33 UTC,-73.970738,40.715946,-73.971812,40.70763
23.9,2013-12-08 15:35:17 UTC,-73.969289,40.723998,-73.960215,40.737904
23.5,2013-08-31 01:12:26 UTC,-73.965486,40.756078,-73.9773,40.766366
20.1,2012-07-24 20:51:16 UTC,-73.979524,40.685811,-73.985038,40.678864
20.5,2013-02-21 19:04:06 UTC,-73.956723,40.763175,-73.95119,40.77111
21.7,2011-04-06 17:26:25 UTC,-73.959839,40.769317,-73.959399,40.781466
19.4,2012-06-23 17:01:19 UTC,-73.972912,40.696058,-73.968446,40.702243
17.6,2012-08-02 12:23:47 UTC,-73.98636,40.720625,-73.983867,40.723614
22.0,2013-01-11 07:47:44 UTC,-74.010414,40.75239,-74.004108,40.763374
23.3,2013-01-02 03:01:40 UTC,-73.965352,40.745696,-73.97856,40.753391
24.4,2011-10-01 16:07:57 UTC,-73.975743,40.765589,-73.962961,40.753458
18.2,2012-06-10 08:16:22 UTC,-73.994755,40.745766,-73.999594,40.743877
18.4,2012-12-06 05:28:26 UTC,-74.002598,40.787943,-74.002021,40.782422
22.1,2011-03-05 01:17:41 UTC,-73.966771,40.740365,-73.972779,40.75189
18.9,2011-11-26 05:58:43 UTC,-74.012025,40.720509,-74.014899,40.714705
19.6,2013-11-06 12:51:59 UTC,-73.974007,40.718097,-73.971716,40.710575
21.9,2012-05-10 09:26:52 UTC,-73.963129,40.772064,-73.955777,40.782331
20.3,2012-03-25 01:30:22 UTC,-73.969002,40.750889,-73.95999,40.753485
26.4,2012-12-11 05:32:11 UTC,-73.987815,40.769011,-73.98349,40.790129
20.9,2012-01-28 09:16:49 UTC,-74.004987,40.768394,-74.010945,40.759771
18.8,2013-01-13 06:40:09 UTC,-73.96826,40.689405,-73.964565,40.684216
21.4,2013-11-01 14:30:14 UTC,-73.95599,40.715798,-73.953587,40.727017
22.0,2011-01-28 03:35:54 UTC,-73.991455,40.719381,-73.990864,40.70659
22.8,2013-04-12 11:56:33 UTC,-73.969862,40.725518,-73.96452,40.738715
24.4,2013-11-28 05:43:50 UTC,-73.94837,40.737389,-73.961127,40.725315
26.2,2013-06-10 20:25:45 UTC,-73.973223,40.779974,-73.993492,40.786077
26.6,2012-03-28 00:00:52 UTC,-73.987938,40.785954,-73.976038,40.767524
16.3,2011-09-19 04:01:56 UTC,-73.959183,40.741213,-73.960497,40.741665
22.8,2011-09-02 04:25:40 UTC,-73.994751,40.742462,-73.990592,40.728766
26.2,2012-05-15 14:12:11 UTC,-74.005964,40.728837,-74.014639,40.7481
23.9,2013-12-25 03:58:26 UTC,-73.963754,40.752676,-73.951131,40.741959
20.1,2011-09-23 12:43:01 UTC,-73.988123,40.756076,-73.984622,40.747787
18.5,2011-08-06 14:45:56 UTC,-73.98633,40.774194,-73.988126,40.779549
19.0,2013-09-01 12:07:20 UTC,-73.992539,40.773953,-73.989681,40.767944
25.0,2013-07-06 13:32:44 UTC,-73.989456,40.680936,-74.006873,40.687936
19.6,2011-04-01 07:49:21 UTC,-73.951939,40.745424,-73.948208,40.738315
24.0,2012-12-02 08:44:34 UTC,-73.94675,40.791523,-73.931882,40.783643
17.2,2012-12-22 09:04:26 UTC,-73.9441,40.736857,-73.940948,40.736581
21.8,2013-08-15 07:55:38 UTC,-73.958198,40.784177,-73.956336,40.772008
18.2,2011-05-23 09:25:52 UTC,-73.970675,40.740806,-73.973845,40.74477
22.6,2011-02-13 06:27:59 UTC,-74.008646,40.755248,-73.997818,40.764021
22.4,2012-02-27 10:31:12 UTC,-73.98375,40.715893,-73.97144,40.721423
19.5,2011-01-18 06:05:54 UTC,-73.936865,40.717023,-73.941184,40.723455
25.4,2012-11-02 07:19:32 UTC,-73.988712,40.771765,-73.985126,40.752516
18.2,2012-02-28 07:50:34 UTC,-73.949717,40.776455,-73.947395,40.771838
17.9,2013-04-16 02:46:13 UTC,-73.978899,40.750793,-73.974882,40.748522
23.9,2011-05-29 14:23:16 UTC,-74.033563,40.713174,-74.04129,40.727719
22.0,2013-07-02 01:11:15 UTC,-73.96719,40.751314,-73.955763,40.745501
27.5,2011-09-17 01:27:45 UTC,-73.954675,40.787717,-73.949023,40.7647
23.5,2011-07-24 06:09:23 UTC,-73.98098,40.802286,-73.968956,40.792246
22.1,2013-12-24 20:24:27 UTC,-73.955339,40.740499,-73.966492,40.733887
27.6,2012-06-01 01:02:45 UTC,-74.013357,40.700204,-74.023922,40.678639
27.0,2013-09-05 17:05:13 UTC,-74.007711,40.775211,-73.987117,40.784898
25.4,2011-03-08 15:00:43 UTC,-73.975903,40.741721,-73.964431,40.726025
20.3,2011-03-04 13:18:53 UTC,-73.970458,40.778291,-73.978609,40.782751
22.6,2011-07-11 18:08:06 UTC,-73.952868,40.758432,-73.944187,40.747508
23.5,2013-05-27 04:49:40 UTC,-73.967222,40.723497,-73.97188,40.738567
24.2,2011-09-02 06:08:03 UTC,-74.003873,40.751747,-74.02086,40.748986
26.4,2013-06-29 02:01:55 UTC,-73.975739,40.78925,-73.996742,40.784459
18.3,2011-09-04 08:39:58 UTC,-73.967985,40.745525,-73.968205,40.750808
24.9,2011-11-20 01:45:28 UTC,-74.017485,40.718956,-74.001877,40.708883
23.8,2011-03-07 01:26:59 UTC,-73.980873,40.702341,-73.965659,40.708096
22.4,2011-04-28 06:43:37 UTC,-73.986712,40.726835,-73.97411,40.722018
20.7,2011-02-05 18:26:44 UTC,-73.993094,40.737696,-73.984794,40.73175
17.3,2011-04-08 07:18:40 UTC,-73.970024,40.7746,-73.966851,40.773724
23.6,2012-06-21 03:30:15 UTC,-74.002994,40.716375,-73.991474,40.705478
25.7,2012-07-16 09:37:47 UTC,-73.971662,40.796613,-73.991771,40.794704
20.9,2012-06-05 12:08:38 UTC,-73.96881,40.709885,-73.958912,40.71328
28.5,2012-07-29 18:11:12 UTC,-73.958325,40.819945,-73.969535,40.796857
22.7,2013-01-09 09:52:38 UTC,-74.002468,40.801766,-74.011596,40.812679
21.0,2011-03-22 17:42:46 UTC,-74.010105,40.754235,-74.003146,40.762395
1.4,2012-05-20 05:49:15 UTC,-73.974422,40.700569,-73.965135,40.682023
26.1,2011-09-14 10:51:36 UTC,-73.985725,40.748337,-73.991823,40.728233
20.9,2013-12-07 22:00:18 UTC,-73.921947,40.738395,-73.915485,40.746814
20.4,2013-12-05 02:01:55 UTC,-73.97083,40.711771,-73.965201,40.719417
19.1,2013-01-10 16:27:17 UTC,-73.978837,40.75873,-73.981943,40.764961
22.8,2013-01-06 14:21:40 UTC,-73.983457,40.725291,-73.981918,40.711021
29.5,2011-10-10 22:36:31 UTC,-74.004361,40.728553,-73.983552,40.746839
19.7,2013-06-06 09:19:24 UTC,-73.968722,40.74389,-73.971538,40.73634
17.4,2013-05-02 13:21:52 UTC,-73.981583,40.732753,-73.984054,40.735148
17.1,2011-12-30 10:54:06 UTC,-73.981566,40.812345,-73.980066,40.814862
23.6,2012-04-10 06:55:19 UTC,-73.978111,40.733929,-73.979941,40.749858
19.6,2011-03-16 11:57:15 UTC,-73.975576,40.763226,-73.967671,40.764478
23.3,2012-05-17 18:10:15 UTC,-74.014785,40.754366,-74.000093,40.758524
16.9,2012-11-30 11:58:39 UTC,-73.96326,40.760583,-73.965726,40.759811
23.0,2013-04-14 01:59:37 UTC,-73.996929,40.762873,-74.005497,40.750907
30.9,2012-11-22 23:28:46 UTC,-73.982761,40.776441,-73.963012,40.753254
16.3,2012-09-13 01:19:17 UTC,-73.954282,40.757993,-73.953084,40.758319
26.7,2013-09-04 01:00:19 UTC,-73.944411,40.756747,-73.961456,40.742623
25.1,2011-10-17 08:40:47 UTC,-74.01401,40.751754,-73.995387,40.755256
21.3,2011-01-23 05:43:02 UTC,-73.979395,40.745847,-73.968133,40.747335
23.7,2011-11-14 11:29:30 UTC,-73.974542,40.722646,-73.958528,40.72389
24.5,2013-05-04 00:40:19 UTC,-74.010151,40.748174,-73.995808,40.737645
29.8,2013-10-26 10:34:03 UTC,-73.963948,40.757238,-73.937498,40.767603
21.3,2013-05-10 05:00:39 UTC,-73.977675,40.762065,-73.988044,40.766813
22.8,2012-01-27 05:16:18 UTC,-73.976117,40.755409,-73.984073,40.743592
26.3,2012-12-03 00:14:44 UTC,-73.998351,40.743011,-74.003274,40.763697
18.4,2011-10-14 20:02:01 UTC,-73.971742,40.748288,-73.976951,40.74618
22.3,2011-10-18 08:58:15 UTC,-73.963236,40.733391,-73.962006,40.720048
20.1,2013-12-04 18:58:49 UTC,-73.977454,40.759397,-73.982353,40.751813
25.2,2012-04-20 11:32:19 UTC,-73.990279,40.743366,-74.002174,40.728277
23.7,2013-09-26 16:20:59 UTC,-73.988721,40.755417,-73.997466,40.769011
21.2,2012-07-17 21:38:40 UTC,-73.975592,40.780024,-73.97853,40.790829
22.4,2011-05-03 09:35:21 UTC,-73.979024,40.728719,-73.967581,40.736114
19.6,2013-04-18 06:07:25 UTC,-73.961904,40.767901,-73.967657,40.773412
23.1,2012-08-22 23:39:47 UTC,-73.989605,40.750996,-73.981505,40.76348
22.3,2013-07-31 07:53:08 UTC,-74.004368,40.810636,-74.01758,40.808216
31.8,2013-02-09 21:20:30 UTC,-73.972812,40.743511,-74.004801,40.747738
19.7,2012-03-07 14:23:03 UTC,-73.989551,40.770855,-73.990882,40.762736
18.8,2012-05-23 15:09:42 UTC,-73.964326,40.750461,-73.970426,40.748926
20.6,2012-10-30 12:14:05 UTC,-73.979849,40.708351,-73.988667,40.712852
31.8,2013-03-26 14:42:19 UTC,-73.966904,40.734379,-73.976892,40.703568
20.3,2013-12-19 01:43:15 UTC,-74.000286,40.776414,-74.007361,40.770217
20.6,2011-01-19 01:48:13 UTC,-73.977132,40.737019,-73.987006,40.738669
20.1,2012-04-16 15:31:36 UTC,-73.993985,40.683392,-74.002953,40.682617
22.8,2012-04-02 16:44:47 UTC,-74.004407,40.749058,-74.017996,40.744534
26.7,2013-09-10 03:55:28 UTC,-73.997222,40.71723,-74.018516,40.723121
27.2,2012-10-30 15:22:26 UTC,-73.99089,40.753955,-74.012984,40.746877
29.4,2013-09-29 06:48:53 UTC,-73.955106,40.796534,-73.930495,40.784315
21.6,2011-04-19 03:13:41 UTC,-73.991419,40.773084,-73.992051,40.784921
24.9,2012-04-02 11:33:25 UTC,-74.005431,40.7961,-73.990185,40.806526
18.8,2012-06-03 20:13:06 UTC,-73.97737,40.733155,-73.979146,40.727163
16.4,2012-01-26 08:02:13 UTC,-73.979416,40.745705,-73.980859,40.745018
20.1,2013-07-01 17:43:21 UTC,-73.989841,40.718667,-73.986774,40.727127
18.8,2012-07-11 12:13:08 UTC,-73.983224,40.729479,-73.976824,40.729919
22.4,2012-10-27 01:10:16 UTC,-73.960475,40.722193,-73.972942,40.727496
18.7,2011-10-22 17:12:04 UTC,-73.966586,40.710798,-73.970384,40.715554
17.8,2012-06-18 23:23:28 UTC,-73.968315,40.790976,-73.965268,40.787784
25.6,2011-04-21 07:25:14 UTC,-74.003674,40.687241,-74.023009,40.6924
23.7,2013-02-07 16:46:45 UTC,-73.922269,40.791104,-73.909296,40.781455
21.3,2011-11-30 09:33:58 UTC,-73.958975,40.787382,-73.948347,40.791325
26.1,2012-01-17 16:04:30 UTC,-73.969659,40.764994,-73.990677,40.764253
20.4,2012-10-16 19:42:04 UTC,-74.003286,40.716565,-74.012076,40.712958
21.9,2012-04-20 00:10:42 UTC,-73.961045,40.702535,-73.959997,40.690067
19.9,2012-10-24 07:01:14 UTC,-73.990023,40.733548,-73.981604,40.734864
23.3,2013-05-04 21:08:46 UTC,-73.983885,40.768754,-73.968624,40.769139
20.9,2012-09-07 15:58:45 UTC,-74.013616,40.750092,-74.019989,40.741696
29.8,2012-10-31 12:08:00 UTC,-74.00483,40.718695,-73.981448,40.702726
23.9,2011-02-28 05:07:58 UTC,-73.971229,40.784446,-73.971717,40.768001
17.3,2013-06-09 19:17:26 UTC,-73.959875,40.800531,-73.962117,40.797991
18.8,2013-09-04 16:31:52 UTC,-73.966302,40.743202,-73.960685,40.746267
25.0,2011-10-28 21:35:35 UTC,-73.966984,40.75328,-73.963876,40.77178
16.9,2012-12-25 13:31:30 UTC,-73.981295,40.704735,-73.978746,40.704283
28.5,2011-06-14 15:45:45 UTC,-73.988134,40.737568,-73.968173,40.721315
17.2,2013-08-31 23:24:45 UTC,-73.974222,40.765313,-73.971748,40.763244
23.6,2011-06-28 02:16:45 UTC,-73.963572,40.760646,-73.973415,40.773159
21.0,2011-10-28 21:03:10 UTC,-73.979903,40.73477,-73.9883,40.727942
24.9,2011-02-16 14:29:23 UTC,-73.955795,40.741773,-73.941069,40.752959
19.2,2012-03-02 01:22:30 UTC,-73.984301,40.736584,-73.977463,40.738341
24.1,2012-02-25 12:32:06 UTC,-73.999606,40.741646,-74.015169,40.748115
27.9,2011-09-20 09:37:51 UTC,-73.980207,40.762697,-73.996262,40.781286
24.8,2012-03-03 12:23:27 UTC,-73.977881,40.690974,-73.97763,40.672601
21.1,2011-04-17 17:33:47 UTC,-73.981641,40.74777,-73.975476,40.756735
19.1,2011-02-12 17:41:30 UTC,-73.954387,40.760499,-73.961167,40.759552
25.3,2011-07-07 00:50:15 UTC,-73.963894,40.732885,-73.980696,40.723394
21.3,2011-03-28 20:40:33 UTC,-74.008619,40.73562,-74.019871,40.734614
27.4,2011-12-11 23:41:05 UTC,-73.949313,40.736488,-73.932855,40.753398
22.8,2013-11-20 04:39:39 UTC,-74.034828,40.735629,-74.029859,40.748978
26.8,2012-02-18 04:11:06 UTC,-73.93698,40.750177,-73.926979,40.730169
22.6,2012-06-08 16:03:49 UTC,-73.985746,40.75387,-73.974096,40.746172
21.3,2013-01-15 02:11:00 UTC,-73.983791,40.686985,-73.990051,40.696414
17.5,2013-11-06 07:31:19 UTC,-73.9812,40.769586,-73.984931,40.769369
16.5,2012-03-10 16:33:34 UTC,-73.972296,40.7413,-73.973976,40.74112
23.7,2012-04-27 05:41:23 UTC,-73.980005,40.807989,-73.975838,40.792306
22.2,2012-11-24 17:49:45 UTC,-73.982668,40.714251,-73.971773,40.706796
27.2,2012-03-07 06:32:48 UTC,-73.953822,40.723981,-73.935123,40.710399
24.8,2013-09-09 04:26:00 UTC,-73.968688,40.743913,-73.960545,40.72738
1.0,2013-04-06 16:09:30 UTC,-73.999176,40.762397,-73.99096,40.749819
26.3,2012-04-12 01:54:47 UTC,-73.965187,40.691477,-73.94592,40.682196
19.6,2012-06-10 12:49:59 UTC,-73.969518,40.725127,-73.971568,40.717516
22.9,2013-10-08 21:13:49 UTC,-73.990905,40.76774,-73.979015,40.759318
21.5,2012-03-25 01:34:36 UTC,-73.964157,40.721556,-73.958374,40.731761
21.1,2013-04-01 14:11:08 UTC,-73.983151,40.791101,-73.977002,40.782029
22.8,2013-01-31 13:28:52 UTC,-73.984433,40.736383,-73.986579,40.750645
23.0,2012-03-31 15:02:01 UTC,-73.984978,40.723019,-73.998921,40.718179
18.4,2013-06-30 18:29:40 UTC,-74.028562,40.768307,-74.025114,40.772699
18.6,2012-02-04 21:57:27 UTC,-73.990534,40.798229,-73.987043,40.80294
21.0,2012-10-11 18:44:17 UTC,-73.965737,40.762492,-73.971491,40.753513
17.3,2013-03-25 03:08:35 UTC,-73.980448,40.787813,-73.981416,40.784532
20.7,2011-01-29 15:27:20 UTC,-74.005704,40.800299,-74.014523,40.79527
20.4,2012-07-29 14:55:01 UTC,-73.960707,40.722344,-73.969441,40.726069
18.1,2012-01-15 13:34:53 UTC,-73.985972,40.778152,-73.990782,40.776863
23.3,2012-02-16 22:35:30 UTC,-74.004432,40.704296,-74.017716,40.696812
18.6,2012-12-27 08:16:45 UTC,-73.93588,40.762747,-73.941715,40.763938
19.6,2013-12-08 00:41:22 UTC,-74.001063,40.74786,-73.993926,40.751257
27.4,2012-04-17 18:23:56 UTC,-73.96241,40.787289,-73.947849,40.805789
26.0,2013-10-23 11:34:14 UTC,-73.995386,40.785168,-73.974632,40.785849
17.6,2013-02-13 18:06:04 UTC,-73.977283,40.767094,-73.981285,40.767194
22.0,2011-02-27 07:20:47 UTC,-73.998044,40.758953,-73.986043,40.763237
20.7,2011-02-17 18:56:46 UTC,-74.004786,40.765251,-74.001424,40.755757
24.3,2013-04-18 04:22:10 UTC,-73.969556,40.751853,-73.971929,40.734598
18.2,2011-11-26 20:54:58 UTC,-73.971894,40.748164,-73.967872,40.745043
23.3,2013-07-04 00:39:34 UTC,-73.957107,40.793277,-73.946086,40.803998
22.3,2013-04-09 03:26:18 UTC,-73.980688,40.796887,-73.985671,40.809222
25.4,2012-03-02 04:28:55 UTC,-73.935593,40.74575,-73.940806,40.726956
19.5,2013-10-30 23:58:54 UTC,-73.974633,40.757129,-73.978731,40.76379
27.0,2013-02-11 11:58:12 UTC,-73.968665,40.75245,-73.974932,40.730602
22.1,2011-03-27 07:14:12 UTC,-74.007169,40.701649,-73.99518,40.706241
19.9,2012-10-02 21:37:42 UTC,-73.992282,40.739907,-73.99992,40.743901
24.7,2013-12-11 00:10:57 UTC,-73.969606,40.797991,-73.975483,40.780751
20.9,2013-01-16 07:21:34 UTC,-73.981685,40.727507,-73.978573,40.737507
24.4,2013-08-13 18:43:05 UTC,-73.976246,40.813436,-73.973943,40.830875
17.7,2013-10-28 04:41:53 UTC,-73.99633,40.785164,-74.000428,40.784539
24.1,2011-04-22 11:16:37 UTC,-73.977561,40.762045,-73.960725,40.763455
23.7,2011-09-22 09:19:13 UTC,-73.977629,40.766825,-73.983935,40.781616
21.3,2013-02-20 16:26:24 UTC,-74.003609,40.722484,-74.00532,40.71122
26.7,2013-09-02 03:33:15 UTC,-73.967149,40.742043,-73.986417,40.731032
20.1,2012-02-21 02:22:10 UTC,-74.014001,40.793242,-74.017051,40.784848
22.2,2013-08-11 17:46:40 UTC,-73.976315,40.731564,-73.989545,40.731935
20.2,2012-03-03 17:04:23 UTC,-73.944688,40.781834,-73.953851,40.782178
25.8,2012-02-17 07:02:01 UTC,-73.966389,40.708689,-73.985948,40.703156
20.3,2012-02-07 07:01:18 UTC,-73.966514,40.714055,-73.975439,40.71105
18.4,2011-03-06 21:44:54 UTC,-73.997949,40.807042,-73.998699,40.801646
18.4,2012-09-19 16:34:40 UTC,-73.944619,40.749645,-73.947061,40.744727
20.0,2012-02-05 20:20:52 UTC,-73.952466,40.733845,-73.956613,40.72616
19.8,2012-09-15 15:21:10 UTC,-73.996872,40.790882,-74.000121,40.783278
26.0,2012-02-22 16:14:49 UTC,-73.989495,40.787375,-73.994545,40.767365
16.8,2012-05-23 09:37:31 UTC,-73.954907,40.777623,-73.955253,40.775386
25.4,2012-06-26 04:43:27 UTC,-73.944077,40.732903,-73.945179,40.713347
19.6,2012-11-01 05:13:57 UTC,-74.005294,40.741392,-74.002544,40.748898
18.6,2011-09-29 06:01:37 UTC,-74.000074,40.759349,-74.002084,40.75375
17.9,2013-06-01 07:42:24 UTC,-73.982876,40.770832,-73.987212,40.769638
19.9,2011-05-24 17:12:58 UTC,-74.023422,40.734745,-74.01564,40.731013
18.9,2011-08-17 01:10:00 UTC,-73.979619,40.755122,-73.97359,40.752681
22.0,2011-10-01 13:12:31 UTC,-73.956285,40.758022,-73.956609,40.770655
24.7,2012-08-05 07:49:06 UTC,-74.008773,40.788603,-73.996822,40.775088
23.8,2012-01-07 16:15:42 UTC,-73.977458,40.772634,-73.976631,40.756401
16.6,2013-03-29 00:52:28 UTC,-73.991635,40.704796,-73.993247,40.70599
18.1,2012-02-21 08:18:20 UTC,-73.947201,40.743591,-73.947887,40.738632
17.6,2011-10-24 20:24:41 UTC,-73.991396,40.722136,-73.989745,40.725733
21.5,2012-09-23 22:10:32 UTC,-73.94962,40.767043,-73.958792,40.774208
26.5,2012-10-26 07:51:11 UTC,-73.991949,40.777695,-74.010685,40.766631
19.0,2011-06-09 00:09:03 UTC,-73.964576,40.753047,-73.961762,40.759081
22.2,2012-02-03 18:05:26 UTC,-73.974961,40.741956,-73.966621,40.731737
20.7,2012-08-03 17:27:34 UTC,-73.982765,40.752075,-73.992775,40.752821
23.8,2012-01-14 21:33:03 UTC,-73.995811,40.756268,-73.98508,40.743898
23.9,2011-08-21 18:25:41 UTC,-73.973538,40.730797,-73.990003,40.732118
18.4,2012-12-26 14:32:42 UTC,-73.988811,40.713439,-73.994399,40.71323
25.8,2012-08-12 09:50:23 UTC,-73.993795,40.688496,-73.976735,40.677467
22.7,2012-12-25 15:07:31 UTC,-73.950546,40.788015,-73.946986,40.774431
19.7,2013-09-11 06:18:06 UTC,-73.969049,40.764891,-73.972074,40.772397
18.2,2013-12-06 07:13:00 UTC,-73.967127,40.760875,-73.964604,40.756345
23.5,2012-01-16 12:02:52 UTC,-73.987832,40.787956,-73.975869,40.798076
23.4,2012-08-26 05:50:14 UTC,-73.98372,40.712336,-73.998171,40.706902
24.9,2011-04-10 20:02:03 UTC,-73.984972,40.697931,-73.971793,40.710953
21.0,2011-01-10 07:11:53 UTC,-73.973255,40.761527,-73.978156,40.752043
23.8,2013-01-31 02:26:49 UTC,-73.967164,40.758798,-73.96008,40.773526
18.8,2011-04-07 13:53:22 UTC,-73.980605,40.698061,-73.986747,40.699805
24.3,2013-09-17 12:56:11 UTC,-73.995853,40.760786,-73.979016,40.764784
20.7,2012-10-22 12:46:41 UTC,-73.964789,40.737993,-73.9651,40.727953
23.2,2013-02-03 05:40:41 UTC,-73.979332,40.725787,-73.99262,40.73308
20.1,2013-03-01 13:10:06 UTC,-74.008817,40.739997,-74.004116,40.747637
22.3,2012-11-01 23:25:29 UTC,-74.022706,40.676754,-74.009694,40.67351
27.8,2012-03-05 05:04:04 UTC,-73.974042,40.732259,-73.962159,40.710919
21.2,2011-07-08 18:50:37 UTC,-73.996589,40.728871,-73.995654,40.717738
22.5,2012-07-26 09:22:45 UTC,-73.971379,40.766713,-73.963258,40.755578
18.7,2012-06-25 02:27:32 UTC,-73.995512,40.745253,-73.999728,40.749747
19.4,2013-01-15 02:04:56 UTC,-73.977336,40.769166,-73.971426,40.764516
18.5,2013-04-30 09:57:56 UTC,-73.987568,40.673514,-73.98394,40.669058
30.4,2013-02-07 05:08:59 UTC,-73.944962,40.724827,-73.973914,40.719164
24.5,2013-04-06 13:41:33 UTC,-73.960994,40.76668,-73.971,40.781373
16.7,2011-04-11 00:24:41 UTC,-73.953054,40.740734,-73.950976,40.741188
16.9,2011-01-29 21:58:08 UTC,-73.979519,40.775364,-73.977869,40.777341
18.7,2011-09-11 02:14:03 UTC,-73.963553,40.695862,-73.963844,40.689668
16.1,2013-01-18 05:19:48 UTC,-73.978167,40.771933,-73.977273,40.771637
23.4,2012-06-18 04:46:07 UTC,-73.950608,40.730826,-73.938531,40.721069
18.1,2011-02-02 06:21:04 UTC,-73.981451,40.727914,-73.97791,40.731351
28.6,2013-01-19 14:20:24 UTC,-74.00795,40.779731,-74.031276,40.768266
26.1,2011-01-17 23:49:06 UTC,-74.019972,40.784857,-74.000495,40.792299
25.8,2012-09-21 17:59:18 UTC,-73.946634,40.781041,-73.965699,40.773691
22.4,2012-09-19 06:39:44 UTC,-73.97043,40.811159,-73.960848,40.820643
28.0,2012-05-12 23:10:40 UTC,-73.969115,40.788004,-73.984758,40.807077
22.7,2012-03-24 21:31:39 UTC,-73.950207,40.726137,-73.935973,40.726148
22.3,2011-05-10 14:20:23 UTC,-74.013035,40.754249,-74.015815,40.767365
19.9,2013-03-28 16:46:51 UTC,-73.987172,40.739194,-73.983329,40.746709
27.9,2012-05-14 08:34:19 UTC,-73.984721,40.810873,-74.004583,40.796545
19.3,2012-10-19 19:29:39 UTC,-73.965154,40.783146,-73.957859,40.784255
18.9,2012-07-30 23:23:46 UTC,-73.993853,40.744334,-73.98969,40.749346
19.9,2012-12-23 09:43:59 UTC,-74.004027,40.776337,-73.997854,40.782314
20.5,2013-01-11 12:03:44 UTC,-74.004207,40.713034,-73.994711,40.714816
16.8,2012-02-05 00:04:27 UTC,-73.957012,40.757508,-73.955227,40.759161
16.7,2012-05-26 23:16:49 UTC,-73.994851,40.721862,-73.996958,40.721913
19.7,2011-04-13 15:39:43 UTC,-73.99104,40.699342,-73.999149,40.700674
22.1,2013-06-16 13:12:47 UTC,-73.96731,40.773536,-73.971741,40.761299
21.8,2011-09-15 03:11:47 UTC,-73.993979,40.777258,-73.981914,40.774896
24.0,2012-01-25 22:04:49 UTC,-74.014099,40.763716,-74.022477,40.749187
25.2,2012-01-29 10:18:13 UTC,-74.011634,40.744511,-74.030065,40.739535
21.4,2011-05-29 10:27:20 UTC,-73.981136,40.712009,-73.991011,40.706101
20.1,2011-10-07 21:37:16 UTC,-73.970053,40.71516,-73.963993,40.708613
21.1,2011-12-05 12:53:09 UTC,-73.984045,40.720922,-73.987073,40.710402
18.9,2011-07-08 10:37:01 UTC,-73.971391,40.74299,-73.965346,40.745683
25.8,2013-11-22 10:30:47 UTC,-74.012257,40.782285,-74.032261,40.779105
30.7,2013-03-13 04:46:46 UTC,-74.010906,40.781812,-74.040731,40.777608
22.8,2013-11-12 03:39:38 UTC,-73.934921,40.700543,-73.93228,40.686467
20.9,2011-03-30 16:14:36 UTC,-73.955344,40.729203,-73.945297,40.726224
25.9,2013-06-18 21:16:21 UTC,-73.964621,40.728395,-73.981731,40.73985
22.0,2011-07-25 13:16:07 UTC,-73.993194,40.674053,-73.987934,40.685661
21.9,2013-05-07 12:29:21 UTC,-73.98476,40.766984,-73.972857,40.770719
17.1,2011-12-02 15:37:53 UTC,-73.980034,40.742615,-73.980077,40.739664
20.9,2012-12-08 17:05:25 UTC,-73.953713,40.746606,-73.944702,40.752196
19.1,2012-02-29 10:37:15 UTC,-73.971944,40.790376,-73.97004,40.783703
17.6,2013-08-06 14:25:55 UTC,-73.969482,40.752649,-73.972111,40.749657
21.2,2011-07-30 18:23:57 UTC,-73.983353,40.737078,-73.975143,40.729653
26.2,2011-08-03 03:09:08 UTC,-73.964147,40.767162,-73.945019,40.776246
20.4,2012-04-11 14:50:33 UTC,-73.973954,40.781766,-73.979532,40.789566
16.1,2013-11-08 16:51:55 UTC,-73.97912,40.758894,-73.979997,40.758547
25.6,2012-11-04 18:16:17 UTC,-73.994862,40.770676,-74.004769,40.787988
17.8,2011-11-18 18:00:42 UTC,-73.982271,40.745633,-73.980719,40.749758
17.6,2011-10-20 15:55:04 UTC,-74.001591,40.747544,-74.003155,40.751107
21.6,2011-02-25 22:11:35 UTC,-73.980803,40.753391,-73.969218,40.755882
25.1,2012-07-20 05:50:08 UTC,-73.978222,40.727406,-73.964024,40.714784
21.6,2013-01-17 14:15:12 UTC,-74.02809,40.732958,-74.020211,40.724015
20.9,2012-03-15 06:56:54 UTC,-73.984607,40.791336,-73.974139,40.79079
19.2,2012-05-30 10:39:37 UTC,-74.003518,40.810239,-74.010566,40.809775
21.2,2012-09-06 06:35:34 UTC,-73.970027,40.797766,-73.979577,40.803664
19.6,2012-02-24 12:19:48 UTC,-73.967257,40.710302,-73.962889,40.703624
16.0,2012-08-30 06:48:25 UTC,-73.988527,40.707404,-73.988327,40.708111
25.6,2011-10-09 03:42:34 UTC,-73.96902,40.714279,-73.949028,40.715164
25.3,2013-03-21 02:11:32 UTC,-73.968179,40.754032,-73.987395,40.755314
18.7,2013-05-17 13:32:45 UTC,-73.984594,40.665738,-73.978399,40.665902
23.3,2011-10-28 23:14:30 UTC,-73.949314,40.732336,-73.943284,40.718298
27.6,2012-06-12 11:21:22 UTC,-73.994501,40.792213,-74.002121,40.769601
22.4,2012-05-25 13:11:49 UTC,-73.950573,40.779473,-73.960248,40.770056
18.8,2012-08-02 13:50:12 UTC,-73.984504,40.734727,-73.987897,40.729416
25.7,2013-04-02 17:42:27 UTC,-73.996867,40.736999,-74.013282,40.725215
22.9,2013-07-28 18:45:46 UTC,-73.987031,40.767017,-73.972458,40.766461
30.2,2011-12-24 13:02:18 UTC,-74.001988,40.778058,-73.97498,40.788959
19.6,2012-02-08 10:55:16 UTC,-73.964309,40.734006,-73.967722,40.741266
19.6,2011-03-02 16:54:34 UTC,-74.012055,40.742969,-74.018448,40.747632
23.8,2013-08-31 06:56:18 UTC,-73.952208,40.73302,-73.965316,40.742873
22.8,2012-06-29 16:40:21 UTC,-73.998717,40.71006,-74.009679,40.700813
19.4,2011-08-18 23:26:20 UTC,-73.963267,40.743408,-73.969161,40.73884
22.4,2011-06-04 04:01:53 UTC,-73.979515,40.741122,-73.967428,40.747271
31.8,2012-10-10 18:41:35 UTC,-73.974584,40.712181,-73.942654,40.707435
19.8,2011-09-23 07:53:44 UTC,-73.991801,40.769382,-73.999029,40.765184
26.0,2012-01-26 03:14:11 UTC,-73.972944,40.7645,-73.981964,40.783124
21.5,2011-06-25 05:59:08 UTC,-73.977301,40.770872,-73.98898,40.771826
24.7,2013-07-19 07:06:03 UTC,-74.009158,40.726958,-74.00465,40.744594
24.9,2013-04-05 12:18:06 UTC,-73.99925,40.690493,-73.995808,40.67226
18.8,2011-10-08 11:57:34 UTC,-73.990818,40.76402,-73.989809,40.757711
18.7,2012-09-30 23:11:50 UTC,-73.9951,40.730077,-73.999543,40.734165
22.4,2012-01-02 07:11:51 UTC,-73.954944,40.72328,-73.941352,40.724217
26.6,2013-04-17 09:01:55 UTC,-73.97986,40.712288,-73.972217,40.691733
19.4,2012-12-11 07:22:47 UTC,-73.995573,40.74174,-73.988365,40.739445
28.1,2011-05-19 03:48:47 UTC,-73.989815,40.79732,-73.986113,40.82205
17.2,2011-04-25 22:58:42 UTC,-73.990089,40.734837,-73.991983,40.737306
20.3,2011-01-07 12:50:16 UTC,-73.985761,40.717306,-73.992913,40.72335
19.8,2012-02-20 21:12:11 UTC,-74.001507,40.769558,-73.996308,40.763119
18.1,2013-04-18 00:32:51 UTC,-73.996279,40.755184,-73.992047,40.757617
18.5,2013-05-28 10:55:57 UTC,-73.964668,40.686421,-73.958996,40.686298
25.2,2013-09-03 03:51:50 UTC,-73.976293,40.76987,-73.991937,40.781059
21.3,2011-01-01 08:44:23 UTC,-73.983047,40.813854,-73.979654,40.824724
18.2,2012-04-26 01:23:58 UTC,-73.979948,40.671984,-73.983034,40.676059
20.0,2011-12-01 16:12:06 UTC,-73.980911,40.712929,-73.989697,40.713638
24.8,2011-05-17 11:34:22 UTC,-73.984183,40.664544,-73.976898,40.647753
24.2,2013-08-07 14:38:22 UTC,-73.969658,40.747741,-73.967885,40.730601
27.4,2013-06-28 18:47:09 UTC,-73.971137,40.779712,-73.947596,40.780531
20.6,2011-03-06 04:02:48 UTC,-74.011435,40.753165,-74.00659,40.761911
22.5,2013-12-09 20:26:50 UTC,-73.982631,40.79176,-73.985603,40.805077
20.1,2012-07-22 21:17:15 UTC,-74.010116,40.774917,-74.011199,40.766019
25.2,2012-10-03 14:12:44 UTC,-73.967288,40.801064,-73.979007,40.785972
23.4,2013-08-25 21:09:54 UTC,-73.964647,40.784806,-73.952338,40.794136
20.0,2012-10-10 04:08:47 UTC,-73.992216,40.737912,-73.989066,40.729765
23.7,2013-11-07 07:22:10 UTC,-73.982335,40.752002,-73.979014,40.736231
21.5,2011-12-06 18:35:51 UTC,-74.022229,40.72394,-74.032871,40.719003
20.3,2011-03-15 23:12:51 UTC,-73.960544,40.74308,-73.952754,40.737969
23.7,2011-05-06 16:47:12 UTC,-73.965807,40.751855,-73.975161,40.765057
20.8,2012-10-25 21:54:30 UTC,-73.956998,40.747453,-73.962537,40.756109
19.4,2013-10-14 17:20:43 UTC,-73.950269,40.790268,-73.949015,40.782894
23.2,2012-09-24 00:14:02 UTC,-74.004482,40.740095,-74.010292,40.754075
19.6,2012-06-01 13:54:37 UTC,-73.962239,40.722037,-73.970162,40.723288
20.9,2013-07-17 19:37:07 UTC,-73.950414,40.723912,-73.950915,40.73452
24.0,2012-02-08 22:47:58 UTC,-74.009892,40.769653,-73.999791,40.782925
20.3,2013-01-09 23:09:51 UTC,-73.983424,40.707906,-73.974473,40.70528
20.2,2012-03-09 01:35:46 UTC,-73.987268,40.743964,-73.980194,40.749678
18.8,2013-09-22 15:14:17 UTC,-73.962891,40.789825,-73.958028,40.785757
20.9,2013-12-30 14:21:31 UTC,-74.027879,40.758778,-74.032634,40.768079
21.3,2013-03-21 18:39:55 UTC,-73.943681,40.747762,-73.932472,40.748665
25.6,2011-11-02 11:11:20 UTC,-73.982251,40.748923,-73.99961,40.758526
23.6,2012-03-22 08:42:48 UTC,-73.961678,40.719113,-73.95734,40.734361
20.7,2013-04-01 14:56:50 UTC,-73.981205,40.724286,-73.972792,40.729758
16.3,2013-09-21 20:54:31 UTC,-73.970157,40.744145,-73.97106,40.74321
19.3,2013-08-15 04:31:42 UTC,-74.026428,40.758138,-74.033651,40.75737
30.4,2012-09-23 04:38:37 UTC,-73.987698,40.778445,-73.988068,40.748874
20.8,2012-11-28 12:01:50 UTC,-73.963045,40.752777,-73.970621,40.745649
21.0,2013-02-17 19:36:08 UTC,-73.974225,40.790583,-73.969083,40.799909
22.4,2011-02-18 18:54:39 UTC,-74.012737,40.798156,-74.003279,40.807855
19.9,2011-09-20 04:46:41 UTC,-73.978772,40.773858,-73.974305,40.766512
17.7,2011-12-10 15:40:06 UTC,-73.996375,40.786749,-73.992503,40.788395
257.1,2011-01-11 08:48:29 UTC,-73.998108,40.720279,-73.990505,40.718386
21.2,2011-01-03 21:39:50 UTC,-74.010414,40.715524,-74.001655,40.72242
27.3,2012-07-13 06:59:06 UTC,-73.967626,40.765539,-73.975409,40.787625
24.1,2011-04-19 02:43:23 UTC,-73.95774,40.709764,-73.97312,40.716848
19.3,2012-07-05 12:51:47 UTC,-73.937597,40.741289,-73.934818,40.734587
20.3,2011-10-22 03:11:16 UTC,-74.009481,40.773136,-74.000237,40.772352
26.2,2011-03-06 16:01:05 UTC,-73.964653,40.792401,-73.980462,40.80642
22.7,2013-09-30 10:52:42 UTC,-73.963337,40.742374,-73.962648,40.728287
22.1,2011-07-29 07:24:38 UTC,-73.99161,40.730502,-73.980327,40.724351
19.2,2011-01-28 13:15:11 UTC,-73.998352,40.759614,-73.999516,40.766713
25.6,2012-05-14 22:20:15 UTC,-74.001715,40.717794,-73.986504,40.730737
23.0,2013-12-10 15:40:44 UTC,-73.990547,40.744802,-73.977209,40.750891
18.8,2011-08-17 21:50:09 UTC,-73.975948,40.74976,-73.977775,40.743693
18.9,2012-06-10 12:41:45 UTC,-73.952798,40.74916,-73.956475,40.754526
18.3,2011-03-02 11:27:50 UTC,-73.957893,40.752655,-73.961387,40.756798
17.5,2012-06-07 23:12:39 UTC,-74.012308,40.724965,-74.01096,40.728473
21.5,2012-09-15 01:53:38 UTC,-73.995777,40.72819,-74.007512,40.727219
22.4,2012-12-16 06:50:13 UTC,-73.954007,40.727587,-73.967591,40.728116
27.9,2013-01-23 10:47:18 UTC,-73.994622,40.701397,-74.017337,40.692322
28.0,2013-01-16 17:42:24 UTC,-73.981138,40.760255,-73.98135,40.785057
25.9,2012-12-08 17:50:12 UTC,-74.014106,40.77684,-73.993717,40.77841
26.0,2012-04-28 09:53:36 UTC,-73.956939,40.773889,-73.976845,40.779374
17.1,2011-11-19 15:25:39 UTC,-74.018255,40.742125,-74.020097,40.739946
20.0,2012-11-26 06:18:45 UTC,-74.012856,40.72567,-74.014998,40.734123
22.2,2011-02-01 16:20:00 UTC,-73.958984,40.772329,-73.960504,40.759345
26.4,2011-01-27 22:46:30 UTC,-73.941599,40.769168,-73.929031,40.751712
20.1,2011-09-25 20:51:01 UTC,-73.985812,40.756523,-73.994696,40.756218
29.8,2011-05-13 08:19:45 UTC,-73.980937,40.802329,-74.0004,40.82287
22.2,2011-03-23 21:07:33 UTC,-73.961834,40.749207,-73.967177,40.76129
20.9,2012-08-07 06:29:17 UTC,-73.974211,40.742293,-73.980889,40.734209
27.1,2011-05-13 22:28:46 UTC,-73.987464,40.738005,-74.009773,40.743166
19.0,2013-05-24 21:13:56 UTC,-73.989709,40.703174,-73.987254,40.696814
21.9,2012-08-17 02:23:41 UTC,-74.011336,40.76984,-74.023196,40.774104
18.2,2012-07-25 05:59:57 UTC,-73.975341,40.746835,-73.976172,40.751879
20.6,2013-02-09 01:44:49 UTC,-73.981838,40.765298,-73.985467,40.774563
25.1,2011-01-02 14:36:14 UTC,-73.988757,40.805256,-73.999497,40.7896
23.4,2012-11-30 20:16:33 UTC,-74.000036,40.738277,-73.99113,40.725622
17.1,2013-10-06 14:51:22 UTC,-73.998011,40.67986,-74.000825,40.679104
20.8,2013-05-16 04:42:40 UTC,-73.967632,40.764432,-73.96709,40.754108
21.9,2011-10-08 13:36:39 UTC,-73.962367,40.755006,-73.956503,40.743909
17.6,2011-07-07 15:37:39 UTC,-73.986542,40.728026,-73.983657,40.730745
20.3,2011-01-19 08:04:04 UTC,-73.98865,40.761918,-73.9872,40.752758
27.6,2013-09-11 18:29:35 UTC,-73.997073,40.773583,-74.005315,40.796159
21.8,2012-09-15 15:06:17 UTC,-73.961264,40.721602,-73.972386,40.71627
17.2,2011-07-03 20:30:00 UTC,-73.97938,40.74096,-73.977802,40.738258
20.7,2012-04-23 20:07:00 UTC,-73.972642,40.794303,-73.982261,40.797278
24.2,2012-06-14 16:10:46 UTC,-73.972831,40.728351,-73.964886,40.713272
18.3,2012-11-19 10:37:40 UTC,-73.986154,40.752,-73.987449,40.757085
19.3,2012-03-21 17:51:01 UTC,-74.003307,40.671268,-73.996821,40.674682
20.9,2011-07-15 17:27:32 UTC,-73.999923,40.705545,-74.00978,40.702052
21.5,2012-09-19 20:21:53 UTC,-73.957442,40.754726,-73.968854,40.757465
24.3,2011-02-13 21:40:52 UTC,-73.994514,40.78684,-73.977725,40.791122
22.8,2012-01-09 19:02:12 UTC,-73.988207,40.709139,-73.989702,40.723491
28.9,2013-02-17 10:20:51 UTC,-74.002688,40.752237,-73.993556,40.77724
24.5,2011-12-07 06:16:47 UTC,-74.004321,40.738728,-74.018441,40.728113
22.3,2012-02-02 00:10:12 UTC,-73.995383,40.778593,-73.998214,40.765619
22.2,2012-03-24 01:08:12 UTC,-73.946232,40.713466,-73.933208,40.714493
28.6,2013-06-14 04:29:40 UTC,-73.966839,40.762902,-73.982485,40.742113
27.5,2013-03-25 06:13:47 UTC,-73.990536,40.730389,-73.967783,40.736883
16.8,2012-10-07 01:15:50 UTC,-73.958342,40.756691,-73.956317,40.757822
20.1,2012-09-04 03:45:58 UTC,-73.983046,40.752068,-73.991235,40.755741
18.0,2012-10-09 23:02:03 UTC,-73.952913,40.742447,-73.949394,40.739411
21.3,2011-01-01 01:44:08 UTC,-73.935765,40.764334,-73.924674,40.766885
20.4,2012-04-04 09:09:49 UTC,-73.959437,40.75131,-73.967692,40.756032
19.2,2011-02-13 21:47:22 UTC,-73.978109,40.746016,-73.984929,40.748016
22.5,2011-09-19 23:56:23 UTC,-73.966014,40.739308,-73.963523,40.725857
18.1,2011-08-01 23:41:30 UTC,-73.979699,40.752328,-73.975068,40.754048
25.0,2012-09-14 08:29:55 UTC,-74.01672,40.756661,-74.018704,40.775201
18.0,2011-07-29 11:34:06 UTC,-73.993093,40.720326,-73.989069,40.722735
20.0,2012-05-03 07:24:05 UTC,-73.999032,40.739516,-73.990496,40.740886
23.5,2013-05-27 15:59:47 UTC,-73.993536,40.718344,-73.991803,40.733945
20.7,2012-03-27 05:46:27 UTC,-73.944127,40.748805,-73.951041,40.741348
20.1,2011-09-13 21:07:31 UTC,-73.957557,40.73223,-73.957766,40.741127
24.8,2013-09-19 12:26:17 UTC,-73.971182,40.773123,-73.95362,40.767822
21.3,2011-10-01 12:21:13 UTC,-73.963753,40.770182,-73.960422,40.781048
23.0,2011-05-19 06:49:52 UTC,-74.017842,40.722318,-74.00544,40.730298
18.9,2012-04-28 16:50:31 UTC,-73.965436,40.749931,-73.97058,40.745808
17.5,2011-04-24 03:10:44 UTC,-73.961208,40.769155,-73.958581,40.766496
21.9,2012-04-02 22:27:10 UTC,-74.024795,40.744741,-74.016852,40.754519
27.6,2012-09-02 14:07:19 UTC,-73.964695,40.728153,-73.949718,40.709599
22.2,2013-07-05 00:28:23 UTC,-74.008481,40.717228,-73.996206,40.712809
22.0,2013-05-21 02:32:19 UTC,-74.0194,40.775628,-74.030593,40.781832
21.6,2012-03-16 15:08:30 UTC,-73.953474,40.777081,-73.941955,40.774
24.1,2011-03-05 15:22:05 UTC,-74.000141,40.743762,-73.983281,40.74511
26.2,2012-10-31 22:06:55 UTC,-73.994319,40.772984,-74.000068,40.752573
228.0,2012-01-03 07:41:45 UTC,-73.960208,40.661044,-73.969153,40.652499
19.0,2013-12-19 19:51:44 UTC,-73.986105,40.789827,-73.986349,40.796621
19.5,2013-10-03 11:12:07 UTC,-73.983603,40.745292,-73.981808,40.737782
22.4,2012-04-08 02:59:28 UTC,-73.984042,40.754253,-73.987542,40.741229
23.6,2013-11-20 12:11:50 UTC,-73.973048,40.740384,-73.984915,40.751001
23.4,2011-11-13 01:32:07 UTC,-73.984527,40.791871,-73.969803,40.797028
22.6,2011-07-09 08:56:58 UTC,-73.977717,40.718178,-73.986317,40.707293
18.3,2011-10-23 20:48:40 UTC,-73.990071,40.794234,-73.99514,40.795619
20.9,2013-03-10 05:27:14 UTC,-73.972964,40.761888,-73.971872,40.751329
23.0,2011-08-03 23:12:20 UTC,-73.973723,40.76868,-73.988448,40.767155
23.4,2011-05-08 12:38:22 UTC,-73.942042,40.740124,-73.957531,40.741884
20.2,2012-09-10 13:16:23 UTC,-73.987625,40.710753,-73.991942,40.702668
21.2,2011-09-02 01:50:47 UTC,-73.983683,40.777915,-73.975427,40.785339
20.2,2011-08-02 09:53:07 UTC,-73.975224,40.759342,-73.973343,40.768316
26.0,2012-02-09 04:06:25 UTC,-73.960711,40.790849,-73.981305,40.793484
22.9,2012-08-14 04:31:15 UTC,-74.001832,40.744187,-73.987937,40.748327
23.9,2013-10-03 08:21:54 UTC,-73.977928,40.737423,-73.969954,40.722895
22.5,2012-03-03 07:44:36 UTC,-74.030157,40.791643,-74.028246,40.805265
16.6,2011-11-30 15:42:19 UTC,-73.985431,40.807357,-73.983789,40.806444
21.4,2011-11-15 11:14:55 UTC,-73.958545,40.75028,-73.951811,40.740928
27.3,2011-11-17 02:43:19 UTC,-73.994523,40.727417,-73.97126,40.728876
21.4,2012-03-29 09:09:47 UTC,-73.976463,40.774316,-73.967658,40.781771
18.6,2013-07-17 15:35:05 UTC,-73.990578,40.742379,-73.987616,40.747503
23.8,2011-03-24 01:17:41 UTC,-73.997188,40.767978,-74.009459,40.757131
19.5,2012-06-23 03:00:46 UTC,-73.96057,40.742222,-73.958925,40.749798
19.5,2012-05-04 17:15:44 UTC,-74.000905,40.79692,-73.993172,40.796314
18.2,2011-11-10 14:01:51 UTC,-73.974141,40.729015,-73.975293,40.734027
20.4,2012-01-20 06:22:25 UTC,-73.973833,40.764416,-73.979061,40.7564
21.5,2013-01-31 09:00:10 UTC,-73.997036,40.735339,-73.9915,40.745798
20.7,2011-12-10 09:13:13 UTC,-73.976886,40.741555,-73.986767,40.743382
23.0,2012-02-10 03:26:55 UTC,-73.998699,40.737638,-73.990019,40.749527
23.6,2013-06-16 06:50:45 UTC,-73.969564,40.772158,-73.97392,40.75681
28.3,2013-02-25 06:11:02 UTC,-74.006299,40.777551,-74.027524,40.763537
18.2,2013-05-28 04:07:13 UTC,-73.986792,40.766732,-73.99134,40.764332
23.0,2011-12-22 06:06:49 UTC,-73.985055,40.74676,-73.985627,40.761437
25.8,2012-07-11 07:57:11 UTC,-73.957741,40.754205,-73.952216,40.773834
20.6,2011-03-15 13:08:37 UTC,-73.977199,40.776932,-73.972829,40.768047
22.1,2013-12-24 00:56:19 UTC,-73.9609,40.777879,-73.973804,40.77841
16.6,2012-02-14 11:02:05 UTC,-73.968906,40.669292,-73.967685,40.670843
20.1,2012-07-27 10:44:10 UTC,-73.969034,40.741833,-73.974374,40.749015
20.4,2013-09-15 09:33:23 UTC,-73.986639,40.743272,-73.990241,40.752122
23.1,2011-10-29 15:16:31 UTC,-73.959582,40.770078,-73.969564,40.758934
16.0,2013-02-11 15:47:57 UTC,-73.987123,40.747997,-73.987632,40.748643
34.2,2012-10-26 04:07:28 UTC,-74.014597,40.771576,-73.983272,40.75149
25.8,2013-03-24 09:22:33 UTC,-73.984296,40.71764,-73.965731,40.725748
20.9,2013-08-20 17:52:33 UTC,-73.97093,40.757802,-73.980918,40.754415
21.7,2012-01-08 08:01:56 UTC,-74.012133,40.777006,-74.011473,40.764952
17.9,2013-03-17 06:45:04 UTC,-73.997702,40.705769,-74.000842,40.709094
17.6,2011-05-16 22:53:17 UTC,-74.004612,40.825409,-74.003192,40.821711
23.4,2013-05-27 17:48:40 UTC,-73.964266,40.785727,-73.955103,40.798341
20.1,2013-02-22 20:09:41 UTC,-73.946543,40.750041,-73.947836,40.741115
27.3,2011-05-12 11:58:07 UTC,-73.984194,40.725148,-73.991316,40.747377
22.8,2012-01-08 22:18:46 UTC,-73.969369,40.744747,-73.957805,40.753293
24.5,2013-03-18 07:50:08 UTC,-73.96989,40.752514,-73.98223,40.765391
20.9,2011-02-25 16:39:43 UTC,-73.948924,40.76322,-73.947031,40.752932
27.3,2012-03-18 14:03:05 UTC,-73.993051,40.79502,-74.007912,40.812904
23.6,2012-10-01 15:25:56 UTC,-73.984398,40.735717,-73.994658,40.723592
19.5,2013-07-07 12:46:16 UTC,-73.986815,40.766881,-73.979367,40.764783
23.0,2012-03-16 21:26:51 UTC,-73.978493,40.711227,-73.985287,40.724274
25.4,2011-10-05 04:18:38 UTC,-73.929914,40.737592,-73.948679,40.74266
22.8,2011-05-21 13:47:30 UTC,-73.979384,40.761302,-73.986611,40.74891
22.7,2013-05-26 01:45:51 UTC,-73.997094,40.770738,-74.005392,40.782092
22.2,2012-09-04 13:08:09 UTC,-74.00309,40.727403,-74.015714,40.730803
19.1,2013-03-06 13:24:45 UTC,-73.954947,40.736776,-73.949446,40.732614
26.6,2012-05-19 01:16:58 UTC,-73.997185,40.793817,-74.012653,40.778397
19.3,2011-03-18 17:02:50 UTC,-73.966728,40.784857,-73.972608,40.789205
16.7,2013-11-13 07:34:01 UTC,-73.993594,40.756254,-73.99226,40.754619
17.5,2013-05-03 12:09:16 UTC,-74.005334,40.682901,-74.008762,40.684464
23.8,2012-12-09 08:12:59 UTC,-73.967896,40.825334,-73.971938,40.809482
19.8,2013-12-22 19:22:29 UTC,-73.992615,40.749402,-73.999842,40.745215
22.2,2011-10-26 08:06:15 UTC,-73.971491,40.740623,-73.983679,40.745426
25.5,2012-06-18 22:30:56 UTC,-73.970014,40.734329,-73.976382,40.753094
19.1,2011-03-10 05:50:00 UTC,-73.969075,40.761291,-73.962499,40.759238
23.2,2013-04-06 15:27:17 UTC,-73.985363,40.761597,-73.989703,40.77603
19.7,2013-09-10 12:32:09 UTC,-73.966276,40.778519,-73.964607,40.786392
21.3,2011-10-20 12:21:15 UTC,-73.998451,40.722218,-73.98728,40.724556
21.5,2012-12-28 19:53:13 UTC,-74.029082,40.740625,-74.023084,40.730502
23.6,2013-09-05 22:33:59 UTC,-73.965862,40.810916,-73.978625,40.801212
19.4,2011-06-16 11:27:39 UTC,-73.976688,40.756738,-73.972209,40.762913
21.5,2012-07-15 18:27:03 UTC,-73.992202,40.744824,-73.981725,40.739559
19.9,2012-10-13 15:52:53 UTC,-74.009423,40.721751,-74.015245,40.715598
23.6,2012-07-14 03:19:25 UTC,-74.020732,40.765178,-74.036588,40.763372
18.0,2011-11-08 23:25:21 UTC,-73.978965,40.780931,-73.983372,40.779292
20.2,2012-08-07 04:16:48 UTC,-73.947024,40.776238,-73.945144,40.785245
19.5,2011-12-20 01:52:54 UTC,-73.982771,40.742236,-73.976847,40.737181
20.4,2013-02-05 03:12:19 UTC,-73.987227,40.760838,-73.992434,40.76885
26.0,2012-04-22 10:30:57 UTC,-73.980487,40.80015,-74.000842,40.804547
26.2,2011-07-14 01:47:02 UTC,-73.936416,40.782126,-73.94918,40.765387
18.0,2012-11-26 14:16:47 UTC,-73.964962,40.726475,-73.961363,40.72942
32.3,2011-02-21 06:47:04 UTC,-73.998672,40.67362,-73.978765,40.646942
20.1,2013-09-20 00:53:44 UTC,-73.979438,40.758903,-73.979657,40.749951
22.6,2011-01-16 04:02:58 UTC,-73.973351,40.773957,-73.960222,40.778588
20.9,2011-10-30 15:42:56 UTC,-74.001127,40.717323,-74.011696,40.717217
25.0,2013-04-11 17:20:40 UTC,-73.964817,40.749736,-73.971294,40.732057
28.6,2012-06-17 18:53:04 UTC,-73.996356,40.742089,-74.019759,40.730897
28.8,2012-10-18 04:13:38 UTC,-74.010219,40.753129,-74.006522,40.727039
23.7,2013-03-19 16:34:39 UTC,-73.978477,40.733659,-73.987414,40.720233
19.8,2011-10-05 12:47:52 UTC,-73.981643,40.788715,-73.975652,40.794506
19.4,2013-10-30 17:34:43 UTC,-73.98002,40.754439,-73.985044,40.748865
25.8,2012-04-08 17:48:06 UTC,-73.995293,40.723629,-73.975075,40.725329
24.6,2011-06-07 18:54:59 UTC,-73.992502,40.777524,-73.97457,40.77766
27.2,2012-12-21 20:25:56 UTC,-73.957431,40.712074,-73.980465,40.7124
21.5,2013-10-15 06:32:39 UTC,-73.971178,40.788535,-73.965266,40.798766
19.5,2012-12-23 19:19:09 UTC,-73.999135,40.779732,-74.006568,40.777703
21.2,2013-10-18 11:55:32 UTC,-74.019014,40.791693,-74.012545,40.8008
29.7,2011-04-30 20:03:03 UTC,-73.998288,40.745253,-74.011726,40.720479
24.7,2012-01-28 14:55:25 UTC,-73.976854,40.735117,-73.962442,40.746231
23.9,2011-08-08 06:31:11 UTC,-73.992639,40.752521,-73.982332,40.73962
24.5,2012-09-02 19:31:08 UTC,-73.994193,40.747467,-74.008331,40.736737
19.3,2011-11-30 12:55:59 UTC,-73.991783,40.730418,-73.993596,40.723372
21.1,2013-07-28 00:31:18 UTC,-73.981454,40.733391,-73.97983,40.74423
21.4,2013-07-14 15:11:09 UTC,-73.964307,40.739009,-73.957114,40.730116
18.9,2012-06-13 12:28:23 UTC,-73.980008,40.7149,-73.980128,40.708341
21.8,2011-12-24 11:59:59 UTC,-73.978761,40.770339,-73.970898,40.760722
17.0,2012-04-21 21:35:00 UTC,-73.984497,40.748431,-73.985205,40.750985
20.4,2011-11-07 07:33:33 UTC,-73.989987,40.740749,-73.983869,40.748185
26.6,2012-12-08 05:29:52 UTC,-73.962115,40.716689,-73.975794,40.733733
27.6,2012-01-01 19:25:14 UTC,-73.965152,40.715189,-73.965412,40.739187
22.2,2011-11-23 17:28:22 UTC,-73.939094,40.808077,-73.927593,40.814579
22.9,2012-08-31 20:16:19 UTC,-73.967789,40.731182,-73.953678,40.734839
21.8,2011-11-13 12:43:23 UTC,-73.989968,40.768316,-73.988238,40.756142
25.2,2011-09-03 14:55:36 UTC,-73.998093,40.754879,-73.999084,40.773972
22.6,2012-06-03 22:13:03 UTC,-73.960941,40.666744,-73.947261,40.668898
17.2,2011-10-04 13:09:21 UTC,-73.9963,40.803774,-73.997309,40.800883
21.7,2012-08-28 15:10:21 UTC,-73.963805,40.770523,-73.95236,40.774398
18.9,2012-10-30 13:13:01 UTC,-73.995198,40.72697,-73.996265,40.720606
27.3,2012-04-05 02:29:17 UTC,-73.973017,40.749149,-73.972617,40.725772
21.9,2011-02-23 03:20:52 UTC,-74.001195,40.715524,-74.012242,40.721243
24.8,2012-02-04 03:50:54 UTC,-73.964402,40.804787,-73.976895,40.818211
21.3,2012-07-29 00:47:46 UTC,-74.004673,40.72277,-73.994892,40.728339
24.2,2013-11-09 00:16:04 UTC,-73.974541,40.734307,-73.957313,40.734237
16.2,2012-01-17 04:57:38 UTC,-73.983957,40.728113,-73.9829,40.728246
16.8,2011-06-13 03:22:20 UTC,-73.977964,40.752411,-73.979626,40.754134
20.8,2013-04-10 20:05:23 UTC,-73.987916,40.791109,-73.97769,40.792526
17.3,2011-04-21 20:30:18 UTC,-73.988385,40.803681,-73.985012,40.803074
27.6,2013-10-18 11:13:49 UTC,-73.976904,40.73803,-74.000888,40.738284
24.9,2013-06-06 14:18:27 UTC,-74.000043,40.761348,-73.990106,40.776898
22.7,2011-06-18 04:04:05 UTC,-74.00016,40.752457,-74.013529,40.75718
16.2,2012-12-27 02:36:32 UTC,-73.987171,40.720552,-73.987288,40.721603
19.6,2012-03-02 20:19:00 UTC,-73.987949,40.822677,-73.992364,40.829269
20.2,2011-04-21 16:28:07 UTC,-74.000108,40.790883,-74.006515,40.797476
20.4,2011-03-05 01:25:12 UTC,-73.961516,40.755673,-73.961046,40.765133
21.5,2011-01-13 05:24:46 UTC,-73.986689,40.797456,-73.977753,40.789887
18.0,2012-10-24 21:20:53 UTC,-73.984533,40.786363,-73.98422,40.781558
23.8,2013-08-28 03:32:46 UTC,-74.006551,40.752456,-73.992452,40.74432
24.2,2011-03-17 08:31:10 UTC,-73.938567,40.759779,-73.923227,40.767446
24.1,2011-06-01 06:07:32 UTC,-73.931459,40.795364,-73.91621,40.802542
22.0,2012-04-17 00:02:39 UTC,-73.995608,40.721615,-73.996166,40.708883
18.7,2012-06-23 10:32:45 UTC,-73.955478,40.800211,-73.96026,40.804119
22.5,2011-01-01 05:52:26 UTC,-73.981836,40.743247,-73.982173,40.756969
21.4,2011-10-18 09:11:09 UTC,-73.947925,40.79574,-73.936671,40.793387
21.2,2012-07-19 01:23:27 UTC,-73.973275,40.749843,-73.962622,40.752983
29.1,2011-10-05 12:15:12 UTC,-73.978005,40.760128,-74.003957,40.767433
22.4,2011-12-22 03:42:22 UTC,-74.029985,40.748971,-74.026927,40.735765
27.5,2013-07-16 02:26:18 UTC,-73.997572,40.734045,-74.021252,40.735565
22.0,2011-08-02 00:04:48 UTC,-73.97959,40.741898,-73.97978,40.75462
19.6,2013-02-25 03:50:05 UTC,-73.976027,40.791373,-73.981317,40.785441
21.5,2012-01-15 14:35:55 UTC,-74.004297,40.680575,-74.012666,40.6889
19.9,2013-11-13 16:10:48 UTC,-73.994575,40.712831,-73.986083,40.713103
20.3,2012-06-18 00:40:45 UTC,-73.968931,40.728236,-73.975404,40.721491
16.1,2012-07-21 00:33:17 UTC,-74.007664,40.71765,-74.007759,40.716685
21.0,2012-03-11 07:00:46 UTC,-73.977325,40.795299,-73.986649,40.790038
20.1,2013-12-01 03:31:09 UTC,-73.955241,40.78773,-73.954504,40.778847
20.6,2013-01-16 04:08:04 UTC,-73.972291,40.767761,-73.962693,40.765218
20.0,2011-05-19 02:26:03 UTC,-73.97329,40.730866,-73.982069,40.73155
18.9,2011-09-21 16:23:38 UTC,-74.020403,40.790052,-74.014004,40.788391
17.0,2011-06-10 08:42:18 UTC,-73.996438,40.702356,-73.995873,40.699702
16.8,2013-02-08 22:10:34 UTC,-73.938916,40.814259,-73.938443,40.816519
18.8,2011-09-30 09:02:21 UTC,-73.991983,40.729461,-73.995487,40.734775
22.5,2011-10-18 20:24:38 UTC,-73.95471,40.742139,-73.946976,40.730698
19.2,2012-01-10 05:54:35 UTC,-73.992217,40.73712,-73.985508,40.734596
25.5,2013-01-24 20:50:45 UTC,-73.985556,40.717807,-73.986891,40.698071
16.9,2012-11-05 03:07:49 UTC,-73.969688,40.807753,-73.967661,40.806132
19.4,2011-03-09 10:15:02 UTC,-73.977986,40.773667,-73.970556,40.775172
19.6,2012-05-28 00:57:00 UTC,-73.97237,40.786464,-73.966955,40.792162
17.3,2011-12-24 18:06:23 UTC,-73.996368,40.71329,-73.999434,40.714831
22.1,2011-10-01 23:57:31 UTC,-74.002725,40.755428,-73.991068,40.76091
20.0,2011-06-22 00:09:08 UTC,-73.997717,40.765631,-73.989076,40.766283
26.7,2013-07-17 00:06:03 UTC,-73.990646,40.758123,-73.969534,40.751368
25.3,2013-03-06 22:52:31 UTC,-73.984586,40.715189,-74.000281,40.704029
19.4,2012-07-09 15:45:54 UTC,-73.959254,40.782265,-73.952235,40.779635
22.6,2012-10-11 13:38:35 UTC,-73.978253,40.753647,-73.966732,40.745984
20.7,2013-11-23 23:17:15 UTC,-73.970308,40.721351,-73.960256,40.720154
18.4,2013-01-14 04:40:24 UTC,-73.977168,40.694342,-73.979695,40.689424
22.8,2013-10-28 23:19:47 UTC,-74.002309,40.7682,-74.01594,40.772391
23.3,2013-05-01 17:03:47 UTC,-73.979655,40.823514,-73.964258,40.824003
18.9,2013-08-23 02:17:46 UTC,-73.977384,40.719542,-73.982202,40.724017
18.3,2011-01-18 23:22:34 UTC,-73.964802,40.755113,-73.967756,40.759537
26.0,2013-06-20 21:25:20 UTC,-74.001372,40.783315,-73.980706,40.781518
22.0,2011-12-13 11:04:06 UTC,-74.020808,40.71191,-74.033539,40.710727
20.4,2011-10-28 02:25:22 UTC,-73.976475,40.735601,-73.968286,40.740617
28.4,2012-03-25 22:35:48 UTC,-73.972923,40.724195,-73.980461,40.748655
21.9,2012-10-12 05:53:33 UTC,-73.983588,40.77954,-73.991345,40.769649
16.5,2013-04-14 11:45:33 UTC,-73.97944,40.789766,-73.977763,40.790183
22.5,2012-07-25 21:28:04 UTC,-73.962425,40.754771,-73.955661,40.742814
20.4,2013-08-27 09:52:08 UTC,-73.989176,40.724748,-73.979674,40.724539
22.0,2012-01-17 20:12:09 UTC,-73.985573,40.736716,-73.974758,40.729976
19.2,2011-07-22 03:57:45 UTC,-73.978419,40.731085,-73.985485,40.729886
21.4,2012-06-30 06:38:32 UTC,-74.004396,40.720682,-74.015832,40.722235
18.6,2013-05-14 07:45:13 UTC,-73.983038,40.746939,-73.986464,40.742045
24.7,2012-01-27 18:41:06 UTC,-73.981275,40.767245,-73.9778,40.749407
22.8,2013-12-13 20:46:31 UTC,-73.947259,40.764708,-73.949316,40.778963
34.3,2011-03-16 13:10:01 UTC,-73.985962,40.749753,-74.022278,40.758146
24.8,2012-04-26 11:46:16 UTC,-73.976,40.751712,-73.994272,40.750406
20.3,2013-04-25 15:26:07 UTC,-73.961628,40.747553,-73.964032,40.738606
19.9,2013-11-06 04:11:37 UTC,-73.99675,40.711084,-73.988198,40.711934
20.5,2011-05-26 04:05:40 UTC,-73.952485,40.754804,-73.961532,40.758414
20.9,2013-04-26 09:48:25 UTC,-73.944723,40.732491,-73.937392,40.740191
24.3,2012-05-13 11:40:46 UTC,-73.980578,40.70958,-73.995539,40.718202
21.0,2013-06-15 16:32:54 UTC,-73.990789,40.761121,-73.988233,40.771628
24.4,2013-12-12 21:44:30 UTC,-73.947458,40.731648,-73.944829,40.71424
18.4,2011-05-16 12:15:01 UTC,-73.964087,40.756833,-73.9594,40.753786
22.7,2012-07-10 17:34:44 UTC,-73.978361,40.775429,-73.988443,40.78536
24.6,2012-02-07 12:50:03 UTC,-73.951463,40.721493,-73.966939,40.712257
22.7,2012-08-17 17:24:37 UTC,-73.95358,40.752764,-73.94632,40.764956
27.5,2012-04-23 03:03:55 UTC,-73.986725,40.695687,-74.001987,40.713791
22.7,2012-07-04 06:57:54 UTC,-73.975025,40.795976,-73.982734,40.807889
23.3,2011-07-27 15:04:46 UTC,-73.968464,40.709228,-73.954547,40.715844
18.0,2013-03-14 23:24:44 UTC,-73.979425,40.734555,-73.977727,40.73008
18.0,2011-10-02 06:43:57 UTC,-74.007817,40.790151,-74.00413,40.792968
23.1,2013-12-25 15:38:17 UTC,-73.998765,40.742964,-73.992518,40.729503
20.5,2012-09-06 00:02:20 UTC,-74.007165,40.714078,-74.001274,40.706267
19.2,2011-05-04 10:21:46 UTC,-73.970142,40.771392,-73.970354,40.764284
20.1,2012-12-28 12:35:22 UTC,-74.003687,40.770716,-74.012701,40.771336
29.2,2011-11-24 21:03:49 UTC,-73.976152,40.731004,-73.949311,40.727083
17.6,2011-12-25 10:30:28 UTC,-73.943362,40.734252,-73.946288,40.736868
20.3,2012-03-18 03:12:40 UTC,-73.951445,40.736938,-73.948134,40.745716
19.8,2012-08-07 22:20:50 UTC,-74.016748,40.743789,-74.012347,40.736692
18.4,2013-10-20 19:10:48 UTC,-74.005574,40.693211,-74.010904,40.694697
18.6,2012-10-27 20:13:15 UTC,-73.99553,40.744557,-73.999787,40.740398
23.1,2011-01-31 03:09:25 UTC,-74.00338,40.803517,-73.988498,40.805419
20.7,2013-02-26 11:08:14 UTC,-74.013076,40.723121,-74.020466,40.729983
20.7,2012-06-04 06:25:23 UTC,-73.980217,40.732495,-73.976093,40.741708
21.2,2011-05-20 19:55:13 UTC,-73.965898,40.714491,-73.956939,40.721195
18.0,2012-06-11 18:54:34 UTC,-73.960919,40.768365,-73.963061,40.772505
22.7,2011-02-12 22:52:19 UTC,-73.98949,40.786096,-73.990428,40.771894
22.9,2011-01-08 02:41:12 UTC,-73.985438,40.78541,-73.975869,40.774597
19.8,2013-12-29 14:15:04 UTC,-73.972886,40.71256,-73.97426,40.704318
26.2,2011-02-22 12:50:33 UTC,-73.98217,40.764994,-74.002942,40.76858
25.5,2012-06-10 13:38:04 UTC,-73.963788,40.793013,-73.948749,40.780102
20.8,2013-05-07 15:16:42 UTC,-73.971393,40.76529,-73.981147,40.768665
17.3,2011-06-29 15:34:37 UTC,-73.987526,40.764352,-73.985371,40.766997
27.3,2012-12-27 12:32:28 UTC,-74.017133,40.735851,-74.030311,40.716494
21.6,2011-06-30 13:33:33 UTC,-73.950019,40.756603,-73.955128,40.745727
21.3,2012-03-09 08:25:02 UTC,-73.993722,40.78709,-73.998087,40.797528
19.2,2013-05-17 14:04:19 UTC,-73.972849,40.759846,-73.971107,40.76682
21.7,2012-08-18 04:09:15 UTC,-74.018332,40.712552,-74.027103,40.704048
26.8,2011-03-04 11:24:29 UTC,-73.980226,40.736319,-73.960398,40.72597
27.9,2013-05-03 10:27:29 UTC,-73.977995,40.786278,-73.977749,40.761775
24.2,2011-10-02 05:41:19 UTC,-73.977028,40.759742,-73.968218,40.774455
15.8,2012-04-27 21:14:10 UTC,-73.919724,40.753572,-73.919813,40.753982
26.3,2013-08-07 01:56:23 UTC,-73.992622,40.73338,-73.98265,40.752217
26.2,2011-07-17 16:27:49 UTC,-73.963587,40.785658,-73.984593,40.783741
19.4,2012-04-23 03:54:08 UTC,-73.969535,40.799872,-73.976583,40.802698
20.8,2012-06-05 20:57:33 UTC,-73.993573,40.787896,-73.998791,40.796809
24.2,2013-05-12 10:42:10 UTC,-73.963887,40.793278,-73.969185,40.809666
19.2,2013-03-11 13:00:20 UTC,-73.983286,40.739239,-73.9781,40.744249
18.6,2013-04-09 22:56:08 UTC,-73.962495,40.734995,-73.956623,40.735019
16.0,2012-03-13 03:00:50 UTC,-73.940781,40.74531,-73.941521,40.745589
20.9,2013-01-25 03:28:51 UTC,-73.976984,40.751157,-73.977477,40.740699
28.0,2012-11-16 04:28:46 UTC,-73.985623,40.792931,-73.961217,40.789112
17.3,2012-11-17 15:15:35 UTC,-73.958969,40.784977,-73.955723,40.785489
28.7,2011-08-05 08:00:04 UTC,-73.952067,40.766154,-73.974319,40.779973
20.0,2013-09-27 19:04:35 UTC,-73.997665,40.707064,-73.989964,40.702764
21.6,2011-08-28 01:57:47 UTC,-73.989059,40.699359,-73.983464,40.709986
21.4,2013-05-24 09:16:03 UTC,-73.966492,40.757214,-73.954898,40.756396
22.5,2012-09-16 03:50:24 UTC,-73.982641,40.776408,-73.976657,40.788843
21.3,2012-11-03 13:23:10 UTC,-73.999087,40.747613,-74.008134,40.75438
21.0,2011-02-05 09:48:35 UTC,-73.969186,40.807447,-73.960286,40.813539
20.6,2011-08-11 18:17:48 UTC,-73.96657,40.717527,-73.965577,40.727315
22.3,2011-05-14 06:37:56 UTC,-73.986688,40.713749,-73.976226,40.722081
25.0,2012-11-11 17:33:24 UTC,-73.978773,40.730072,-73.963294,40.74071
26.3,2013-08-06 00:22:08 UTC,-73.991531,40.728931,-73.99275,40.750249
24.8,2011-01-06 01:37:08 UTC,-74.001905,40.765789,-73.993147,40.781958
21.3,2013-06-30 23:46:28 UTC,-73.989941,40.737349,-73.979605,40.742013
18.0,2013-05-25 22:39:25 UTC,-73.978521,40.703565,-73.976934,40.699147
25.6,2011-02-07 02:22:03 UTC,-74.009502,40.776747,-73.989921,40.780412
26.6,2013-10-09 23:46:38 UTC,-73.98848,40.697201,-73.978025,40.677939
20.7,2011-02-11 18:18:01 UTC,-73.978243,40.717863,-73.984097,40.726153
21.1,2013-07-31 00:41:37 UTC,-73.956107,40.701319,-73.953506,40.690718
22.7,2012-05-16 12:41:43 UTC,-73.986252,40.756214,-73.97765,40.767438
29.4,2012-10-25 05:37:32 UTC,-74.004918,40.755581,-73.985717,40.775384
23.5,2011-04-18 22:22:09 UTC,-73.984193,40.807494,-73.977985,40.792984
17.1,2013-12-16 13:14:59 UTC,-73.991331,40.777415,-73.988437,40.776912
23.9,2013-03-14 00:07:02 UTC,-73.968956,40.793249,-73.956318,40.782605
24.3,2013-02-20 16:33:46 UTC,-73.986758,40.758658,-73.988953,40.741375
20.6,2011-11-22 04:45:50 UTC,-74.034211,40.720692,-74.044111,40.719629
20.4,2013-01-08 17:39:47 UTC,-73.906168,40.753843,-73.89913,40.760195
19.9,2013-04-26 20:14:15 UTC,-73.977153,40.767773,-73.980934,40.775317
29.2,2012-10-11 18:36:49 UTC,-73.978216,40.771114,-73.951058,40.772653
24.0,2011-08-21 00:27:31 UTC,-74.010828,40.735828,-74.008299,40.719185
19.2,2013-09-02 08:10:05 UTC,-74.009291,40.764664,-74.002193,40.765897
23.7,2012-01-14 16:26:11 UTC,-73.981839,40.722009,-73.988122,40.707084
25.2,2011-12-26 15:36:20 UTC,-73.973277,40.718702,-73.960631,40.704432
20.6,2011-02-02 16:55:28 UTC,-73.965958,40.716526,-73.966227,40.706558
368.6,2012-07-18 07:09:17 UTC,-73.975251,40.750739,-73.976497,40.761237
18.4,2013-07-11 09:31:40 UTC,-74.003719,40.714665,-74.004724,40.720117
22.3,2011-06-22 02:21:26 UTC,-74.030089,40.737258,-74.043003,40.740484
20.1,2011-10-16 01:10:45 UTC,-73.982004,40.777087,-73.98451,40.768461
19.0,2011-11-26 06:54:59 UTC,-73.990679,40.719126,-73.985218,40.715248
26.0,2011-06-10 06:14:25 UTC,-74.005251,40.734871,-74.020705,40.721169
24.2,2013-06-25 05:26:53 UTC,-73.963439,40.752149,-73.953222,40.765792
26.7,2011-07-21 20:14:29 UTC,-74.011512,40.757407,-74.014195,40.779379
18.7,2013-10-28 23:18:02 UTC,-73.967661,40.735021,-73.965213,40.740587
27.4,2011-02-24 14:35:05 UTC,-74.008203,40.773606,-74.030543,40.780923
17.0,2012-07-07 17:47:17 UTC,-73.977318,40.767714,-73.975068,40.766124
25.3,2011-08-18 18:48:49 UTC,-73.961321,40.784196,-73.971752,40.768001
20.2,2012-04-05 06:51:11 UTC,-73.986759,40.747552,-73.990273,40.739112
23.8,2011-08-14 11:43:23 UTC,-73.946202,40.734615,-73.961876,40.729962
20.4,2013-07-20 17:47:13 UTC,-73.941642,40.729521,-73.950461,40.725668
18.8,2011-03-08 05:22:12 UTC,-73.975256,40.759211,-73.976892,40.753057
17.0,2011-10-04 08:07:16 UTC,-73.969172,40.738685,-73.97189,40.739163
21.8,2011-05-24 18:55:15 UTC,-73.958786,40.732925,-73.949941,40.724423
29.9,2011-02-26 13:51:45 UTC,-73.969111,40.736551,-73.987792,40.758229
22.5,2013-01-19 11:37:19 UTC,-73.971255,40.729489,-73.971769,40.715836
20.1,2012-07-13 08:33:53 UTC,-73.990481,40.755971,-73.991472,40.764844
18.3,2011-12-15 02:09:19 UTC,-74.013747,40.707623,-74.018325,40.705004
20.8,2011-07-13 23:09:39 UTC,-74.007802,40.75909,-74.016934,40.763718
21.7,2011-05-25 21:32:05 UTC,-73.932353,40.770296,-73.921331,40.775378
25.9,2013-10-03 17:08:07 UTC,-73.973551,40.732574,-73.953074,40.734144
25.9,2011-12-11 09:03:19 UTC,-73.984914,40.807661,-74.002054,40.796327
20.5,2013-07-24 00:39:54 UTC,-73.954733,40.750529,-73.963975,40.747208
20.7,2013-03-22 22:56:46 UTC,-73.994989,40.70316,-74.005033,40.704851
17.1,2011-05-24 22:30:49 UTC,-73.968338,40.741563,-73.971153,40.742627
23.7,2012-04-09 15:54:36 UTC,-73.978456,40.75188,-73.965898,40.741648
22.6,2012-11-22 20:09:57 UTC,-73.970799,40.763469,-73.965523,40.776381
28.1,2012-07-09 09:53:48 UTC,-73.986728,40.742277,-73.988267,40.717341
16.9,2011-08-14 18:51:05 UTC,-73.999294,40.719653,-73.99913,40.717152
20.5,2011-12-14 12:40:11 UTC,-73.996457,40.717151,-73.999648,40.707937
19.4,2012-07-15 07:56:49 UTC,-73.995678,40.730392,-73.988291,40.732214
22.3,2012-07-22 21:01:07 UTC,-73.980059,40.733267,-73.971456,40.743434
23.3,2011-04-16 08:59:55 UTC,-74.011123,40.715951,-74.00521,40.701881
31.7,2013-04-10 07:50:02 UTC,-74.004949,40.728016,-74.026914,40.751552
16.6,2012-04-01 12:08:30 UTC,-73.97729,40.769784,-73.977158,40.771802
17.8,2011-02-21 11:54:44 UTC,-73.982554,40.799452,-73.984419,40.80327
24.4,2013-06-11 12:52:44 UTC,-73.976195,40.772664,-73.966282,40.758266
16.9,2011-02-26 21:18:02 UTC,-73.980901,40.789176,-73.97851,40.78871
21.2,2013-12-05 09:48:28 UTC,-73.929621,40.779224,-73.924054,40.78894
18.3,2011-08-20 17:11:48 UTC,-73.977465,40.774994,-73.982418,40.777093
20.4,2013-11-12 10:08:53 UTC,-73.987582,40.739866,-73.978188,40.741268
21.8,2013-12-14 14:08:11 UTC,-73.977977,40.754227,-73.965639,40.753709
26.3,2011-04-23 05:27:07 UTC,-73.959601,40.737381,-73.975871,40.723601
25.1,2012-12-14 14:35:49 UTC,-73.980993,40.743427,-73.993954,40.72959
22.6,2011-04-17 08:40:59 UTC,-73.966305,40.752045,-73.958681,40.763738
20.1,2011-11-19 20:17:45 UTC,-73.972079,40.771407,-73.973803,40.78023
22.9,2013-09-21 16:35:52 UTC,-73.985808,40.7627,-73.975521,40.773002
19.9,2012-02-16 17:14:18 UTC,-73.977782,40.745145,-73.975364,40.736917
19.2,2011-05-04 21:05:46 UTC,-73.948022,40.751666,-73.941093,40.75009
22.8,2013-08-01 08:19:36 UTC,-73.975138,40.763004,-73.982611,40.775322
22.0,2013-03-14 04:06:05 UTC,-73.99972,40.770022,-73.996322,40.757735
21.5,2012-09-23 21:09:45 UTC,-73.98639,40.70443,-73.982964,40.715729
20.2,2012-09-13 13:19:27 UTC,-74.022285,40.717678,-74.029174,40.711813
22.2,2011-03-28 02:00:28 UTC,-73.977252,40.783219,-73.967235,40.774667
25.1,2011-09-22 08:21:01 UTC,-73.953759,40.748174,-73.972712,40.747855
21.3,2011-08-20 05:54:12 UTC,-74.006828,40.737278,-74.004751,40.726108
27.1,2013-12-24 11:42:28 UTC,-73.977005,40.742095,-73.989946,40.723126
20.8,2013-11-06 03:28:54 UTC,-73.960291,40.742089,-73.970514,40.742849
0.4,2012-01-26 11:12:04 UTC,-73.958177,40.766738,-73.948317,40.772081
23.8,2012-04-26 20:06:45 UTC,-73.954404,40.71676,-73.965403,40.728912
22.1,2012-07-19 13:09:03 UTC,-74.017365,40.750743,-74.028786,40.756813
25.9,2012-02-13 22:26:13 UTC,-73.969901,40.757384,-73.964098,40.777038
24.4,2013-12-20 05:31:22 UTC,-74.010111,40.761888,-74.021219,40.775499
21.9,2011-04-21 07:36:02 UTC,-73.999967,40.756686,-73.989785,40.764067
19.6,2013-11-02 01:23:00 UTC,-73.963578,40.765477,-73.957132,40.770163
22.9,2011-11-28 07:18:08 UTC,-73.976839,40.732819,-73.984615,40.74512
27.7,2013-07-12 13:59:26 UTC,-73.965473,40.721746,-73.95567,40.699616
25.6,2012-10-19 09:40:05 UTC,-73.998582,40.82371,-74.017968,40.81891
25.2,2012-11-03 04:41:24 UTC,-73.950528,40.740962,-73.945803,40.722377
22.7,2011-11-29 21:22:35 UTC,-73.966233,40.744466,-73.978696,40.751097
20.2,2011-12-20 23:35:16 UTC,-73.962214,40.770335,-73.967447,40.762908
30.9,2013-10-30 22:43:58 UTC,-74.001603,40.797883,-74.00619,40.828079
22.5,2013-06-28 14:44:40 UTC,-73.956572,40.733664,-73.943758,40.728485
18.2,2012-10-03 18:15:42 UTC,-73.986323,40.720036,-73.991336,40.721099
17.7,2012-05-27 01:47:26 UTC,-73.992225,40.712735,-73.993011,40.708713
18.9,2013-01-03 18:09:18 UTC,-73.967491,40.797793,-73.971872,40.792905
23.6,2013-09-28 15:12:47 UTC,-73.968336,40.718857,-73.978162,40.706392
23.8,2013-05-31 23:07:55 UTC,-73.996936,40.749173,-74.007239,40.736372
26.6,2012-03-09 12:24:58 UTC,-73.938874,40.720681,-73.935787,40.698887
18.4,2013-10-16 20:54:55 UTC,-73.943713,40.706549,-73.943977,40.712004
20.0,2013-12-16 17:37:40 UTC,-73.967899,40.741229,-73.960274,40.736982
25.4,2013-09-15 05:17:48 UTC,-73.971392,40.721866,-73.973813,40.741203
21.9,2012-03-03 02:26:04 UTC,-73.973404,40.729251,-73.975501,40.71681
23.9,2012-03-30 09:09:50 UTC,-74.011,40.810183,-74.003342,40.824946
23.7,2011-02-26 03:09:49 UTC,-73.977744,40.762747,-73.981465,40.778469
25.3,2012-05-15 02:36:47 UTC,-73.978009,40.777944,-73.992405,40.790715
20.0,2012-12-15 12:18:27 UTC,-73.99152,40.77474,-73.983045,40.777088
19.4,2013-12-15 12:59:03 UTC,-73.986187,40.746974,-73.992958,40.743592
22.0,2013-12-13 04:18:36 UTC,-74.027626,40.736808,-74.026957,40.749569
20.7,2013-10-09 13:30:27 UTC,-74.001945,40.757468,-74.008211,40.749553
20.7,2013-03-20 00:22:54 UTC,-73.961563,40.755054,-73.971288,40.757761
25.1,2013-03-06 15:03:40 UTC,-73.945376,40.732936,-73.964363,40.732498
20.4,2012-11-30 17:48:46 UTC,-73.998868,40.753895,-73.995476,40.744981
32.7,2012-09-18 06:24:17 UTC,-73.976343,40.72881,-74.010282,40.731591
0.2,2011-07-30 20:11:24 UTC,-73.958032,40.744856,-73.945049,40.752275
22.6,2011-05-13 00:07:38 UTC,-73.990404,40.739941,-73.980084,40.730633
20.7,2011-04-21 10:17:45 UTC,-73.966475,40.711934,-73.97557,40.716535
29.3,2013-06-19 22:03:43 UTC,-73.980676,40.679465,-73.964793,40.657175
27.2,2013-05-10 00:29:55 UTC,-73.956192,40.721828,-73.935584,40.711337
18.3,2011-07-12 02:21:07 UTC,-74.005649,40.804123,-74.008382,40.79955
18.4,2011-03-25 15:01:16 UTC,-74.002092,40.74071,-73.997982,40.744283
20.0,2012-06-05 06:58:41 UTC,-73.974409,40.773279,-73.973047,40.781972
23.2,2011-09-01 08:53:16 UTC,-73.978076,40.686267,-73.96294,40.687095
23.1,2012-01-28 08:36:23 UTC,-73.981126,40.719751,-73.995053,40.725417
17.0,2013-03-17 10:07:24 UTC,-73.968483,40.709365,-73.970757,40.707759
20.7,2011-04-20 01:09:52 UTC,-73.998613,40.743931,-73.989419,40.747978
20.1,2013-09-02 18:58:30 UTC,-74.007389,40.822659,-73.999253,40.826178
18.2,2013-06-25 05:05:31 UTC,-73.990002,40.763807,-73.99043,40.758717
22.8,2011-06-25 12:58:02 UTC,-73.987766,40.800868,-73.973842,40.797315
18.9,2013-08-09 23:40:55 UTC,-73.985675,40.742367,-73.98334,40.748368
24.7,2013-11-24 05:56:16 UTC,-73.954619,40.790946,-73.953482,40.809067
22.6,2013-08-20 01:11:23 UTC,-73.964592,40.812198,-73.957621,40.824266
21.3,2012-06-06 15:26:47 UTC,-73.969335,40.746719,-73.969944,40.735428
21.3,2011-10-01 21:54:55 UTC,-73.97556,40.733822,-73.975057,40.722566
20.4,2013-01-14 20:58:50 UTC,-73.988684,40.710466,-73.996557,40.705109
30.3,2012-09-23 00:57:47 UTC,-73.997079,40.740728,-73.967745,40.741717
18.0,2012-07-19 17:02:23 UTC,-74.003943,40.752457,-74.008677,40.752939
22.8,2011-09-19 18:21:50 UTC,-73.99389,40.810929,-73.986598,40.823331
27.2,2013-06-09 07:04:51 UTC,-73.980858,40.711151,-73.961771,40.724102
22.3,2012-08-07 14:20:27 UTC,-74.0031,40.75179,-74.016528,40.751847
18.9,2011-10-29 03:55:23 UTC,-73.97661,40.695571,-73.970498,40.693294
18.2,2012-09-19 16:33:19 UTC,-73.983889,40.737197,-73.983657,40.742365
26.1,2012-01-06 13:42:40 UTC,-73.987946,40.759342,-73.969999,40.769974
21.0,2011-03-12 14:19:16 UTC,-73.956769,40.765377,-73.965861,40.770902
20.0,2011-09-16 14:45:39 UTC,-74.029212,40.767671,-74.036735,40.763355
18.7,2013-07-20 09:33:13 UTC,-73.987675,40.761922,-73.988174,40.7558
21.7,2013-05-08 09:56:49 UTC,-74.027049,40.767413,-74.031984,40.756307
18.1,2012-07-15 01:44:30 UTC,-73.975229,40.751372,-73.979822,40.753307
26.2,2011-03-03 13:09:29 UTC,-73.964756,40.718564,-73.944472,40.724795
19.4,2013-02-20 20:08:19 UTC,-74.007022,40.69445,-74.005752,40.701799
22.6,2011-08-15 14:23:48 UTC,-74.004461,40.733599,-74.012308,40.745117
23.3,2012-07-22 15:35:10 UTC,-74.013966,40.745962,-74.017866,40.760765
22.8,2012-01-27 02:18:45 UTC,-73.978727,40.787618,-73.974678,40.773868
18.3,2012-02-24 03:10:50 UTC,-73.986816,40.746982,-73.983442,40.75103
19.3,2012-09-29 15:54:53 UTC,-73.985573,40.744103,-73.991346,40.748496
23.8,2011-01-17 09:23:16 UTC,-73.987359,40.761566,-74.00364,40.760826
19.8,2011-12-06 21:05:06 UTC,-73.999472,40.7419,-73.999977,40.733616
22.9,2013-10-31 11:45:04 UTC,-73.957363,40.774316,-73.958138,40.788763
20.0,2013-06-19 19:53:54 UTC,-73.974553,40.80938,-73.981014,40.803494
28.3,2013-08-11 14:25:32 UTC,-74.003693,40.815724,-73.990895,40.793798
18.5,2012-09-30 23:22:08 UTC,-73.994011,40.752911,-73.988265,40.753112
17.0,2011-05-11 03:47:06 UTC,-73.997441,40.760107,-73.996093,40.757728
25.1,2011-05-30 13:47:28 UTC,-73.951881,40.797366,-73.955489,40.815943
24.6,2011-02-19 15:47:33 UTC,-73.965776,40.745501,-73.948445,40.750398
21.6,2012-03-30 14:31:27 UTC,-73.98253,40.770376,-73.994075,40.767323
18.3,2011-11-23 23:15:25 UTC,-73.945856,40.715945,-73.950822,40.713977
18.1,2013-09-21 16:22:07 UTC,-73.950959,40.740675,-73.955483,40.738591
26.8,2011-09-15 19:57:58 UTC,-73.984614,40.784683,-73.981625,40.806855
20.4,2012-08-27 02:07:58 UTC,-73.988211,40.728454,-73.981602,40.735209
25.3,2011-11-01 04:19:28 UTC,-73.987247,40.746158,-74.000613,40.732087
19.3,2012-10-18 09:40:21 UTC,-73.999055,40.702774,-74.005901,40.700329
17.9,2011-09-19 10:33:30 UTC,-73.945321,40.810173,-73.940844,40.809937
22.1,2012-12-02 22:11:11 UTC,-74.000128,40.787891,-74.00678,40.776815
24.8,2011-04-01 23:11:52 UTC,-73.962634,40.755643,-73.966652,40.737813
18.7,2011-10-28 14:15:03 UTC,-73.966189,40.765225,-73.964463,40.771181
22.0,2012-10-13 16:32:21 UTC,-73.986097,40.761877,-73.995897,40.753831
22.0,2011-01-18 21:47:32 UTC,-73.943799,40.791529,-73.941023,40.804017
18.7,2013-01-15 18:47:13 UTC,-74.011182,40.734436,-74.005056,40.734518
18.0,2012-02-22 23:37:59 UTC,-73.981594,40.771968,-73.98121,40.767225
29.7,2012-08-21 04:43:58 UTC,-73.989781,40.782322,-73.975527,40.758155
22.7,2012-02-24 21:23:35 UTC,-73.960788,40.78646,-73.953534,40.798683
17.1,2012-12-09 06:05:44 UTC,-73.972929,40.682219,-73.973338,40.685154
18.4,2013-04-12 20:39:38 UTC,-74.014546,40.732022,-74.01776,40.72754
25.5,2012-09-14 16:22:12 UTC,-73.95521,40.719425,-73.937663,40.710522
24.3,2013-03-25 18:19:45 UTC,-73.970291,40.754488,-73.976905,40.770479
21.1,2013-10-09 12:43:23 UTC,-74.00071,40.689519,-74.003432,40.678877
18.4,2012-01-10 08:58:02 UTC,-73.986994,40.688631,-73.991092,40.684945
19.1,2012-09-29 10:09:00 UTC,-74.005998,40.815103,-74.00202,40.8208
29.0,2013-12-08 12:13:32 UTC,-73.983417,40.768531,-73.960865,40.783038
17.3,2011-07-13 06:40:55 UTC,-73.976998,40.75363,-73.974531,40.751467
19.6,2011-10-14 03:33:18 UTC,-73.986693,40.76091,-73.989914,40.753562
16.7,2011-09-07 04:08:23 UTC,-73.989009,40.75439,-73.987123,40.753323
23.6,2011-10-27 18:40:09 UTC,-74.012255,40.779921,-74.025383,40.788965
21.4,2012-11-21 09:43:13 UTC,-73.973255,40.731027,-73.975133,40.742321
26.6,2011-02-09 15:48:19 UTC,-74.018489,40.755598,-74.001448,40.741847
19.0,2011-04-18 17:38:04 UTC,-73.979378,40.756823,-73.972759,40.757972
25.1,2012-06-09 05:13:11 UTC,-74.015983,40.718594,-74.003673,40.704252
22.4,2013-12-21 21:25:11 UTC,-73.97899,40.788309,-73.968856,40.797152
19.8,2011-05-16 09:15:51 UTC,-73.980122,40.73663,-73.98721,40.740854
26.2,2011-05-16 08:44:28 UTC,-73.971933,40.780523,-73.952813,40.771311
27.4,2013-05-01 16:18:16 UTC,-73.962754,40.753447,-73.980515,40.768789
18.0,2013-05-20 00:58:51 UTC,-73.959048,40.799008,-73.955723,40.802358
26.0,2012-10-30 13:16:12 UTC,-74.012201,40.718759,-74.032797,40.721011
24.2,2013-05-10 01:26:45 UTC,-73.981164,40.717457,-73.998297,40.715666
20.3,2011-10-12 04:38:18 UTC,-73.939781,40.722829,-73.930426,40.722749
19.6,2013-03-02 13:46:36 UTC,-73.977618,40.753999,-73.984531,40.750184
22.9,2012-10-06 20:23:33 UTC,-73.996627,40.796244,-73.984178,40.788832
28.1,2013-05-31 23:08:26 UTC,-73.981594,40.797793,-74.003338,40.810084
18.1,2013-07-12 09:25:17 UTC,-73.987673,40.680701,-73.988558,40.675774
22.3,2012-11-06 07:17:19 UTC,-74.003529,40.757491,-74.015689,40.752227
17.4,2012-11-02 16:47:17 UTC,-73.962618,40.653611,-73.965903,40.652318
26.2,2013-04-18 00:27:32 UTC,-73.968313,40.773851,-73.952829,40.788096
26.2,2013-12-09 03:54:19 UTC,-74.00669,40.783545,-73.988772,40.794857
18.9,2012-06-18 06:55:35 UTC,-73.981865,40.748793,-73.976736,40.744844
25.7,2012-10-07 23:36:44 UTC,-73.991329,40.752519,-74.007275,40.764787
21.7,2012-11-21 03:23:37 UTC,-74.012032,40.752209,-74.024099,40.75329
19.9,2013-07-29 04:44:31 UTC,-74.008296,40.726467,-74.006696,40.718032
20.3,2012-02-13 09:34:54 UTC,-74.005319,40.762951,-74.013378,40.75819
23.2,2011-08-07 12:31:58 UTC,-73.981169,40.743058,-73.974589,40.75679
29.0,2013-11-01 03:41:25 UTC,-73.989159,40.777909,-73.9724,40.798737
20.8,2012-10-18 08:28:00 UTC,-73.999184,40.746591,-74.00901,40.749789
20.9,2012-03-16 08:33:50 UTC,-73.987838,40.724169,-73.996788,40.718504
21.6,2011-01-28 15:34:15 UTC,-73.965049,40.703924,-73.976854,40.702675
19.7,2011-11-29 02:41:53 UTC,-73.972866,40.694078,-73.975409,40.686454
18.7,2011-04-24 05:05:49 UTC,-73.959963,40.789375,-73.95944,40.783208
19.2,2013-01-11 05:53:59 UTC,-73.984566,40.736266,-73.98435,40.729116
20.1,2011-07-24 13:52:38 UTC,-73.947949,40.760157,-73.938972,40.759364
17.7,2013-07-31 11:52:58 UTC,-73.973038,40.803497,-73.969109,40.804704
16.4,2013-07-12 02:17:25 UTC,-73.989778,40.733116,-73.990365,40.731634
16.8,2011-11-06 07:01:03 UTC,-73.978141,40.731176,-73.977732,40.728962
19.5,2011-04-24 12:46:01 UTC,-74.004962,40.746035,-74.004106,40.75364
16.8,2013-07-18 20:43:36 UTC,-73.986124,40.750883,-73.986702,40.748591
19.1,2011-08-03 00:59:01 UTC,-73.971401,40.806627,-73.978172,40.804976
21.7,2013-01-21 21:33:15 UTC,-73.967767,40.796975,-73.979797,40.795209
23.4,2013-07-04 15:05:44 UTC,-73.988203,40.768626,-73.98678,40.784059
19.1,2012-06-18 09:36:07 UTC,-73.925322,40.793482,-73.930315,40.78857
19.6,2013-06-20 04:51:21 UTC,-73.983444,40.744653,-73.978193,40.750616
19.4,2013-11-21 16:37:16 UTC,-74.013568,40.758975,-74.012848,40.751491
17.4,2011-10-20 22:48:48 UTC,-73.955735,40.740955,-73.955586,40.744454
21.3,2013-12-20 12:31:21 UTC,-73.967857,40.711289,-73.958013,40.716751
24.5,2011-01-07 21:20:05 UTC,-73.975366,40.786116,-73.989412,40.796959
24.7,2013-08-14 13:15:02 UTC,-73.989298,40.765951,-73.971606,40.762108
27.9,2013-12-06 20:49:29 UTC,-73.972133,40.750542,-73.993983,40.739403
23.9,2012-03-01 09:31:22 UTC,-73.94762,40.749926,-73.933112,40.742086
20.6,2012-05-29 00:02:56 UTC,-73.975967,40.704814,-73.973959,40.714459
26.4,2013-01-10 06:02:35 UTC,-74.009401,40.720676,-74.014641,40.741493
24.1,2011-11-19 22:03:30 UTC,-74.049067,40.760085,-74.063783,40.768429
22.6,2011-03-07 13:36:30 UTC,-73.972309,40.734127,-73.978304,40.721505
19.7,2013-06-03 01:30:46 UTC,-73.999718,40.743469,-74.001355,40.751475
20.5,2013-01-16 21:09:51 UTC,-73.981994,40.74686,-73.980045,40.737422
23.1,2013-12-05 22:53:45 UTC,-73.996182,40.729526,-73.981726,40.726035
16.6,2012-07-31 07:55:05 UTC,-73.997618,40.720962,-73.996884,40.722835
18.0,2013-12-26 17:49:53 UTC,-73.995305,40.701629,-73.992109,40.705183
17.4,2011-08-23 02:47:04 UTC,-73.993498,40.745604,-73.989996,40.746259
19.1,2013-12-13 01:46:47 UTC,-73.964475,40.768558,-73.967751,40.762547
21.0,2011-04-22 23:35:27 UTC,-73.968527,40.700691,-73.970449,40.711291
18.3,2011-10-31 16:33:15 UTC,-74.00416,40.749279,-74.005229,40.744003
22.6,2013-05-17 06:17:05 UTC,-74.001435,40.758434,-73.99517,40.770979
23.8,2012-01-05 06:33:50 UTC,-73.972418,40.720313,-73.981547,40.706719
18.4,2011-12-15 03:13:04 UTC,-73.95895,40.792664,-73.964016,40.79482
22.0,2011-03-30 06:07:14 UTC,-73.959257,40.738429,-73.955694,40.726167
22.4,2012-06-06 19:54:35 UTC,-74.000058,40.746962,-74.010823,40.738621
18.3,2013-06-28 05:24:15 UTC,-73.960214,40.745162,-73.959077,40.740032
23.7,2011-07-29 00:39:00 UTC,-74.015525,40.696877,-74.020982,40.712083
22.6,2013-10-21 18:20:59 UTC,-73.984058,40.780263,-73.979005,40.793343
23.8,2013-05-08 09:49:11 UTC,-73.970259,40.721334,-73.956521,40.730077
18.4,2011-02-01 00:07:41 UTC,-74.021576,40.742904,-74.027022,40.743237
19.5,2013-11-15 09:49:40 UTC,-73.938143,40.76793,-73.930566,40.76981
22.0,2011-07-17 22:11:53 UTC,-73.953466,40.793827,-73.95146,40.806492
19.6,2011-05-27 11:49:47 UTC,-73.96706,40.717602,-73.970898,40.724615
15.7,2013-02-08 10:43:36 UTC,-73.999301,40.736605,-73.999234,40.736786
25.5,2012-11-29 23:37:24 UTC,-73.981362,40.791473,-73.968383,40.806339
19.8,2013-05-24 20:41:35 UTC,-73.964192,40.763911,-73.96591,40.772057
22.3,2013-06-23 11:09:58 UTC,-74.002453,40.770135,-73.989362,40.772559
18.0,2013-10-02 04:32:04 UTC,-73.983609,40.718466,-73.984809,40.713876
23.2,2012-08-14 04:36:28 UTC,-73.961792,40.738624,-73.975917,40.733131
17.5,2013-07-02 05:52:17 UTC,-74.009892,40.744965,-74.011359,40.741603
23.4,2011-06-09 09:46:30 UTC,-73.973352,40.724263,-73.988255,40.728833
20.1,2012-11-26 21:10:25 UTC,-74.015095,40.699763,-74.018273,40.708121
23.1,2013-01-01 18:56:44 UTC,-73.998877,40.734685,-74.002438,40.720242
28.9,2013-03-05 19:02:15 UTC,-73.990092,40.790629,-73.971923,40.771163
25.0,2011-04-13 11:28:14 UTC,-73.969729,40.751775,-73.953635,40.74226
17.7,2011-04-29 16:00:28 UTC,-73.994016,40.791229,-73.993162,40.787152
24.1,2013-10-09 07:45:31 UTC,-73.977489,40.755371,-73.965375,40.76733
18.1,2012-04-19 18:07:50 UTC,-73.993745,40.727059,-73.997722,40.724255
22.9,2013-03-14 09:54:34 UTC,-73.990612,40.788329,-74.004885,40.790876
19.0,2013-01-21 23:35:24 UTC,-73.954987,40.75637,-73.949709,40.760549
21.1,2013-08-14 19:44:52 UTC,-74.003005,40.778855,-73.999391,40.768619
24.3,2012-04-09 22:24:47 UTC,-73.964817,40.71795,-73.974192,40.732549
21.2,2012-11-30 16:30:05 UTC,-73.980021,40.781163,-73.988954,40.774515
24.7,2013-01-08 19:55:03 UTC,-73.991511,40.782067,-73.982115,40.797665
24.1,2013-01-13 19:40:53 UTC,-74.00435,40.758693,-74.021186,40.757431
18.9,2011-09-14 12:25:33 UTC,-74.002925,40.725792,-73.997343,40.722417
21.4,2012-02-12 12:28:57 UTC,-73.994773,40.74862,-73.997918,40.737512
18.6,2012-01-01 10:09:30 UTC,-73.983001,40.768339,-73.977405,40.770312
27.9,2012-05-01 09:23:32 UTC,-73.96793,40.757037,-73.958047,40.779581
20.5,2012-09-12 01:16:20 UTC,-73.986005,40.768032,-73.994748,40.772168
21.5,2012-07-23 14:07:31 UTC,-73.984666,40.780367,-73.996068,40.783072
23.7,2013-03-16 08:56:31 UTC,-73.98168,40.730547,-73.967017,40.723881
18.6,2012-06-06 21:33:40 UTC,-73.970464,40.715348,-73.971036,40.721268
17.5,2012-10-20 21:17:36 UTC,-73.967104,40.748874,-73.963826,40.75045
20.2,2011-03-23 11:03:46 UTC,-74.007739,40.740108,-73.998632,40.739479
21.0,2013-12-10 04:05:12 UTC,-73.985641,40.773575,-73.995254,40.778523
25.8,2012-07-21 13:03:51 UTC,-73.955452,40.717765,-73.946432,40.699607
18.9,2013-10-11 11:14:25 UTC,-74.006322,40.780611,-73.999921,40.779606
25.1,2013-02-17 01:44:26 UTC,-73.978514,40.790608,-73.963814,40.778638
22.9,2011-11-10 07:20:20 UTC,-73.983417,40.750009,-73.968891,40.750298
19.3,2012-11-28 12:08:27 UTC,-73.991334,40.751822,-73.990699,40.74458
462.8,2013-10-26 14:22:47 UTC,-73.948184,40.726974,-73.940654,40.720415
22.3,2011-08-16 16:08:11 UTC,-73.979263,40.73372,-73.978818,40.720386
21.3,2012-11-22 11:53:05 UTC,-73.949777,40.73775,-73.948325,40.748907
22.2,2011-04-18 08:51:36 UTC,-73.979887,40.793288,-73.991176,40.786511
18.9,2012-09-20 02:33:07 UTC,-73.970795,40.747844,-73.97304,40.741601
27.4,2013-06-24 14:40:41 UTC,-73.991544,40.710335,-74.009492,40.725641
18.6,2012-07-08 08:13:36 UTC,-73.991322,40.757661,-73.992697,40.76334
27.8,2013-05-08 08:31:03 UTC,-73.971813,40.774789,-73.958613,40.754442
23.6,2013-10-22 18:32:20 UTC,-73.971446,40.749238,-73.963667,40.763091
23.9,2013-10-21 11:10:00 UTC,-73.96804,40.794076,-73.966918,40.810555
23.5,2013-07-30 10:06:01 UTC,-73.972466,40.773325,-73.974487,40.788869
19.9,2011-05-23 07:53:51 UTC,-74.006728,40.718526,-74.012132,40.725208
22.8,2012-01-12 14:25:39 UTC,-73.996127,40.733457,-74.005312,40.72244
19.7,2013-10-17 09:50:34 UTC,-73.963001,40.756787,-73.954814,40.756295
26.2,2013-10-08 13:40:40 UTC,-74.019169,40.700014,-74.03452,40.68553
24.5,2011-05-04 05:07:42 UTC,-73.974148,40.760091,-73.989728,40.751431
22.8,2012-08-30 07:43:09 UTC,-73.982238,40.697153,-73.973194,40.686044
18.9,2011-02-21 05:29:40 UTC,-73.963008,40.780703,-73.96093,40.774433
16.5,2011-01-05 20:55:05 UTC,-73.971668,40.777218,-73.971219,40.778858
18.1,2011-08-05 23:21:12 UTC,-73.99328,40.765143,-73.991209,40.760694
26.0,2013-01-07 18:25:59 UTC,-73.994187,40.729724,-73.974086,40.724845
17.1,2011-01-03 01:27:01 UTC,-73.990456,40.755106,-73.989895,40.752197
23.3,2011-05-30 06:03:48 UTC,-73.968399,40.734599,-73.965466,40.749593
30.6,2012-04-12 05:08:51 UTC,-74.026044,40.719076,-74.005464,40.740713
17.9,2013-07-10 03:25:27 UTC,-73.976852,40.739838,-73.977488,40.735331
24.4,2013-06-01 09:17:14 UTC,-73.997661,40.770948,-73.980398,40.774309
27.0,2012-05-23 00:04:36 UTC,-73.976183,40.751314,-73.997253,40.742902
22.6,2011-12-26 21:21:21 UTC,-73.97311,40.793521,-73.984729,40.801198
19.7,2013-11-04 16:50:44 UTC,-74.013247,40.772973,-74.019926,40.768209
20.2,2012-12-03 21:20:41 UTC,-73.984537,40.769761,-73.978697,40.76265
29.0,2012-12-21 04:17:16 UTC,-73.976889,40.701732,-73.959149,40.721748
23.0,2011-09-03 06:24:36 UTC,-73.978241,40.741445,-73.984149,40.727885
28.8,2012-07-05 07:42:08 UTC,-73.982444,40.718069,-73.972661,40.693541
27.4,2011-06-28 08:22:30 UTC,-74.004418,40.74451,-73.982045,40.751858
23.7,2012-11-02 19:30:16 UTC,-74.001373,40.729202,-73.985725,40.725525
19.4,2013-04-05 21:34:29 UTC,-74.007561,40.738672,-74.0116,40.732212
30.0,2012-03-12 18:39:36 UTC,-73.968919,40.781835,-73.960233,40.809151
19.7,2012-09-25 05:33:55 UTC,-73.982311,40.764257,-73.978917,40.77156
18.9,2011-01-25 18:12:37 UTC,-73.981035,40.780213,-73.98763,40.779628
19.8,2012-01-13 23:04:10 UTC,-74.01411,40.70198,-74.009837,40.6949
18.9,2012-04-06 12:29:39 UTC,-73.980672,40.751739,-73.98541,40.756197
24.3,2012-03-03 02:20:54 UTC,-73.967327,40.779001,-73.966084,40.761673
23.0,2013-05-19 01:39:36 UTC,-74.016837,40.795189,-74.030621,40.790028
24.4,2013-06-04 16:57:33 UTC,-73.990708,40.703557,-74.008337,40.703186
17.4,2011-11-27 03:10:08 UTC,-74.011407,40.739455,-74.014272,40.74159
17.4,2012-03-29 23:33:57 UTC,-73.988406,40.781027,-73.985224,40.779602
22.3,2011-04-21 04:31:59 UTC,-73.99802,40.744232,-74.009298,40.7373
20.9,2013-06-26 12:31:16 UTC,-73.972382,40.722687,-73.967119,40.731894
23.9,2011-02-02 10:47:42 UTC,-73.976615,40.7035,-73.976188,40.686983
19.2,2011-08-14 06:50:29 UTC,-73.95417,40.721539,-73.947667,40.71876
21.0,2012-09-28 19:38:22 UTC,-73.981082,40.699333,-73.971625,40.694154
24.0,2011-10-27 02:22:53 UTC,-73.97323,40.751754,-73.959794,40.761872
19.4,2011-11-10 15:38:22 UTC,-73.991154,40.776889,-73.985121,40.7723
18.3,2013-04-05 04:56:22 UTC,-74.002061,40.712171,-74.005014,40.716547
17.5,2012-07-29 18:48:47 UTC,-73.963305,40.757732,-73.961416,40.761062
30.5,2011-04-04 20:23:20 UTC,-73.955135,40.775358,-73.931843,40.757007
20.6,2013-11-15 18:56:49 UTC,-73.965887,40.749919,-73.956032,40.749262
24.4,2013-06-01 03:25:32 UTC,-73.977375,40.701679,-73.97666,40.684252
17.5,2011-04-10 03:08:07 UTC,-73.999482,40.761586,-74.000987,40.765099
20.4,2012-12-06 22:05:54 UTC,-73.957167,40.748361,-73.96315,40.741057
24.0,2013-09-22 13:20:21 UTC,-73.96841,40.745305,-73.980282,40.757172
24.2,2012-11-29 00:35:43 UTC,-73.939502,40.733595,-73.922421,40.731787
20.2,2012-01-24 08:21:03 UTC,-74.003088,40.752604,-73.998303,40.744903
24.4,2013-12-25 15:15:52 UTC,-73.962749,40.765295,-73.975437,40.777293
20.0,2011-11-17 14:23:03 UTC,-73.969018,40.821719,-73.970271,40.813001
23.4,2012-03-22 17:16:06 UTC,-73.986841,40.75337,-73.974136,40.762317
18.9,2012-01-05 12:51:51 UTC,-73.952723,40.795334,-73.957193,40.80001
20.1,2012-07-30 01:48:21 UTC,-73.971953,40.760733,-73.980098,40.757078
22.5,2013-09-18 02:16:11 UTC,-73.998738,40.747014,-73.99517,40.733654
22.7,2011-12-16 11:29:19 UTC,-73.982367,40.754456,-73.975785,40.766873
19.0,2012-03-01 06:41:49 UTC,-73.998977,40.713348,-74.003434,40.718353
20.5,2011-09-12 21:37:06 UTC,-73.98937,40.759176,-73.995366,40.751456
18.2,2012-03-19 16:29:11 UTC,-73.965923,40.690238,-73.961318,40.692684
23.2,2012-11-19 17:45:42 UTC,-73.960215,40.72412,-73.971463,40.734182
18.4,2013-01-26 00:10:33 UTC,-73.975576,40.753295,-73.980958,40.754415
17.0,2013-11-24 19:32:20 UTC,-73.995001,40.785819,-73.996205,40.788203
22.0,2013-04-19 18:25:32 UTC,-73.972368,40.792919,-73.964978,40.803239
23.6,2011-04-05 00:10:52 UTC,-73.965532,40.742904,-73.969809,40.758276
18.5,2012-07-06 04:01:12 UTC,-74.019442,40.754672,-74.013809,40.753476
24.5,2012-10-26 11:13:04 UTC,-73.97767,40.779531,-73.96601,40.766156
22.6,2012-07-24 23:41:51 UTC,-73.983804,40.710115,-73.988868,40.697089
32.1,2013-04-13 03:11:10 UTC,-73.960926,40.762142,-73.928696,40.755232
24.1,2013-12-27 10:08:09 UTC,-73.972286,40.725163,-73.95809,40.715814
24.2,2013-11-04 09:30:21 UTC,-73.970313,40.744845,-73.967588,40.728021
24.9,2013-02-12 00:28:20 UTC,-73.989638,40.736229,-73.991456,40.754708
19.5,2012-11-24 23:51:29 UTC,-73.979967,40.763061,-73.98552,40.768342
24.3,2012-09-03 22:57:21 UTC,-73.961126,40.766509,-73.944514,40.761271
16.7,2011-09-01 07:10:46 UTC,-73.981298,40.776732,-73.979193,40.776407
27.1,2013-10-07 07:12:17 UTC,-73.976507,40.760446,-73.990895,40.742582
26.0,2012-11-28 17:10:12 UTC,-74.010719,40.75515,-74.02784,40.766723
25.4,2012-08-31 17:36:37 UTC,-73.981371,40.805621,-73.980246,40.786125
18.3,2013-10-21 06:26:35 UTC,-74.02024,40.704269,-74.018896,40.70937
25.9,2011-06-09 08:14:30 UTC,-73.990323,40.800868,-73.999493,40.782484
23.5,2011-05-07 05:24:48 UTC,-73.97873,40.741305,-73.993874,40.737165
27.2,2013-08-05 17:21:30 UTC,-73.964659,40.767127,-73.98429,40.779554
24.6,2012-09-03 08:45:02 UTC,-73.999983,40.74023,-74.007576,40.723891
17.6,2013-05-14 10:00:43 UTC,-73.972526,40.728924,-73.976154,40.727437
20.3,2013-12-16 08:04:14 UTC,-73.95063,40.764537,-73.943712,40.770815
18.0,2013-02-15 12:27:12 UTC,-73.992815,40.781264,-73.994118,40.785906
21.0,2011-01-24 12:58:09 UTC,-74.010941,40.76419,-74.000301,40.764892
19.5,2011-04-13 21:36:51 UTC,-73.974203,40.733737,-73.968152,40.738694
19.6,2012-11-09 19:09:09 UTC,-74.00384,40.858341,-73.998708,40.852232
26.5,2011-03-30 20:55:27 UTC,-73.99638,40.785957,-73.986587,40.805285
26.3,2012-02-03 05:51:11 UTC,-73.961533,40.778,-73.9754,40.761894
22.0,2012-08-09 05:32:01 UTC,-73.942462,40.739411,-73.947824,40.751032
27.7,2011-02-24 14:35:04 UTC,-74.000014,40.731245,-73.976,40.73314
25.7,2013-08-27 16:33:51 UTC,-73.994748,40.741605,-74.013811,40.747776
19.9,2011-11-26 19:29:02 UTC,-73.988797,40.782442,-73.991775,40.790388
19.3,2012-07-16 04:02:39 UTC,-73.990956,40.720282,-73.986195,40.725838
25.9,2013-10-25 11:13:38 UTC,-73.941334,40.717954,-73.960104,40.709844
19.7,2013-05-18 07:11:14 UTC,-73.990611,40.766186,-73.998138,40.763324
28.0,2011-01-28 06:39:06 UTC,-73.987755,40.759576,-73.967795,40.74506
17.4,2012-08-02 22:02:48 UTC,-73.947676,40.726891,-73.945972,40.723906
18.9,2012-01-09 18:58:46 UTC,-73.968466,40.717264,-73.974211,40.720489
18.8,2011-08-06 11:50:37 UTC,-73.960282,40.793137,-73.958177,40.799208
19.1,2013-08-05 19:09:25 UTC,-73.998122,40.76071,-74.003886,40.764624
27.9,2013-12-07 17:13:35 UTC,-73.990604,40.709094,-73.973478,40.691543
21.3,2013-06-02 22:20:07 UTC,-74.000794,40.711191,-74.010705,40.705569
19.9,2012-08-29 16:41:28 UTC,-73.963975,40.739155,-73.969203,40.732532
25.6,2013-08-13 02:20:56 UTC,-73.955495,40.771985,-73.970417,40.758884
20.1,2012-08-06 13:57:38 UTC,-73.991995,40.76785,-73.99495,40.759491
16.5,2012-10-17 17:30:10 UTC,-73.987285,40.78395,-73.98903,40.783963
24.9,2011-04-12 19:52:45 UTC,-73.98641,40.70529,-73.974453,40.719427
22.6,2013-06-03 12:03:19 UTC,-74.010944,40.756715,-74.021112,40.747185
21.8,2012-01-30 17:00:43 UTC,-73.993476,40.792777,-73.98864,40.781489
18.7,2011-06-16 11:32:53 UTC,-73.964535,40.789984,-73.963667,40.783989
25.2,2012-05-26 03:17:46 UTC,-73.997508,40.760767,-74.016433,40.764142
22.7,2011-06-08 02:38:37 UTC,-73.97814,40.820441,-73.985393,40.832678
19.5,2012-04-07 14:05:07 UTC,-74.00616,40.768279,-74.013811,40.767413
26.7,2011-04-14 21:00:57 UTC,-73.98288,40.781282,-73.96605,40.766824
22.4,2013-11-02 22:23:20 UTC,-73.991266,40.751333,-73.985809,40.739003
16.8,2012-09-12 10:03:06 UTC,-74.004433,40.726571,-74.002987,40.728454
37.7,2013-08-13 11:58:12 UTC,-73.964192,40.723744,-74.007146,40.733696
28.8,2012-03-13 11:15:05 UTC,-73.963067,40.755448,-73.98215,40.773606
22.6,2013-11-03 18:47:58 UTC,-73.999391,40.743655,-73.992113,40.731831
19.6,2011-11-10 03:36:40 UTC,-73.984324,40.696942,-73.976503,40.69834
22.0,2013-06-06 02:53:09 UTC,-73.979114,40.719226,-73.986536,40.708928
20.1,2013-04-28 18:41:29 UTC,-74.016295,40.740448,-74.016018,40.731462
20.6,2012-06-13 18:14:38 UTC,-74.007942,40.771818,-74.008374,40.761985
17.5,2013-09-30 21:38:41 UTC,-73.954274,40.749518,-73.95258,40.746175
20.4,2013-01-29 21:59:29 UTC,-74.001303,40.747838,-74.005023,40.739015
28.7,2012-06-15 09:24:22 UTC,-73.954836,40.720393,-73.946683,40.745181
21.6,2011-11-02 08:29:47 UTC,-74.006908,40.750695,-73.995847,40.746098
22.5,2012-11-09 09:36:06 UTC,-73.966823,40.789573,-73.97642,40.799451
22.5,2011-05-13 14:50:41 UTC,-73.986226,40.754667,-73.99817,40.748072
27.5,2012-01-27 23:08:10 UTC,-73.983415,40.704781,-73.991376,40.727113
17.3,2012-05-22 21:33:34 UTC,-73.942881,40.712454,-73.942394,40.715845
20.2,2013-08-30 10:59:31 UTC,-74.005084,40.767664,-74.001527,40.776033
20.6,2011-04-16 14:37:00 UTC,-73.968104,40.743271,-73.96022,40.73736
22.5,2013-05-05 10:39:21 UTC,-73.96893,40.747763,-73.959216,40.757527
18.1,2012-05-29 13:01:31 UTC,-73.912909,40.731618,-73.909284,40.734967
17.8,2013-10-04 05:32:45 UTC,-74.001543,40.765102,-73.999247,40.761313
25.5,2012-10-07 08:38:24 UTC,-73.99252,40.740972,-73.976031,40.730174
16.8,2013-01-07 10:45:36 UTC,-73.963682,40.744402,-73.963632,40.742026
19.0,2011-10-24 06:56:45 UTC,-73.984005,40.724463,-73.978105,40.721232
20.3,2011-08-28 21:47:38 UTC,-73.989261,40.777651,-73.986058,40.786341
17.1,2011-05-18 20:05:48 UTC,-73.96085,40.743366,-73.962582,40.741044
25.3,2012-03-18 13:35:26 UTC,-73.985331,40.768236,-73.986997,40.749021
23.0,2012-04-01 22:05:30 UTC,-73.997837,40.714192,-73.984618,40.720654
22.1,2013-04-28 20:42:59 UTC,-73.965476,40.802016,-73.966378,40.814948
24.1,2011-02-05 20:26:40 UTC,-73.972494,40.788321,-73.976021,40.771661
25.4,2013-03-06 15:34:35 UTC,-73.986257,40.692706,-73.993627,40.710753
22.9,2013-09-07 00:22:54 UTC,-73.987206,40.725942,-73.982981,40.739908
19.7,2011-05-30 02:34:15 UTC,-73.998298,40.764329,-74.00342,40.75802
21.5,2011-06-02 16:38:12 UTC,-73.965498,40.710408,-73.96218,40.699237
21.0,2011-10-07 05:23:32 UTC,-73.987202,40.746052,-73.985425,40.756582
22.8,2013-03-14 02:05:57 UTC,-73.995397,40.762799,-73.999671,40.749102
23.4,2011-03-21 12:27:40 UTC,-74.005711,40.744458,-74.019667,40.737775
24.0,2011-06-03 10:51:24 UTC,-73.972157,40.766165,-73.982449,40.753014
20.0,2013-11-20 20:44:54 UTC,-73.990172,40.7292,-73.99889,40.729259
24.5,2012-01-06 02:11:50 UTC,-74.020254,40.682675,-74.030294,40.697326
18.6,2012-03-05 21:40:24 UTC,-74.004065,40.779463,-73.999513,40.783213
27.4,2012-01-11 16:37:35 UTC,-73.984672,40.779274,-73.96338,40.789455
18.7,2012-02-24 18:43:56 UTC,-73.984111,40.825109,-73.989221,40.821591
17.6,2013-04-08 19:35:53 UTC,-73.984871,40.683784,-73.988714,40.684757
22.4,2013-09-04 03:54:53 UTC,-73.987655,40.772525,-73.993501,40.760261
19.9,2012-08-25 22:27:52 UTC,-74.009517,40.69094,-74.00094,40.689971
19.9,2012-07-24 21:43:51 UTC,-73.997491,40.802695,-73.993227,40.795235
16.4,2013-06-11 15:16:54 UTC,-73.956324,40.764636,-73.956491,40.763033
21.8,2013-05-12 14:12:39 UTC,-73.959275,40.721442,-73.971407,40.719152
20.7,2013-01-15 06:09:56 UTC,-73.968441,40.773407,-73.978119,40.770262
26.2,2013-06-18 10:40:35 UTC,-73.97021,40.733409,-73.968457,40.754484
24.5,2011-08-15 10:02:57 UTC,-73.961905,40.759012,-73.959672,40.776688
22.7,2013-04-29 18:45:55 UTC,-74.002416,40.756179,-74.002577,40.77034
25.2,2013-09-18 01:58:01 UTC,-73.979341,40.802325,-73.972692,40.820276
25.0,2011-05-10 09:22:14 UTC,-74.002405,40.804448,-74.014631,40.818641
17.2,2012-09-21 11:42:16 UTC,-74.002058,40.732082,-73.999022,40.731858
17.0,2012-08-16 13:16:14 UTC,-73.972639,40.781743,-73.970159,40.780494
20.6,2011-07-23 15:31:22 UTC,-73.961065,40.760645,-73.970644,40.762999
18.8,2012-09-05 01:33:15 UTC,-73.983877,40.70762,-73.989926,40.705513
21.9,2011-04-14 06:32:03 UTC,-73.94702,40.729113,-73.940089,40.718713
21.5,2012-07-29 19:06:17 UTC,-73.975764,40.820084,-73.98715,40.82305
30.2,2012-03-27 16:10:42 UTC,-73.995536,40.760736,-73.970898,40.745074
18.5,2013-06-25 14:45:16 UTC,-74.001735,40.779993,-73.996177,40.78137
20.6,2013-08-29 09:27:47 UTC,-73.959637,40.743639,-73.960211,40.733691
17.0,2012-11-05 07:26:21 UTC,-73.977431,40.733802,-73.979952,40.732991
19.7,2013-10-10 23:01:30 UTC,-73.966479,40.750818,-73.958597,40.75273
18.3,2012-07-29 00:13:24 UTC,-74.033159,40.742017,-74.037273,40.738488
24.0,2012-03-13 18:32:41 UTC,-73.975107,40.705202,-73.97881,40.688797
25.0,2013-09-16 11:09:33 UTC,-73.990235,40.7199,-73.97571,40.70802
18.9,2013-06-30 07:45:28 UTC,-74.007875,40.771237,-74.012591,40.775819
18.5,2011-01-15 15:10:43 UTC,-73.981254,40.738579,-73.979893,40.733005
20.4,2012-02-18 02:08:17 UTC,-73.958164,40.750771,-73.965766,40.75638
16.9,2013-09-25 03:05:50 UTC,-73.934675,40.757048,-73.932085,40.757145
18.7,2013-09-02 10:21:35 UTC,-73.975157,40.759392,-73.969351,40.757413
24.2,2011-08-30 22:25:59 UTC,-73.994183,40.784397,-73.977354,40.787874
21.4,2013-01-04 04:53:37 UTC,-73.99539,40.717039,-74.004764,40.71029
23.1,2011-01-25 01:11:21 UTC,-73.960737,40.767108,-73.975216,40.771112
18.1,2012-11-14 12:26:53 UTC,-73.999937,40.772651,-74.002605,40.768456
28.7,2011-02-24 16:04:51 UTC,-73.967551,40.779576,-73.973723,40.804938
21.3,2013-02-19 09:14:14 UTC,-73.974126,40.707612,-73.974281,40.696273
18.8,2013-11-07 17:01:22 UTC,-73.976338,40.757645,-73.971118,40.754072
27.1,2012-07-12 21:54:24 UTC,-74.011362,40.801482,-73.988712,40.798313
22.8,2011-07-22 17:47:41 UTC,-73.987139,40.747026,-73.991654,40.733508
27.3,2013-11-02 08:58:52 UTC,-74.009163,40.764505,-74.031267,40.771763
18.1,2012-11-15 05:05:42 UTC,-73.991765,40.773412,-73.994145,40.769125
27.7,2011-08-31 10:09:22 UTC,-73.961657,40.719236,-73.958152,40.695438
21.6,2012-09-04 01:15:44 UTC,-73.955379,40.805015,-73.965075,40.811966
19.0,2011-04-21 05:39:55 UTC,-73.975721,40.764985,-73.973384,40.758623
16.5,2013-01-19 04:16:21 UTC,-73.991407,40.765585,-73.990032,40.764536
19.3,2013-03-17 08:47:17 UTC,-73.948238,40.700139,-73.945639,40.706907
20.0,2012-05-04 00:52:49 UTC,-73.991672,40.773836,-73.983759,40.770189
17.5,2013-11-08 01:58:03 UTC,-74.002714,40.765192,-74.003541,40.761463
28.3,2012-09-10 02:40:09 UTC,-73.96607,40.798726,-73.960595,40.823373
29.7,2011-02-03 06:46:58 UTC,-73.970845,40.740662,-73.988835,40.719125
23.7,2011-12-05 09:55:51 UTC,-73.990852,40.72037,-74.000475,40.707511
21.4,2012-09-13 03:56:42 UTC,-73.977995,40.729533,-73.981411,40.718612
25.9,2012-10-04 22:16:06 UTC,-73.971157,40.734851,-73.981208,40.752741
18.9,2012-09-10 17:59:45 UTC,-73.975926,40.716435,-73.97586,40.709988
17.7,2011-10-29 05:30:28 UTC,-73.970821,40.788705,-73.974259,40.791107
18.9,2011-06-12 16:59:11 UTC,-73.990114,40.789831,-73.994666,40.78509
21.0,2013-12-22 03:51:47 UTC,-73.969475,40.744126,-73.960637,40.750158
16.1,2012-03-20 23:09:57 UTC,-73.979649,40.738217,-73.978811,40.73809
21.2,2012-06-25 06:09:38 UTC,-73.989436,40.695536,-74.000273,40.698067
22.7,2013-12-14 17:40:53 UTC,-73.984918,40.770879,-73.990951,40.783751
20.0,2012-01-05 16:10:00 UTC,-73.981958,40.799603,-73.974426,40.804006
19.4,2013-04-28 03:35:45 UTC,-74.008908,40.730884,-74.00691,40.723533
21.8,2011-11-12 08:44:59 UTC,-73.992733,40.746496,-73.980774,40.749617
28.4,2012-09-19 05:28:36 UTC,-73.978702,40.763029,-73.970236,40.787215
19.1,2013-06-26 08:40:48 UTC,-74.00702,40.801733,-74.01091,40.807382
22.8,2011-12-05 16:53:47 UTC,-73.992398,40.755993,-73.978043,40.757512
25.9,2012-11-14 02:13:48 UTC,-73.932307,40.755863,-73.917129,40.742157
25.3,2011-03-26 11:59:23 UTC,-74.002585,40.75538,-74.020439,40.762624
20.0,2011-05-06 01:07:43 UTC,-73.987676,40.707249,-73.987358,40.715971
18.8,2011-10-31 07:27:15 UTC,-73.996674,40.706596,-74.002173,40.709724
17.1,2013-12-11 14:03:25 UTC,-73.982337,40.72576,-73.984942,40.726901
30.4,2012-05-25 14:35:31 UTC,-73.996298,40.780387,-74.00446,40.808712
22.0,2012-07-27 10:37:03 UTC,-73.984865,40.739939,-73.994279,40.748494
23.3,2011-07-20 02:54:27 UTC,-73.994371,40.734112,-73.985359,40.746512
21.5,2013-12-06 08:01:02 UTC,-73.958897,40.733585,-73.970578,40.734254
16.4,2013-10-14 20:43:47 UTC,-73.978367,40.74587,-73.977434,40.744554
23.1,2013-12-28 09:27:14 UTC,-74.000059,40.801063,-74.013551,40.807384
22.0,2012-06-09 13:22:12 UTC,-73.963184,40.745464,-73.95049,40.744139
15.9,2013-11-05 07:07:16 UTC,-73.999165,40.726411,-73.998865,40.725907
20.0,2011-02-27 23:47:48 UTC,-74.011282,40.750757,-74.003829,40.755389
18.4,2013-11-03 06:56:50 UTC,-73.980061,40.802653,-73.97811,40.797524
17.3,2013-09-19 16:58:30 UTC,-73.941855,40.734915,-73.944387,40.737119
16.2,2012-01-29 05:38:24 UTC,-74.016553,40.71457,-74.01587,40.715371
24.6,2011-12-24 04:29:33 UTC,-74.00662,40.73497,-73.991546,40.744641
21.1,2011-01-18 23:48:55 UTC,-73.964949,40.753863,-73.973924,40.74775
31.8,2013-12-17 22:38:20 UTC,-73.992846,40.770647,-74.01834,40.750648
19.9,2012-05-01 22:38:47 UTC,-73.967761,40.780207,-73.97563,40.7771
22.0,2013-12-06 14:42:01 UTC,-73.99675,40.718628,-74.008841,40.722601
22.5,2013-07-12 14:15:32 UTC,-73.977161,40.721475,-73.967481,40.731116
19.2,2013-12-06 11:38:38 UTC,-73.945111,40.740302,-73.946868,40.733374
20.6,2013-07-13 10:48:02 UTC,-74.003892,40.770535,-73.995617,40.775956
21.3,2012-09-15 04:59:01 UTC,-73.959525,40.7122,-73.959206,40.723551
19.4,2011-03-28 06:59:09 UTC,-73.966406,40.73178,-73.966319,40.739293
19.7,2012-03-28 14:11:31 UTC,-74.009785,40.732218,-74.008145,40.724311
23.8,2013-07-26 21:16:19 UTC,-73.968822,40.778252,-73.954022,40.77142
18.0,2012-01-27 14:33:48 UTC,-73.978544,40.765848,-73.976679,40.770198
25.5,2012-05-23 07:10:46 UTC,-73.978178,40.777112,-73.967086,40.793365
20.9,2012-11-15 17:49:24 UTC,-73.97327,40.79016,-73.962818,40.790302
16.8,2011-06-26 21:44:34 UTC,-73.987007,40.74083,-73.98864,40.739177
22.5,2011-01-21 23:06:11 UTC,-73.978598,40.714378,-73.979337,40.700682
18.3,2011-06-01 10:45:17 UTC,-73.975171,40.714571,-73.978949,40.710928
23.0,2012-10-01 06:04:15 UTC,-73.965079,40.694857,-73.952247,40.687704
20.3,2011-09-03 02:47:10 UTC,-74.010543,40.736237,-74.019954,40.736509
24.0,2013-03-04 02:58:51 UTC,-73.954182,40.738473,-73.961412,40.723345
17.8,2013-07-22 01:34:16 UTC,-74.003106,40.773627,-74.005868,40.770341
432.2,2011-10-19 21:30:54 UTC,-73.964767,40.750507,-73.976249,40.740418
21.2,2012-08-07 13:57:42 UTC,-73.978411,40.73529,-73.984324,40.744692
22.8,2011-01-27 04:06:21 UTC,-74.005623,40.74652,-73.994262,40.737928
20.0,2012-08-02 13:33:22 UTC,-73.969437,40.718831,-73.962923,40.713107
18.2,2012-05-04 00:50:54 UTC,-73.998908,40.780762,-74.003116,40.783583
20.2,2012-09-15 14:31:13 UTC,-73.958624,40.726423,-73.950596,40.721885
31.4,2012-08-19 22:46:57 UTC,-73.994217,40.715802,-73.973398,40.739397
20.5,2013-01-09 20:49:39 UTC,-74.0099,40.774536,-74.006769,40.783842
22.7,2013-11-28 05:13:54 UTC,-73.949323,40.767225,-73.93512,40.767397
20.3,2012-10-06 03:14:38 UTC,-73.976374,40.698289,-73.967858,40.70197
27.5,2013-10-01 09:54:01 UTC,-73.962656,40.77565,-73.965601,40.752096
21.9,2011-01-24 21:43:31 UTC,-73.997029,40.727752,-73.995056,40.740069
19.3,2013-05-12 18:50:20 UTC,-74.017836,40.738777,-74.012573,40.743896
19.4,2012-05-26 05:31:01 UTC,-73.946496,40.755611,-73.953946,40.754879
29.0,2013-05-26 08:12:54 UTC,-73.980129,40.767599,-74.006221,40.773257
21.0,2013-03-29 10:13:15 UTC,-73.970173,40.763364,-73.978514,40.770243
26.6,2011-01-10 19:15:59 UTC,-73.966868,40.748505,-73.988449,40.744342
19.8,2012-08-14 13:52:27 UTC,-73.986708,40.737261,-73.994222,40.741062
25.7,2012-02-14 05:06:44 UTC,-73.975475,40.762367,-73.99255,40.772854
20.6,2011-04-08 14:48:44 UTC,-73.948121,40.746448,-73.93932,40.750997
0.4,2012-12-11 00:34:51 UTC,-73.980649,40.804161,-73.992475,40.801635
18.7,2011-06-05 11:15:55 UTC,-73.961158,40.767592,-73.955717,40.770559
23.5,2011-05-18 22:47:51 UTC,-74.019825,40.722298,-74.012159,40.73612
20.9,2013-01-23 14:54:42 UTC,-73.957525,40.735672,-73.95051,40.743512
26.6,2011-09-19 00:54:38 UTC,-74.01044,40.751446,-74.029123,40.739815
22.0,2011-01-31 09:52:33 UTC,-73.959812,40.788983,-73.948585,40.79485
18.7,2011-09-23 19:10:56 UTC,-73.972187,40.792333,-73.967984,40.796875
22.7,2011-11-30 02:56:32 UTC,-73.981918,40.738116,-73.973876,40.749757
24.8,2012-01-26 03:38:47 UTC,-73.981992,40.721991,-73.963693,40.722319
20.0,2011-09-11 09:14:15 UTC,-73.985055,40.718155,-73.977111,40.714462
24.7,2013-10-24 23:54:35 UTC,-73.996413,40.757573,-74.00824,40.743891
20.4,2012-04-14 21:16:44 UTC,-73.98412,40.819114,-73.977587,40.812168
25.3,2013-12-29 21:32:07 UTC,-73.935839,40.766173,-73.950875,40.778252
16.7,2011-06-30 03:04:04 UTC,-73.953954,40.702183,-73.954584,40.704162
18.2,2011-02-16 09:39:57 UTC,-73.99742,40.72822,-74.002452,40.727222
22.1,2012-08-11 14:48:21 UTC,-73.974646,40.731283,-73.974545,40.744239
24.9,2011-11-06 17:26:07 UTC,-73.97808,40.72534,-73.993176,40.736236
23.5,2012-04-03 08:57:04 UTC,-73.982846,40.738363,-73.99679,40.731006
22.0,2012-10-23 14:52:53 UTC,-74.000056,40.761082,-74.004549,40.773092
24.0,2013-11-21 18:44:32 UTC,-73.971082,40.770459,-73.973307,40.753874
18.8,2011-07-01 13:40:55 UTC,-73.963079,40.782753,-73.967337,40.787348
23.1,2012-09-11 17:40:07 UTC,-73.996678,40.765726,-73.982173,40.769139
21.8,2011-01-30 13:27:40 UTC,-73.940889,40.691375,-73.936653,40.702873
18.4,2013-08-05 01:32:12 UTC,-73.94956,40.718281,-73.945598,40.722091
17.9,2011-06-17 06:55:43 UTC,-73.969037,40.745257,-73.97286,40.742812
22.6,2013-10-05 11:47:09 UTC,-74.004634,40.754418,-74.018553,40.752763
29.1,2013-12-18 11:10:24 UTC,-73.971972,40.775843,-73.972013,40.802775
24.7,2013-03-24 21:51:44 UTC,-73.97436,40.751296,-73.956288,40.752122
18.8,2013-11-23 19:06:32 UTC,-73.969737,40.751521,-73.967493,40.757492
27.2,2012-07-27 02:28:51 UTC,-73.948191,40.757134,-73.937059,40.736922
23.1,2013-04-23 02:19:36 UTC,-73.983519,40.742349,-73.971126,40.734076
19.4,2011-01-30 08:41:09 UTC,-73.939043,40.752607,-73.933448,40.757794
23.8,2011-10-31 19:28:56 UTC,-73.97187,40.783775,-73.969667,40.76763
21.3,2013-05-30 04:12:56 UTC,-73.985809,40.747483,-73.995687,40.752977
19.4,2012-05-29 04:47:18 UTC,-73.932012,40.749094,-73.934097,40.741842
21.1,2011-04-02 18:16:17 UTC,-73.963402,40.748992,-73.967011,40.738654
19.6,2012-04-10 22:39:49 UTC,-73.989095,40.788933,-73.985795,40.781645
26.0,2013-08-04 09:28:01 UTC,-73.978316,40.716758,-73.992456,40.732034
18.8,2011-04-19 10:47:51 UTC,-73.967295,40.803275,-73.972668,40.80661
20.6,2012-02-27 02:47:50 UTC,-73.983017,40.714709,-73.978977,40.705604
20.9,2011-07-31 15:33:13 UTC,-73.977322,40.730373,-73.984343,40.738127
21.8,2012-04-12 09:50:23 UTC,-73.996344,40.772342,-74.0055,40.78064
20.0,2013-05-24 17:42:08 UTC,-74.013704,40.78091,-74.021618,40.777096
20.6,2011-05-27 19:41:29 UTC,-73.977872,40.707895,-73.980596,40.717487
28.6,2012-07-28 02:02:55 UTC,-73.977199,40.717219,-74.001006,40.727286
21.3,2013-03-18 05:51:00 UTC,-73.969458,40.758335,-73.976919,40.766849
21.5,2012-03-11 23:37:33 UTC,-73.991524,40.820333,-73.981996,40.813595
21.7,2013-06-01 06:10:10 UTC,-74.006811,40.787388,-74.003572,40.775597
24.4,2013-03-14 19:15:04 UTC,-73.999306,40.742557,-73.995106,40.725628
25.3,2013-11-19 06:56:47 UTC,-73.958887,40.677426,-73.977164,40.670871
18.4,2013-10-03 04:32:19 UTC,-73.993332,40.752449,-73.997474,40.748771
17.2,2013-10-14 20:36:53 UTC,-73.988842,40.760869,-73.99,40.758005
18.0,2011-10-10 05:34:37 UTC,-73.986248,40.738519,-73.981605,40.738047
25.9,2011-08-20 05:31:15 UTC,-73.992386,40.724478,-73.981277,40.741808
20.7,2012-02-15 20:02:48 UTC,-73.993864,40.754775,-73.984317,40.751379
18.6,2011-12-24 05:29:21 UTC,-73.997422,40.721732,-74.003276,40.721244
25.1,2011-01-19 19:46:18 UTC,-73.951987,40.806173,-73.957612,40.787998
28.8,2013-06-16 07:38:26 UTC,-73.966398,40.795502,-73.952278,40.817782
22.5,2011-12-31 21:26:14 UTC,-73.955044,40.769737,-73.958644,40.756578
22.1,2012-10-13 14:13:06 UTC,-73.951013,40.752691,-73.961839,40.745623
19.3,2011-01-17 04:19:09 UTC,-74.026998,40.730195,-74.029069,40.737152
22.5,2011-05-27 17:29:29 UTC,-73.973131,40.749376,-73.959637,40.751838
25.0,2012-10-26 23:09:01 UTC,-73.991724,40.799179,-74.000772,40.815611
19.8,2011-04-11 06:06:26 UTC,-73.957664,40.77606,-73.961953,40.78326
20.0,2011-01-10 00:42:54 UTC,-73.994829,40.756111,-74.003465,40.755298
22.7,2012-03-30 05:05:12 UTC,-74.001083,40.777719,-73.991519,40.78816
21.6,2011-07-30 18:18:49 UTC,-74.008681,40.766368,-74.005802,40.777981
21.3,2012-01-12 05:01:50 UTC,-73.986053,40.761888,-73.976795,40.755287
24.8,2011-06-03 05:19:22 UTC,-73.961701,40.779417,-73.946051,40.789047
23.3,2011-05-14 02:10:07 UTC,-73.974877,40.765511,-73.989998,40.763288
19.5,2012-07-22 21:49:48 UTC,-74.004053,40.775757,-74.011644,40.774722
17.9,2011-04-25 18:23:20 UTC,-73.936947,40.754842,-73.941282,40.756271
17.6,2011-05-03 03:06:04 UTC,-73.967009,40.742376,-73.966321,40.738568
19.0,2013-04-05 15:05:13 UTC,-73.964452,40.733555,-73.959393,40.729209
21.1,2013-08-05 01:24:30 UTC,-73.954299,40.729981,-73.959214,40.739828
24.0,2013-09-03 12:27:11 UTC,-74.012804,40.701845,-74.019724,40.686555
22.8,2012-08-20 06:00:36 UTC,-73.998229,40.722642,-73.988662,40.712026
20.0,2011-10-04 00:03:31 UTC,-73.96354,40.721774,-73.958079,40.728522
17.3,2012-07-23 00:12:45 UTC,-73.996215,40.73478,-73.993056,40.734051
27.5,2012-11-17 16:11:06 UTC,-73.9855,40.796867,-74.006958,40.806782
21.9,2013-12-10 22:02:49 UTC,-73.981555,40.745273,-73.969488,40.748852
22.4,2013-07-10 03:25:02 UTC,-74.005548,40.757253,-74.003708,40.743916
16.5,2011-12-30 22:27:43 UTC,-73.987216,40.7582,-73.988836,40.758828
20.5,2012-08-15 05:46:29 UTC,-73.96171,40.797627,-73.969903,40.802973
19.0,2011-11-18 07:13:36 UTC,-73.965411,40.732732,-73.97174,40.735073
20.7,2012-09-09 06:10:14 UTC,-73.95774,40.743324,-73.966649,40.738642
25.7,2011-07-13 04:42:31 UTC,-73.959802,40.746814,-73.979778,40.744075
20.6,2013-11-29 12:42:16 UTC,-73.971883,40.784096,-73.980058,40.778495
26.0,2012-06-10 00:50:15 UTC,-73.973466,40.790323,-73.989457,40.777071
23.0,2012-06-08 22:21:22 UTC,-73.974933,40.764238,-73.975538,40.74961
21.7,2013-12-02 17:49:09 UTC,-73.992541,40.786987,-74.004049,40.790887
21.3,2011-12-16 12:29:56 UTC,-74.000599,40.75533,-73.9933,40.746615
24.4,2013-10-02 06:09:34 UTC,-73.993792,40.744822,-74.010435,40.750578
22.3,2013-08-19 18:38:36 UTC,-73.986521,40.785362,-73.974573,40.779411
23.4,2013-06-17 01:54:57 UTC,-73.993117,40.764629,-73.98475,40.751497
21.3,2011-08-02 05:13:38 UTC,-73.971723,40.727934,-73.982386,40.723855
26.1,2012-11-24 01:31:42 UTC,-73.975962,40.779923,-73.976905,40.800866
19.9,2012-01-22 08:07:25 UTC,-73.973814,40.743745,-73.982357,40.742789
20.0,2011-07-22 17:00:14 UTC,-73.972972,40.740075,-73.967186,40.746534
24.7,2013-06-18 03:27:09 UTC,-73.956087,40.77679,-73.938088,40.778478
24.8,2011-06-27 22:46:02 UTC,-73.980171,40.747335,-73.968361,40.733283
23.7,2011-04-13 16:21:51 UTC,-73.959833,40.761669,-73.96671,40.776158
17.0,2013-05-08 23:15:15 UTC,-73.969668,40.769858,-73.968522,40.76738
25.7,2011-04-14 02:51:46 UTC,-73.957407,40.726512,-73.942185,40.713407
19.3,2013-07-17 09:01:38 UTC,-73.947707,40.761546,-73.942465,40.756423
20.8,2013-10-19 13:47:26 UTC,-73.968467,40.790484,-73.958366,40.788422
20.6,2012-05-22 14:06:44 UTC,-73.977925,40.721306,-73.971412,40.728801
19.1,2013-08-10 09:08:40 UTC,-73.978054,40.763497,-73.977291,40.75669
28.7,2012-05-18 11:29:54 UTC,-73.989403,40.725116,-73.990098,40.751319
23.3,2011-05-06 19:53:45 UTC,-73.990075,40.780642,-74.002184,40.77127
20.5,2011-09-20 07:39:29 UTC,-73.961958,40.780357,-73.969616,40.786477
26.5,2011-01-02 13:09:49 UTC,-73.999273,40.73937,-74.008291,40.719631
17.5,2012-06-13 15:51:04 UTC,-73.947705,40.816289,-73.951218,40.815052
17.5,2012-11-01 04:19:22 UTC,-73.983034,40.783199,-73.982039,40.786871
21.3,2011-12-18 09:16:12 UTC,-73.922758,40.771208,-73.923838,40.760012
23.2,2012-09-16 17:12:16 UTC,-73.993862,40.769518,-73.991704,40.784509
19.6,2012-09-27 14:25:43 UTC,-73.974996,40.779518,-73.968354,40.783863
18.2,2012-04-20 09:44:29 UTC,-73.987037,40.720131,-73.991193,40.716954
19.9,2011-04-17 02:21:09 UTC,-73.995862,40.755838,-73.988482,40.760075
22.0,2012-04-03 05:32:05 UTC,-73.958724,40.761496,-73.947342,40.755563
22.2,2011-12-23 06:53:43 UTC,-74.002111,40.737996,-73.99796,40.75051
21.4,2012-06-02 01:59:00 UTC,-73.993521,40.763944,-73.998967,40.774097
20.7,2013-12-21 22:24:17 UTC,-73.968274,40.786951,-73.958807,40.790685
19.5,2012-09-11 06:50:53 UTC,-73.965101,40.737347,-73.960274,40.743464
23.6,2011-08-23 04:33:07 UTC,-74.007838,40.748367,-74.001649,40.733595
26.2,2012-04-06 07:54:05 UTC,-73.968366,40.725382,-73.953015,40.740052
19.2,2012-01-20 23:32:39 UTC,-73.977422,40.69639,-73.970328,40.695397
25.0,2011-05-18 11:51:22 UTC,-73.998354,40.773368,-73.982612,40.783618
19.5,2011-05-24 04:15:55 UTC,-73.995778,40.749228,-73.997263,40.756726
21.1,2012-09-11 05:29:36 UTC,-74.020669,40.751427,-74.024983,40.761525
23.4,2013-05-23 13:56:20 UTC,-73.945651,40.720397,-73.934162,40.709919
22.4,2012-09-02 05:04:48 UTC,-73.959692,40.744435,-73.969549,40.73523
30.3,2013-02-18 04:08:43 UTC,-74.005783,40.782898,-73.986899,40.805381
25.6,2012-07-17 08:34:00 UTC,-73.964022,40.750025,-73.951003,40.734831
21.1,2011-01-10 13:38:35 UTC,-73.99148,40.750876,-73.990604,40.739899
21.6,2013-03-15 19:47:34 UTC,-73.961704,40.756226,-73.949691,40.756658
19.0,2012-08-15 12:05:57 UTC,-73.989921,40.712909,-73.983298,40.713358
22.6,2011-12-23 15:31:10 UTC,-73.987267,40.768748,-74.000167,40.763347
20.7,2011-03-22 04:05:09 UTC,-73.985767,40.712344,-73.99393,40.718505
20.4,2012-01-08 00:29:20 UTC,-73.993147,40.721812,-73.99029,40.730832
16.4,2012-05-29 01:28:48 UTC,-73.952015,40.718524,-73.950419,40.718342
22.3,2011-08-16 01:36:41 UTC,-73.962029,40.744743,-73.948948,40.742058
17.1,2013-08-13 00:58:57 UTC,-73.977801,40.739426,-73.97478,40.739204
22.4,2012-01-23 06:13:45 UTC,-73.959509,40.749963,-73.972196,40.74499
24.6,2012-10-19 01:00:52 UTC,-74.012541,40.722842,-74.017995,40.70586
19.6,2011-07-08 21:49:15 UTC,-74.004569,40.780165,-73.997139,40.783174
25.5,2013-07-12 22:21:55 UTC,-73.970509,40.775021,-73.988735,40.782679
22.7,2011-08-05 09:01:06 UTC,-73.965289,40.744786,-73.979403,40.743246
27.1,2011-06-12 19:43:01 UTC,-73.974412,40.735649,-73.978138,40.712998
21.1,2013-02-13 16:18:11 UTC,-74.017654,40.732619,-74.008387,40.726902
20.3,2012-06-22 13:01:20 UTC,-74.001247,40.740696,-74.003414,40.749753
23.2,2011-08-31 20:47:21 UTC,-73.971668,40.707993,-73.967059,40.69361
19.1,2012-10-18 18:39:23 UTC,-73.931471,40.721212,-73.931422,40.728171
18.0,2013-01-11 11:24:22 UTC,-73.955642,40.775804,-73.95705,40.771349
18.9,2012-02-20 18:23:41 UTC,-73.948454,40.759054,-73.954992,40.758867
21.1,2013-12-22 02:24:27 UTC,-73.973205,40.799028,-73.964807,40.792169
24.1,2013-02-14 04:10:41 UTC,-73.97335,40.741024,-73.985893,40.729668
22.9,2012-04-27 22:40:43 UTC,-74.00067,40.739155,-74.003006,40.753497
22.7,2011-05-27 15:52:54 UTC,-73.960964,40.737763,-73.949502,40.745921
20.6,2013-06-06 13:27:35 UTC,-73.981464,40.740425,-73.989106,40.746872
24.6,2012-02-06 09:31:17 UTC,-73.966145,40.730201,-73.981709,40.739287
26.5,2011-05-20 18:07:32 UTC,-73.979386,40.75813,-74.000555,40.763157
21.4,2012-07-11 22:37:13 UTC,-73.974418,40.750873,-73.967755,40.760314
20.6,2012-01-21 08:43:04 UTC,-73.981755,40.734703,-73.974418,40.728064
22.7,2013-02-25 06:38:41 UTC,-73.975508,40.787534,-73.97895,40.801311
24.7,2012-03-22 13:26:42 UTC,-73.959998,40.806897,-73.972709,40.819782
17.7,2013-07-04 05:07:31 UTC,-74.005325,40.784997,-74.006786,40.788802
21.7,2012-06-27 18:23:23 UTC,-74.009858,40.766744,-73.998078,40.763864
24.4,2013-08-09 16:55:55 UTC,-73.971483,40.772853,-73.984176,40.760618
21.0,2013-05-04 23:47:17 UTC,-73.951189,40.805692,-73.940607,40.807979
27.6,2012-03-23 15:15:35 UTC,-73.946145,40.77281,-73.963097,40.789659
23.8,2013-11-13 22:19:32 UTC,-74.004488,40.732444,-74.015858,40.720836
20.8,2011-07-05 22:07:09 UTC,-73.988057,40.761768,-73.986965,40.771949
20.9,2011-06-02 20:45:45 UTC,-74.009584,40.768787,-74.000108,40.764073
23.2,2013-04-07 18:56:47 UTC,-73.991012,40.720158,-73.976296,40.716298
23.3,2011-07-31 15:19:58 UTC,-73.957543,40.741452,-73.947625,40.729697
24.3,2013-02-13 10:20:37 UTC,-73.980258,40.783012,-73.964735,40.775487
19.0,2013-01-20 18:45:14 UTC,-73.987477,40.695295,-73.985657,40.701763
20.6,2013-04-03 09:45:15 UTC,-73.969098,40.712487,-73.975314,40.720198
21.7,2012-09-12 10:56:34 UTC,-73.995901,40.744708,-73.98406,40.747066
22.9,2012-08-26 02:01:52 UTC,-73.94814,40.76061,-73.934505,40.755602
22.9,2012-12-18 19:28:52 UTC,-73.979854,40.709271,-73.970546,40.698235
18.7,2012-05-29 00:14:19 UTC,-73.988036,40.746196,-73.98191,40.746814
22.8,2011-08-02 01:49:32 UTC,-73.968263,40.784613,-73.954343,40.780964
17.6,2011-09-15 03:15:53 UTC,-73.961214,40.75206,-73.957795,40.754171
17.2,2013-11-29 05:51:17 UTC,-73.94808,40.778173,-73.948286,40.77496
19.5,2011-09-29 07:22:59 UTC,-73.984199,40.732237,-73.976944,40.72928
18.1,2013-11-04 05:32:17 UTC,-73.958279,40.725702,-73.953503,40.727292
20.4,2012-06-18 10:02:29 UTC,-73.977976,40.775466,-73.969123,40.778988
21.8,2013-10-20 16:49:57 UTC,-73.992228,40.761078,-73.993547,40.773317
20.5,2013-04-05 13:56:06 UTC,-73.995536,40.714432,-73.986444,40.711062
1.1,2013-11-01 07:15:40 UTC,-74.00194,40.725975,-73.993364,40.73143
24.7,2011-10-29 23:55:28 UTC,-73.994834,40.796937,-73.9927,40.814974
20.3,2011-05-13 04:51:29 UTC,-73.957686,40.722263,-73.965189,40.727984
24.1,2012-09-20 17:49:04 UTC,-73.965866,40.77803,-73.95346,40.789672
22.4,2011-05-21 02:48:24 UTC,-74.004824,40.735654,-74.016921,40.729448
21.6,2012-04-18 17:19:33 UTC,-74.014928,40.749905,-74.024505,40.742701
16.8,2013-12-30 14:59:09 UTC,-74.002246,40.758838,-74.000566,40.757244
28.2,2013-05-15 20:30:49 UTC,-73.995535,40.686971,-74.020614,40.686441
25.0,2012-10-05 08:58:59 UTC,-73.986065,40.706118,-73.970636,40.716827
19.3,2013-04-28 16:47:19 UTC,-73.956543,40.75259,-73.956396,40.745293
23.3,2013-03-03 07:22:14 UTC,-73.990954,40.728271,-73.97556,40.727384
26.1,2013-03-11 18:56:14 UTC,-73.94639,40.779897,-73.92835,40.790646
17.0,2013-11-30 04:15:59 UTC,-74.013604,40.701816,-74.015152,40.703972
22.4,2011-12-31 15:31:21 UTC,-73.986973,40.766958,-73.973485,40.766849
21.1,2011-06-09 12:37:25 UTC,-73.964289,40.708713,-73.97489,40.711098
21.7,2012-05-14 16:04:48 UTC,-73.963056,40.739437,-73.958723,40.728161
21.8,2012-08-31 04:36:06 UTC,-73.986714,40.718069,-73.991448,40.706631
24.3,2012-03-07 17:30:05 UTC,-73.959965,40.807073,-73.953,40.791191
20.2,2013-12-25 12:41:52 UTC,-73.963756,40.709815,-73.95493,40.711882
20.3,2011-05-29 01:39:55 UTC,-73.993642,40.746338,-73.995241,40.755527
20.3,2011-06-28 19:16:15 UTC,-73.973701,40.698195,-73.968253,40.705851
23.0,2012-07-22 09:04:13 UTC,-73.965928,40.797987,-73.956481,40.809423
23.0,2011-10-07 18:03:51 UTC,-73.992211,40.762038,-73.990332,40.776581
28.3,2013-03-26 23:46:59 UTC,-73.946113,40.754109,-73.920723,40.755556
16.4,2013-08-26 02:54:08 UTC,-73.996707,40.794229,-73.998079,40.793583
26.7,2012-09-03 18:23:03 UTC,-73.977118,40.754423,-73.96056,40.769182
22.3,2012-01-28 00:00:51 UTC,-74.004996,40.756587,-73.993542,40.749577
26.6,2012-02-23 09:11:17 UTC,-73.977933,40.753952,-73.996532,40.742166
23.3,2012-04-06 09:09:17 UTC,-74.001341,40.766909,-73.986412,40.76352
21.5,2011-06-01 00:29:14 UTC,-73.985883,40.735227,-73.975143,40.730669
16.3,2011-04-09 17:40:15 UTC,-74.011732,40.743571,-74.01059,40.744055
20.3,2011-08-01 14:04:44 UTC,-73.964004,40.77431,-73.960315,40.76581
18.7,2013-12-11 06:47:06 UTC,-73.972874,40.758321,-73.967946,40.762019
23.1,2012-02-15 21:47:12 UTC,-73.958252,40.746573,-73.944499,40.740882
22.1,2013-02-23 08:43:12 UTC,-73.986956,40.707984,-73.991087,40.720266
25.6,2011-09-18 06:32:03 UTC,-73.957323,40.794942,-73.941463,40.782996
21.1,2011-01-16 04:21:35 UTC,-73.979214,40.730156,-73.990055,40.728762
297.4,2011-04-12 22:34:24 UTC,-73.977737,40.779617,-73.995338,40.776268
18.8,2011-01-18 17:57:56 UTC,-73.937719,40.755273,-73.931784,40.757582
23.4,2013-04-10 11:10:12 UTC,-73.989694,40.711196,-73.977103,40.720464
17.2,2011-06-12 07:02:48 UTC,-73.955451,40.787568,-73.957247,40.79023
27.0,2013-05-06 12:09:16 UTC,-73.970406,40.757636,-73.993048,40.75635
23.8,2011-09-12 02:44:21 UTC,-73.991438,40.79006,-74.006348,40.796973
20.4,2012-09-05 13:26:41 UTC,-74.006314,40.744528,-74.001951,40.752958
17.0,2012-01-19 12:41:05 UTC,-74.000662,40.771122,-74.000762,40.773814
22.3,2012-04-29 05:38:10 UTC,-73.957387,40.697124,-73.944544,40.701
18.9,2012-09-15 11:43:29 UTC,-73.945312,40.734994,-73.944583,40.74146
24.6,2011-03-25 04:15:30 UTC,-73.978171,40.71181,-73.985577,40.695371
18.0,2013-04-17 08:36:52 UTC,-73.977122,40.738756,-73.974032,40.735248
21.0,2012-12-27 15:17:18 UTC,-73.964471,40.764154,-73.954315,40.767917
22.5,2012-12-16 13:17:18 UTC,-73.978534,40.731863,-73.965022,40.728947
17.2,2011-10-20 15:13:44 UTC,-73.958006,40.775915,-73.959116,40.773034
17.5,2012-10-03 11:32:18 UTC,-73.974168,40.724302,-73.973493,40.728051
20.0,2013-06-10 15:29:06 UTC,-73.977289,40.776557,-73.969496,40.780534
20.0,2012-12-11 15:24:37 UTC,-73.993984,40.789293,-74.00147,40.793963
21.0,2013-11-07 00:32:31 UTC,-73.998905,40.780406,-73.991538,40.772484
22.8,2013-06-08 13:37:37 UTC,-74.043182,40.739674,-74.045502,40.725496
19.7,2013-05-25 17:09:34 UTC,-73.955318,40.686236,-73.956073,40.69428
19.3,2011-12-26 21:22:24 UTC,-73.982932,40.767465,-73.982905,40.760041
19.7,2011-11-17 17:14:24 UTC,-73.988008,40.746243,-73.986712,40.738128
26.2,2013-09-18 20:19:16 UTC,-74.019034,40.720648,-73.999896,40.711631
21.8,2013-08-10 10:12:24 UTC,-73.992802,40.733312,-73.997492,40.744822
18.0,2013-06-14 09:44:48 UTC,-73.995434,40.793033,-73.999609,40.795153
23.1,2011-10-14 20:00:51 UTC,-73.995895,40.71588,-73.981428,40.719305
19.7,2012-05-10 20:29:58 UTC,-73.973343,40.764049,-73.968896,40.770945
19.5,2013-07-27 02:57:32 UTC,-73.977555,40.756539,-73.969879,40.756115
22.9,2011-03-16 12:04:49 UTC,-74.007226,40.739278,-74.017528,40.749405
21.7,2012-12-22 14:19:51 UTC,-74.005957,40.769336,-74.003492,40.757368
22.4,2012-12-04 19:38:48 UTC,-74.005994,40.798967,-73.99789,40.788111
22.3,2011-09-10 07:27:12 UTC,-73.943789,40.741121,-73.950533,40.729713
19.4,2013-09-12 15:24:09 UTC,-73.950146,40.742705,-73.943861,40.746921
18.4,2013-11-18 13:37:19 UTC,-73.997046,40.768662,-73.99909,40.773726
19.6,2013-09-18 06:37:58 UTC,-74.019532,40.777547,-74.025986,40.772821
20.8,2011-06-26 20:23:30 UTC,-73.977439,40.746169,-73.967307,40.743844
24.2,2011-08-20 11:57:56 UTC,-73.979061,40.740839,-73.967682,40.753519
19.2,2013-07-20 09:05:06 UTC,-73.973662,40.683471,-73.972374,40.676526
18.3,2013-01-26 07:02:39 UTC,-73.965173,40.72666,-73.960665,40.729614
23.1,2012-03-06 20:00:44 UTC,-73.970966,40.715821,-73.95772,40.708963
21.5,2012-10-08 14:24:02 UTC,-74.002329,40.770539,-74.006284,40.781498
19.2,2012-04-06 19:03:35 UTC,-73.974119,40.742683,-73.970633,40.748967
22.9,2011-03-08 04:24:30 UTC,-73.962924,40.741509,-73.966787,40.72752
20.9,2013-10-31 07:25:01 UTC,-73.99448,40.749728,-74.004665,40.74712
26.2,2011-08-28 09:49:38 UTC,-73.974001,40.723895,-73.977947,40.703105
22.8,2011-06-14 06:20:27 UTC,-73.991056,40.796597,-74.002305,40.805602
26.1,2011-10-16 10:44:43 UTC,-73.940077,40.788946,-73.935821,40.809419
27.2,2013-12-12 14:32:02 UTC,-74.006537,40.798543,-74.014258,40.776739
25.6,2012-04-18 14:40:13 UTC,-73.956881,40.770503,-73.970852,40.756232
19.4,2012-02-11 21:55:07 UTC,-74.013416,40.749116,-74.005989,40.750789
19.0,2011-07-01 03:19:51 UTC,-73.944139,40.798442,-73.937362,40.798257
18.3,2011-05-14 00:27:49 UTC,-74.002831,40.729571,-74.006134,40.725463
25.0,2012-05-05 16:08:27 UTC,-73.976207,40.723864,-73.969175,40.706488
20.0,2013-04-18 13:27:16 UTC,-74.012584,40.731955,-74.020645,40.735189
20.4,2013-10-16 15:43:43 UTC,-74.007,40.765686,-74.010723,40.774561
30.0,2013-04-07 04:04:13 UTC,-73.962045,40.727137,-73.957972,40.755607
24.0,2013-08-23 06:54:52 UTC,-73.959437,40.745339,-73.949099,40.758412
22.4,2011-05-25 08:30:21 UTC,-73.975213,40.701944,-73.979037,40.688957
18.6,2013-03-23 08:58:15 UTC,-73.965178,40.764433,-73.971137,40.764314
21.4,2012-04-28 01:44:12 UTC,-73.959102,40.704487,-73.949277,40.710408
20.2,2011-12-05 11:35:09 UTC,-73.993684,40.722035,-73.987557,40.715153
19.6,2012-06-11 23:18:39 UTC,-74.007979,40.786515,-74.006492,40.794315
22.5,2013-07-14 06:30:45 UTC,-73.980274,40.78541,-73.968463,40.792443
27.2,2013-03-05 12:20:36 UTC,-73.991544,40.761229,-73.972074,40.773603
20.0,2011-10-30 19:20:16 UTC,-73.972228,40.75827,-73.968568,40.766292
18.9,2013-04-02 23:30:05 UTC,-73.969039,40.734071,-73.974938,40.736923
19.7,2011-06-14 12:24:31 UTC,-73.993633,40.726813,-73.98866,40.720434
23.3,2011-05-09 16:57:34 UTC,-73.965918,40.739133,-73.974117,40.726202
21.9,2013-10-14 18:52:51 UTC,-73.966917,40.70459,-73.954496,40.706781
19.7,2011-07-01 11:39:39 UTC,-73.965534,40.757573,-73.97255,40.753535
17.4,2011-02-12 19:32:28 UTC,-73.988156,40.751465,-73.990087,40.748393
22.6,2012-10-17 13:06:05 UTC,-73.964402,40.721997,-73.972778,40.733215
22.5,2012-10-22 03:21:39 UTC,-73.9696,40.79706,-73.967778,40.81075
21.9,2013-04-01 18:24:02 UTC,-73.967196,40.768207,-73.965022,40.755854
19.5,2012-11-23 01:10:47 UTC,-73.946444,40.770755,-73.939018,40.768651
17.9,2012-11-12 14:26:41 UTC,-73.973445,40.73538,-73.972248,40.731048
17.2,2011-01-02 05:45:01 UTC,-73.992139,40.74996,-73.991677,40.753109
27.3,2011-12-28 16:39:57 UTC,-74.002209,40.768821,-74.007948,40.746158
23.1,2012-08-12 09:44:32 UTC,-73.957441,40.754583,-73.960305,40.739975
22.6,2013-12-21 21:11:31 UTC,-73.972854,40.798057,-73.986783,40.796882
23.6,2011-02-18 23:13:04 UTC,-73.9466,40.743886,-73.932663,40.751748
16.2,2011-06-28 04:46:31 UTC,-74.020591,40.734863,-74.021534,40.735616
24.5,2012-05-07 16:32:59 UTC,-73.961787,40.769028,-73.94538,40.775743
16.8,2011-10-29 03:56:29 UTC,-73.985223,40.712061,-73.986433,40.714034
27.1,2013-09-03 02:12:43 UTC,-73.98707,40.777729,-74.006092,40.790492
23.4,2012-09-15 03:17:22 UTC,-73.995296,40.710979,-73.9998,40.725838
19.4,2012-09-16 00:50:53 UTC,-73.962009,40.769158,-73.962035,40.761553
20.1,2012-07-01 16:38:33 UTC,-73.967729,40.730552,-73.967076,40.739388
19.9,2013-03-26 07:54:26 UTC,-74.002848,40.764298,-73.996079,40.769379
28.2,2012-07-05 12:25:13 UTC,-73.976702,40.77722,-73.974963,40.802267
20.0,2012-02-26 15:54:56 UTC,-73.965878,40.754603,-73.969248,40.746624
20.2,2013-10-13 14:15:12 UTC,-73.97644,40.714011,-73.98559,40.712844
21.2,2011-10-12 17:45:01 UTC,-73.957843,40.723097,-73.961907,40.712774
21.4,2013-08-07 01:02:28 UTC,-73.985801,40.72814,-73.979756,40.718411
20.3,2013-04-19 10:11:31 UTC,-74.025087,40.69315,-74.016503,40.697005
19.2,2011-09-17 08:23:48 UTC,-73.976266,40.783824,-73.983004,40.78588
21.3,2013-11-05 16:46:51 UTC,-73.976387,40.753303,-73.966318,40.758718
19.5,2012-12-11 09:28:35 UTC,-73.973776,40.715934,-73.968086,40.721132
20.2,2011-01-24 23:45:13 UTC,-73.95786,40.79367,-73.966731,40.791314
17.4,2011-01-22 19:49:46 UTC,-74.019049,40.72896,-74.016582,40.726535
20.8,2013-03-01 18:26:44 UTC,-73.98477,40.757517,-73.981072,40.747809
22.0,2012-12-16 18:18:51 UTC,-73.998453,40.725242,-74.009098,40.71823
22.4,2011-06-11 20:34:41 UTC,-74.004161,40.689452,-74.017747,40.688884
18.2,2011-01-05 11:06:40 UTC,-73.981446,40.709067,-73.976708,40.711037
19.8,2012-04-17 09:37:43 UTC,-73.965964,40.736545,-73.970506,40.743653
23.8,2013-04-17 02:09:08 UTC,-73.973981,40.776949,-73.95886,40.783038
27.2,2011-08-20 07:45:55 UTC,-73.99375,40.760396,-73.97654,40.775967
21.0,2013-08-07 16:42:57 UTC,-73.982909,40.754206,-73.97819,40.744479
20.5,2011-07-17 10:41:22 UTC,-73.961402,40.689699,-73.951885,40.687373
22.4,2011-08-04 14:38:49 UTC,-73.966337,40.788103,-73.976576,40.77925
24.9,2013-03-25 01:21:28 UTC,-73.991055,40.75671,-74.004374,40.769483
18.2,2011-06-11 09:51:46 UTC,-73.99235,40.746417,-73.993764,40.741393
24.3,2013-10-10 12:29:55 UTC,-74.01433,40.783973,-74.027195,40.795523
23.1,2012-11-04 20:58:12 UTC,-73.988588,40.787425,-73.985512,40.801953
20.1,2013-07-09 21:57:20 UTC,-74.014716,40.784638,-74.022553,40.788772
17.4,2011-09-14 04:52:21 UTC,-73.938659,40.742587,-73.936754,40.745518
16.5,2013-03-01 20:05:19 UTC,-73.997102,40.719896,-73.998833,40.720282
19.2,2012-11-10 08:49:27 UTC,-73.95782,40.779668,-73.951447,40.776497
18.4,2012-08-30 10:23:55 UTC,-73.943638,40.709048,-73.940374,40.704675
17.8,2011-04-15 02:16:24 UTC,-73.975676,40.808418,-73.979715,40.806944
27.0,2012-05-03 16:54:49 UTC,-73.982,40.75084,-73.995684,40.769084
20.9,2011-10-30 00:57:09 UTC,-74.006447,40.718173,-74.004822,40.707755
24.4,2012-10-09 09:25:33 UTC,-73.990092,40.713044,-74.007517,40.71509
22.8,2011-01-19 13:07:50 UTC,-73.947921,40.711672,-73.93546,40.718785
18.6,2011-05-09 15:24:23 UTC,-73.972975,40.754211,-73.967686,40.751367
20.3,2013-07-31 19:55:29 UTC,-73.979433,40.749808,-73.971005,40.753969
24.6,2012-03-20 09:04:10 UTC,-73.953758,40.712922,-73.963452,40.697876
22.5,2011-06-15 03:38:18 UTC,-73.966074,40.739306,-73.962513,40.752557
22.2,2013-10-05 22:16:12 UTC,-73.982957,40.708962,-73.989623,40.720273
16.5,2011-12-31 00:35:01 UTC,-73.975675,40.767679,-73.974184,40.766695
22.3,2011-02-26 08:48:20 UTC,-73.995361,40.748362,-74.005346,40.739564
19.6,2011-04-27 01:02:22 UTC,-73.991221,40.738648,-73.992055,40.746577
24.6,2012-02-14 14:06:35 UTC,-73.984126,40.711357,-73.997911,40.699875
20.7,2013-03-22 00:48:35 UTC,-73.968851,40.740995,-73.970451,40.730949
23.9,2011-01-04 21:22:24 UTC,-74.004947,40.737558,-74.021391,40.737022
27.2,2013-01-14 20:09:26 UTC,-73.978475,40.759532,-73.961004,40.774712
18.9,2012-09-18 14:53:16 UTC,-73.987797,40.755011,-73.986193,40.761416
18.9,2012-09-06 02:04:15 UTC,-73.998019,40.773762,-73.997962,40.767292
24.7,2011-02-02 02:56:39 UTC,-73.98769,40.735463,-73.980929,40.718642
22.1,2013-12-09 23:23:49 UTC,-74.026428,40.694188,-74.039421,40.694603
19.7,2011-06-01 18:38:24 UTC,-73.995152,40.779733,-74.002959,40.782247
18.3,2013-01-04 05:24:26 UTC,-74.00199,40.721919,-73.996679,40.721191
24.7,2012-03-28 11:32:18 UTC,-73.985598,40.716792,-73.983984,40.734856
19.3,2011-01-16 02:10:10 UTC,-74.025596,40.748707,-74.032792,40.747387
27.5,2012-12-14 01:51:04 UTC,-73.976182,40.759068,-73.969702,40.736247
18.2,2011-12-15 07:12:46 UTC,-73.961812,40.734075,-73.958784,40.730004
19.0,2013-11-01 23:39:20 UTC,-73.982346,40.733839,-73.97729,40.738386
18.4,2012-09-30 18:56:59 UTC,-73.970024,40.738269,-73.966127,40.742138
19.2,2012-06-28 07:41:12 UTC,-73.990255,40.792496,-73.997069,40.790729
17.4,2011-10-24 09:13:23 UTC,-74.011092,40.74992,-74.011851,40.746497
29.3,2012-05-24 02:28:52 UTC,-73.979966,40.720961,-73.998537,40.700965
18.2,2012-05-10 19:29:48 UTC,-73.966392,40.721266,-73.971501,40.722124
17.7,2011-08-17 06:16:19 UTC,-74.006488,40.742473,-74.008941,40.739087
19.0,2011-07-01 10:43:24 UTC,-73.989305,40.757136,-73.983037,40.759628
19.2,2013-08-19 18:57:28 UTC,-73.984942,40.764519,-73.979821,40.769432
22.9,2012-06-14 06:20:25 UTC,-73.922972,40.753725,-73.930493,40.766135
21.8,2012-03-29 10:58:13 UTC,-73.975533,40.724744,-73.983275,40.715188
24.8,2011-11-12 03:59:39 UTC,-74.018111,40.737282,-74.005042,40.724342
18.9,2013-06-16 10:59:19 UTC,-74.023057,40.772017,-74.025996,40.766278
19.4,2011-01-22 06:03:55 UTC,-73.96539,40.715617,-73.964248,40.708261
21.3,2013-01-02 13:57:23 UTC,-73.930299,40.736027,-73.922447,40.727773
22.9,2013-12-24 23:57:29 UTC,-73.985619,40.767924,-73.986415,40.782373
16.7,2013-11-08 04:57:39 UTC,-73.986816,40.776258,-73.988333,40.777743
25.6,2013-05-24 21:03:14 UTC,-73.971385,40.744213,-73.974538,40.763936
18.2,2012-08-18 11:19:53 UTC,-73.995966,40.737664,-74.001057,40.737633
21.5,2013-10-11 20:09:29 UTC,-74.030883,40.710336,-74.029454,40.698618
25.6,2013-03-02 15:54:39 UTC,-73.959255,40.765769,-73.977479,40.757687
21.1,2011-06-29 07:37:02 UTC,-73.992264,40.789563,-73.995875,40.799808
21.9,2012-01-29 04:10:03 UTC,-73.958998,40.826955,-73.953595,40.815616
19.1,2012-03-08 02:49:39 UTC,-73.99522,40.761593,-73.990983,40.767172
22.9,2013-02-04 23:11:20 UTC,-73.977564,40.748474,-73.963454,40.744906
21.9,2013-02-22 13:20:47 UTC,-73.962903,40.722406,-73.954529,40.713107
22.9,2012-12-07 13:08:18 UTC,-73.958593,40.693634,-73.95451,40.707499
18.6,2013-11-29 01:03:32 UTC,-73.97534,40.755309,-73.975054,40.749423
20.4,2012-03-25 12:16:48 UTC,-73.976335,40.82051,-73.980901,40.812234
18.2,2013-06-03 08:05:59 UTC,-73.967606,40.788124,-73.962573,40.787335
18.6,2012-05-02 02:32:51 UTC,-73.970717,40.783497,-73.967482,40.778415
26.9,2013-08-12 12:20:36 UTC,-74.005824,40.757368,-74.009566,40.779518
22.5,2011-03-26 23:47:55 UTC,-74.005442,40.760786,-74.014113,40.771389
18.6,2012-11-14 12:03:30 UTC,-74.022181,40.677288,-74.022712,40.671381
21.9,2012-12-13 15:32:36 UTC,-73.96467,40.772875,-73.95311,40.768122
25.7,2011-12-23 23:24:50 UTC,-73.987915,40.73262,-73.986813,40.712425
16.3,2012-01-02 03:14:44 UTC,-73.963596,40.728948,-73.963312,40.730322
19.9,2013-04-07 17:19:04 UTC,-73.971926,40.740302,-73.967694,40.732832
18.1,2011-05-26 07:00:18 UTC,-74.000049,40.73929,-73.995235,40.74017
25.5,2011-03-28 16:28:58 UTC,-73.982404,40.728471,-73.979915,40.708808
15.9,2012-12-23 15:17:01 UTC,-73.989096,40.750416,-73.989517,40.750149
24.5,2013-02-02 05:38:05 UTC,-73.992184,40.733252,-73.997266,40.750238
20.7,2012-03-18 05:30:40 UTC,-73.961694,40.75301,-73.951646,40.753551
20.1,2011-12-16 23:53:20 UTC,-73.929785,40.705385,-73.934055,40.697638
23.5,2011-06-18 11:17:22 UTC,-73.957676,40.743578,-73.941953,40.743374
16.5,2011-01-23 03:24:06 UTC,-73.980539,40.717111,-73.978996,40.716469
26.6,2012-12-22 19:04:17 UTC,-73.95481,40.730757,-73.954283,40.752675
19.8,2012-09-09 07:32:14 UTC,-73.945742,40.754302,-73.938142,40.750974
22.5,2013-11-24 14:45:00 UTC,-74.007847,40.70188,-74.014379,40.689847
18.5,2011-11-24 06:40:49 UTC,-73.955503,40.725328,-73.949764,40.725542
16.8,2012-01-19 11:39:39 UTC,-73.964606,40.767069,-73.963454,40.769024
19.1,2012-06-30 01:45:07 UTC,-73.956238,40.707605,-73.952129,40.713228
20.7,2013-06-27 08:44:28 UTC,-73.963734,40.803336,-73.97057,40.810894
26.0,2011-10-24 23:23:15 UTC,-73.984555,40.786132,-73.991484,40.805687
25.3,2011-03-07 18:29:15 UTC,-73.939343,40.735164,-73.957668,40.729208
19.8,2013-11-12 23:37:30 UTC,-73.973208,40.726384,-73.977781,40.719518
25.2,2013-03-31 23:16:48 UTC,-73.988687,40.756058,-73.993784,40.737517
20.3,2011-06-26 02:25:12 UTC,-73.96988,40.706576,-73.976554,40.713193
20.1,2013-05-25 05:21:20 UTC,-73.960552,40.689936,-73.961707,40.681063
20.1,2012-07-10 13:38:04 UTC,-73.978105,40.73622,-73.977462,40.745138
19.1,2012-12-18 17:03:32 UTC,-73.972137,40.745979,-73.96714,40.741062
24.7,2012-11-09 19:12:35 UTC,-73.978233,40.752833,-73.972575,40.770092
23.5,2011-10-18 07:51:39 UTC,-73.993202,40.731558,-73.986697,40.717223
21.8,2013-06-07 16:46:35 UTC,-73.996436,40.788218,-73.989513,40.798448
20.4,2013-06-20 23:21:59 UTC,-74.008056,40.705146,-74.005303,40.714184
18.3,2011-03-11 09:35:08 UTC,-73.94964,40.715852,-73.949087,40.721118
22.9,2013-11-05 06:45:58 UTC,-73.984468,40.764599,-73.975177,40.753426
20.0,2013-03-16 00:17:11 UTC,-74.048552,40.715151,-74.041619,40.720462
23.1,2011-08-07 14:00:14 UTC,-73.972069,40.71399,-73.986889,40.715259
24.8,2012-04-08 20:00:28 UTC,-73.972483,40.753701,-73.974211,40.735398
27.5,2012-03-26 11:59:27 UTC,-74.017331,40.718394,-74.035365,40.733977
24.9,2013-07-21 00:32:46 UTC,-73.996648,40.746007,-74.014878,40.742551
23.5,2013-06-25 13:28:24 UTC,-73.997526,40.729004,-74.002615,40.743816
16.4,2012-01-10 12:50:43 UTC,-73.994845,40.72415,-73.996125,40.723473
21.0,2011-05-27 03:27:03 UTC,-73.955744,40.686931,-73.959986,40.696754
25.5,2013-06-17 05:36:42 UTC,-73.982978,40.754187,-74.000738,40.745592
19.7,2013-05-06 08:34:28 UTC,-73.988545,40.712584,-73.980794,40.714729
19.2,2012-09-08 11:34:19 UTC,-73.957552,40.744953,-73.964622,40.746392
18.6,2013-09-03 20:11:56 UTC,-73.970093,40.734637,-73.965199,40.731401
21.1,2013-12-09 03:09:17 UTC,-74.01482,40.743805,-74.021614,40.735113
31.2,2011-06-07 07:40:50 UTC,-73.992332,40.74551,-73.997309,40.714842
20.4,2013-01-04 05:53:06 UTC,-73.973561,40.755809,-73.969224,40.747351
19.5,2012-05-22 20:37:42 UTC,-73.998678,40.728167,-74.002169,40.735172
22.7,2011-08-29 18:27:56 UTC,-73.939409,40.787281,-73.937704,40.773329
21.7,2012-08-11 17:28:38 UTC,-73.977742,40.694578,-73.974969,40.682697
25.8,2012-07-22 22:27:36 UTC,-73.995068,40.743202,-74.009339,40.728854
18.2,2013-09-15 15:21:35 UTC,-74.002459,40.775087,-73.997681,40.777176
22.1,2012-10-29 22:32:03 UTC,-73.961449,40.764303,-73.970826,40.755369
23.9,2011-09-13 03:00:11 UTC,-73.992957,40.720755,-74.004068,40.732958
20.8,2012-01-15 08:30:06 UTC,-73.972402,40.725753,-73.979668,40.733099
19.8,2012-02-01 21:01:32 UTC,-74.00303,40.719796,-73.994886,40.721797
23.8,2012-07-15 06:17:50 UTC,-73.978596,40.767977,-73.9946,40.771016
20.6,2011-09-21 22:11:42 UTC,-73.992718,40.727802,-73.986208,40.720173
19.8,2012-11-29 08:27:03 UTC,-73.986308,40.757654,-73.982912,40.750027
19.2,2011-06-16 16:10:58 UTC,-73.995926,40.757929,-73.995182,40.765039
20.4,2013-06-16 22:49:21 UTC,-73.959487,40.821052,-73.957021,40.830186
19.4,2013-06-26 08:42:04 UTC,-73.98982,40.759398,-73.992721,40.76642
19.8,2011-07-18 00:23:24 UTC,-73.982869,40.725666,-73.976046,40.72096
18.5,2011-08-09 04:37:44 UTC,-73.981903,40.706195,-73.986168,40.702282
25.0,2013-04-19 19:33:46 UTC,-73.947755,40.741724,-73.964003,40.732407
19.5,2012-07-07 07:01:20 UTC,-73.962194,40.746427,-73.962966,40.75411
26.2,2011-12-01 05:04:53 UTC,-73.964186,40.683679,-73.956173,40.664064
26.9,2011-09-03 02:42:42 UTC,-74.011558,40.728584,-74.006637,40.706542
29.2,2012-09-02 08:34:18 UTC,-73.993128,40.758921,-73.974984,40.738872
26.4,2013-09-20 06:09:09 UTC,-73.956228,40.734029,-73.95876,40.712602
22.5,2012-11-23 13:58:01 UTC,-74.003419,40.779059,-74.005026,40.79263
19.7,2013-03-16 00:02:35 UTC,-73.97832,40.703249,-73.980653,40.711117
22.8,2011-02-04 14:44:21 UTC,-74.001305,40.770306,-74.009068,40.758321
18.1,2012-05-05 03:16:04 UTC,-73.999298,40.777417,-74.00403,40.776357
24.6,2012-12-28 07:52:55 UTC,-73.946384,40.778695,-73.956773,40.793353
27.4,2011-10-13 09:06:48 UTC,-73.965615,40.703024,-73.988553,40.708026
26.6,2012-10-20 08:55:33 UTC,-73.960337,40.759437,-73.966139,40.78058
16.2,2011-02-21 18:26:05 UTC,-73.964325,40.729937,-73.96409,40.728795
20.2,2013-08-27 12:30:24 UTC,-73.982786,40.707816,-73.976479,40.701264
21.8,2011-03-07 09:09:25 UTC,-73.993832,40.737584,-73.999588,40.726773
18.5,2013-06-19 21:03:54 UTC,-73.988042,40.722851,-73.993682,40.723087
22.6,2013-05-15 06:49:16 UTC,-73.983837,40.777623,-73.97353,40.786983
22.3,2012-06-06 20:49:07 UTC,-73.944474,40.765392,-73.957786,40.766383
17.6,2013-09-14 11:55:32 UTC,-74.006727,40.715427,-74.00836,40.711845
23.5,2013-01-25 20:11:58 UTC,-73.991073,40.728273,-73.981501,40.740839
20.1,2013-05-07 05:34:36 UTC,-73.998259,40.738579,-74.005343,40.743868
23.3,2013-05-27 11:44:44 UTC,-73.958868,40.747828,-73.974203,40.746693
25.0,2013-03-07 16:23:58 UTC,-73.942924,40.780191,-73.925856,40.772525
19.8,2013-04-17 11:33:35 UTC,-73.973824,40.770723,-73.965831,40.768179
20.4,2011-03-25 20:11:34 UTC,-73.97218,40.751542,-73.963876,40.756269
19.6,2013-10-05 05:55:16 UTC,-73.978174,40.742181,-73.979067,40.734377
22.6,2012-06-22 16:10:54 UTC,-73.97125,40.696799,-73.964844,40.684463
28.3,2013-11-28 01:50:01 UTC,-73.964537,40.78876,-73.989441,40.783958
17.8,2013-08-07 12:23:23 UTC,-73.971487,40.736587,-73.97586,40.736095
23.9,2013-04-27 16:42:08 UTC,-73.970023,40.796645,-73.960548,40.810278
24.7,2012-09-08 13:44:24 UTC,-73.964492,40.755883,-73.978451,40.744283
17.6,2012-02-10 02:32:26 UTC,-74.015566,40.810759,-74.0189,40.813026
17.7,2011-01-26 18:44:38 UTC,-73.97996,40.76819,-73.976763,40.765414
19.7,2013-03-04 05:02:05 UTC,-73.973896,40.707039,-73.981739,40.70476
23.3,2013-03-06 02:12:12 UTC,-73.971677,40.731568,-73.971603,40.746961
17.6,2013-01-30 12:00:39 UTC,-73.983418,40.744926,-73.979561,40.745738
20.4,2013-11-20 19:16:08 UTC,-73.976785,40.723787,-73.973765,40.714651
20.5,2013-05-26 12:36:13 UTC,-73.994398,40.738688,-73.998406,40.747576
21.4,2012-09-25 13:56:06 UTC,-74.015497,40.708992,-74.023787,40.717144
21.0,2012-08-22 16:35:41 UTC,-73.960337,40.750172,-73.956376,40.74016
21.8,2013-07-26 14:51:43 UTC,-74.002687,40.757122,-73.999296,40.745193
18.1,2012-02-29 02:46:43 UTC,-73.983209,40.719877,-73.980309,40.723982
16.2,2013-05-07 14:25:00 UTC,-73.994983,40.808208,-73.993838,40.807878
18.5,2013-09-23 06:11:51 UTC,-73.94826,40.751905,-73.944858,40.7472
22.5,2012-02-26 21:02:41 UTC,-73.981593,40.725498,-73.972823,40.736061
19.0,2011-02-22 21:29:31 UTC,-73.986209,40.701114,-73.98311,40.695191
17.8,2012-11-15 18:36:54 UTC,-73.965043,40.751798,-73.964065,40.756014
22.1,2013-12-18 21:17:00 UTC,-73.936871,40.742185,-73.942139,40.753932
22.8,2013-03-06 15:15:47 UTC,-73.971886,40.773491,-73.958027,40.7701
26.4,2011-05-09 19:51:41 UTC,-73.987548,40.745699,-73.998779,40.727408
17.9,2011-12-20 13:39:05 UTC,-73.966068,40.714188,-73.968096,40.710158
18.3,2013-10-23 15:16:43 UTC,-74.011454,40.800122,-74.016544,40.802014
26.1,2011-06-04 18:23:19 UTC,-73.979071,40.763069,-73.997342,40.773099
18.8,2013-07-16 02:12:47 UTC,-73.940121,40.742377,-73.936583,40.737165
24.3,2011-06-20 19:58:47 UTC,-73.976845,40.754939,-73.978878,40.77217
22.1,2013-10-19 19:01:03 UTC,-73.977844,40.764221,-73.977526,40.751233
16.8,2013-04-07 03:59:31 UTC,-73.979587,40.707134,-73.981376,40.708776
19.6,2013-10-25 21:11:37 UTC,-73.98791,40.754731,-73.980377,40.752339
23.7,2011-06-09 05:56:16 UTC,-73.97371,40.736496,-73.964896,40.749967
24.8,2011-07-05 21:44:39 UTC,-73.964495,40.765219,-73.975507,40.750483
24.7,2011-05-27 20:25:51 UTC,-73.986636,40.727795,-73.968983,40.732051
17.3,2013-01-01 16:08:20 UTC,-74.029815,40.731859,-74.032217,40.729417
23.8,2011-03-01 01:10:54 UTC,-73.970688,40.799886,-73.964812,40.815178
19.9,2012-02-08 16:52:49 UTC,-73.937337,40.786927,-73.935534,40.778642
17.8,2012-09-06 15:56:28 UTC,-73.987525,40.651133,-73.986468,40.655286
20.7,2011-05-09 17:58:21 UTC,-74.009423,40.784703,-74.003855,40.776321
22.3,2011-03-12 01:43:47 UTC,-73.966452,40.74779,-73.953269,40.749671
19.9,2013-06-02 10:14:34 UTC,-73.945123,40.728755,-73.937353,40.725061
17.9,2013-11-12 20:44:20 UTC,-73.969413,40.719785,-73.971846,40.715932
25.6,2011-04-02 12:33:37 UTC,-73.945506,40.721526,-73.946348,40.701652
19.1,2013-01-28 07:05:20 UTC,-73.964127,40.729602,-73.969762,40.733748
22.1,2012-01-22 22:07:18 UTC,-73.965863,40.716186,-73.958711,40.705364
21.9,2012-05-15 10:49:09 UTC,-73.99036,40.709362,-73.984461,40.698195
23.6,2013-09-14 19:43:51 UTC,-73.974292,40.718789,-73.977713,40.703236
24.1,2011-12-05 20:47:58 UTC,-73.980589,40.759702,-73.967324,40.749141
21.6,2011-01-04 08:24:33 UTC,-73.981275,40.751503,-73.970537,40.756508
25.0,2011-03-14 08:17:10 UTC,-73.985077,40.766676,-73.966842,40.771187
20.8,2013-09-24 08:15:03 UTC,-73.975488,40.748009,-73.983386,40.754646
20.8,2013-07-18 06:14:56 UTC,-74.005927,40.7108,-74.006929,40.70053
17.1,2011-07-22 19:16:35 UTC,-73.963766,40.764833,-73.965731,40.766981
29.0,2011-12-29 12:58:57 UTC,-73.997555,40.719859,-73.971518,40.713705
20.4,2013-02-27 02:13:01 UTC,-73.985005,40.769398,-73.984907,40.778946
22.3,2013-03-07 17:36:44 UTC,-73.973389,40.715022,-73.960737,40.719283
21.8,2011-02-14 23:55:45 UTC,-73.998545,40.729376,-73.988198,40.722811
20.9,2012-07-18 12:31:17 UTC,-74.019329,40.739158,-74.020169,40.749564
18.2,2011-09-26 03:22:53 UTC,-73.987661,40.770232,-73.987106,40.775306
23.0,2012-08-03 17:39:13 UTC,-74.008622,40.75528,-74.003394,40.74141
26.1,2011-12-20 07:15:30 UTC,-73.965754,40.7506,-73.953175,40.733885
22.4,2011-03-12 02:28:35 UTC,-74.00307,40.80657,-74.00479,40.793093
24.3,2013-12-20 06:03:08 UTC,-73.950297,40.694891,-73.955383,40.711382
22.5,2012-06-12 16:19:13 UTC,-73.980116,40.718849,-73.970793,40.708694
26.6,2013-06-07 12:35:44 UTC,-73.978817,40.717564,-73.990285,40.736326
21.1,2013-08-06 16:46:49 UTC,-74.019613,40.69688,-74.017085,40.686207
23.5,2013-12-02 03:59:19 UTC,-73.977103,40.728414,-73.966501,40.716676
20.5,2011-07-22 09:21:44 UTC,-73.981604,40.770633,-73.977301,40.779433
21.1,2013-08-25 12:40:29 UTC,-74.005982,40.732251,-74.011652,40.741506
21.4,2013-01-06 14:53:35 UTC,-73.978255,40.74001,-73.988267,40.745568
22.5,2012-08-25 19:32:24 UTC,-73.987958,40.698323,-73.976088,40.705084
19.7,2012-05-05 18:46:20 UTC,-73.984336,40.726104,-73.986092,40.718088
21.8,2013-03-11 23:02:13 UTC,-73.979482,40.736149,-73.988496,40.744479
21.5,2013-07-17 09:21:00 UTC,-73.989429,40.769272,-73.978041,40.771672
20.0,2013-03-25 02:52:19 UTC,-73.975071,40.699753,-73.967061,40.6961
20.9,2013-07-16 22:53:11 UTC,-73.981731,40.73635,-73.992249,40.737296
29.3,2013-08-04 15:58:07 UTC,-73.970545,40.782605,-73.945402,40.793211
19.0,2011-05-22 17:54:29 UTC,-73.990573,40.736648,-73.995979,40.740566
27.1,2013-01-06 01:55:43 UTC,-74.001298,40.686533,-73.993458,40.664955
26.5,2013-09-20 16:52:06 UTC,-73.994177,40.788375,-73.974312,40.797288
21.7,2013-12-29 21:07:36 UTC,-73.951147,40.772047,-73.942265,40.780193
17.9,2012-07-04 02:56:09 UTC,-73.960881,40.776082,-73.958289,40.772291
22.8,2011-01-03 13:21:02 UTC,-73.955732,40.697686,-73.970055,40.698854
25.9,2012-12-05 00:18:35 UTC,-73.954346,40.795374,-73.933935,40.796501
26.4,2011-04-08 10:23:11 UTC,-73.989326,40.726802,-73.980675,40.707007
23.0,2012-10-14 15:15:50 UTC,-73.974084,40.734717,-73.988232,40.7307
23.6,2012-01-10 19:52:19 UTC,-73.978483,40.728917,-73.963037,40.725287
16.5,2011-02-10 15:26:38 UTC,-73.966809,40.778408,-73.966198,40.776821
18.6,2013-11-02 03:31:44 UTC,-73.985783,40.744606,-73.98856,40.739348
20.0,2011-04-14 01:38:42 UTC,-73.978141,40.764452,-73.983862,40.771081
19.8,2011-07-28 23:28:45 UTC,-73.978555,40.752277,-73.976843,40.744186
21.7,2012-04-20 12:46:21 UTC,-73.969355,40.747149,-73.961275,40.75625
19.6,2012-02-13 08:02:56 UTC,-73.966886,40.721596,-73.971833,40.727754
22.5,2011-03-18 12:40:17 UTC,-73.978127,40.804364,-73.976851,40.817968
34.6,2012-11-13 01:16:54 UTC,-73.97752,40.706098,-73.943714,40.723436
24.7,2012-07-01 21:58:49 UTC,-73.975482,40.762368,-73.970725,40.779772
23.3,2011-02-21 07:18:11 UTC,-73.947069,40.7613,-73.93741,40.749444
20.7,2011-04-02 10:47:36 UTC,-74.0146,40.784631,-74.024183,40.788073
23.3,2012-12-19 15:44:06 UTC,-73.999394,40.791643,-74.012968,40.784465
33.6,2013-03-25 02:30:11 UTC,-73.966526,40.745878,-73.951881,40.778681
22.3,2011-08-05 11:49:34 UTC,-73.974604,40.765912,-73.962814,40.772053
26.7,2012-12-01 22:20:25 UTC,-73.974745,40.802946,-73.957606,40.817109
17.8,2012-01-01 03:16:46 UTC,-73.96665,40.748045,-73.967446,40.752398
30.2,2012-09-15 04:23:48 UTC,-73.97572,40.718007,-73.963177,40.691653
29.0,2013-04-02 06:22:46 UTC,-73.991186,40.738466,-74.016728,40.73063
20.0,2012-01-18 14:36:49 UTC,-73.967424,40.710861,-73.962012,40.704005
21.2,2011-11-05 20:47:35 UTC,-73.979582,40.761155,-73.969252,40.757253
19.5,2011-12-13 22:41:21 UTC,-73.988952,40.781934,-73.995834,40.785529
21.5,2013-10-17 15:29:58 UTC,-73.966193,40.746369,-73.955634,40.751382
28.8,2012-03-30 11:02:16 UTC,-73.966979,40.701371,-73.968777,40.675098
16.9,2011-10-15 07:22:37 UTC,-73.975705,40.78065,-73.976502,40.77828
18.4,2011-10-13 14:09:54 UTC,-73.945658,40.696711,-73.948244,40.691852
26.1,2013-03-16 14:29:45 UTC,-73.953463,40.703621,-73.93765,40.717432
19.4,2013-04-25 02:35:25 UTC,-73.959963,40.74465,-73.964506,40.750572
18.7,2013-10-17 13:30:13 UTC,-73.928673,40.757554,-73.934439,40.755723
20.1,2013-10-14 07:09:08 UTC,-73.982929,40.762667,-73.991502,40.764904
24.3,2013-12-05 07:42:41 UTC,-73.989296,40.748016,-73.992982,40.731146
19.1,2011-05-26 03:35:11 UTC,-73.962793,40.802801,-73.960843,40.809415
19.4,2012-07-26 07:02:17 UTC,-73.985053,40.751955,-73.978667,40.748
21.2,2013-03-09 00:30:53 UTC,-73.979761,40.78104,-73.987294,40.772966
22.5,2012-04-21 02:28:34 UTC,-73.999718,40.773609,-73.995989,40.786751
19.0,2013-02-21 20:18:27 UTC,-73.967867,40.711214,-73.961747,40.71395
21.4,2011-08-25 12:14:50 UTC,-74.00942,40.744908,-74.018748,40.738254
18.7,2012-11-09 02:29:57 UTC,-73.981929,40.8137,-73.981297,40.807656
17.5,2011-05-10 17:24:10 UTC,-73.980307,40.734869,-73.981156,40.738529
17.1,2011-09-14 15:48:47 UTC,-73.988721,40.729761,-73.987982,40.732643
18.3,2013-05-31 18:45:52 UTC,-74.015144,40.755117,-74.020444,40.755412
21.7,2012-05-19 01:31:11 UTC,-74.015293,40.735944,-74.016648,40.723911
20.9,2013-09-29 16:58:05 UTC,-73.994923,40.726189,-73.994613,40.715634
25.7,2012-05-13 12:38:21 UTC,-73.969219,40.735501,-73.950579,40.728018
16.6,2012-10-08 12:44:20 UTC,-73.974222,40.79296,-73.973774,40.790999
22.3,2011-01-19 18:54:46 UTC,-73.980329,40.745901,-73.966945,40.745488
22.7,2011-10-29 02:58:52 UTC,-73.997692,40.710158,-73.983551,40.708558
22.3,2011-12-22 06:00:22 UTC,-73.973177,40.704648,-73.986367,40.703505
25.2,2011-08-11 23:50:34 UTC,-74.015981,40.816204,-74.018892,40.835017
23.9,2012-05-14 14:44:21 UTC,-74.027931,40.7433,-74.013769,40.751792
21.6,2011-12-31 03:43:06 UTC,-73.984861,40.763037,-73.98305,40.77492
18.0,2012-06-12 00:57:45 UTC,-73.990921,40.726859,-73.992085,40.731501
19.4,2013-03-08 21:27:52 UTC,-73.959737,40.75963,-73.952236,40.760354
21.3,2013-07-10 02:10:06 UTC,-73.97684,40.79378,-73.966165,40.797879
16.8,2013-07-09 08:30:53 UTC,-73.946985,40.730432,-73.947279,40.73269
19.9,2011-04-07 18:57:33 UTC,-73.990964,40.763758,-73.993747,40.771837
28.4,2013-08-12 20:55:36 UTC,-73.970265,40.707828,-73.9939,40.698076
19.3,2012-07-29 16:18:59 UTC,-73.985046,40.810686,-73.984575,40.817933
17.7,2012-09-04 22:20:13 UTC,-73.952366,40.758056,-73.956177,40.759727
26.0,2013-08-27 20:06:28 UTC,-73.984081,40.737616,-73.994146,40.719545
16.7,2013-08-16 07:07:38 UTC,-73.962912,40.741064,-73.964965,40.741921
22.5,2011-11-29 13:18:10 UTC,-74.001552,40.734699,-74.005726,40.721637
18.4,2013-01-22 05:28:40 UTC,-73.988304,40.736233,-73.986613,40.730883
17.2,2013-07-25 06:35:26 UTC,-73.981681,40.676575,-73.984471,40.674983
23.5,2011-02-21 16:35:59 UTC,-73.954732,40.747061,-73.950262,40.73199
16.5,2012-01-09 15:53:54 UTC,-74.023944,40.745804,-74.022205,40.745266
22.0,2012-01-24 08:33:33 UTC,-73.986653,40.76466,-73.973917,40.765345
20.3,2013-03-14 19:19:16 UTC,-73.98733,40.734306,-73.992673,40.741856
24.8,2013-01-01 20:56:18 UTC,-74.021539,40.726869,-74.003741,40.722331
21.1,2011-11-15 02:29:04 UTC,-73.989281,40.749767,-73.978608,40.752512
23.1,2013-01-15 05:02:48 UTC,-74.010813,40.701629,-73.995946,40.700675
18.1,2011-10-25 23:43:00 UTC,-74.026613,40.754303,-74.024086,40.75012
24.1,2012-05-12 18:53:51 UTC,-73.985246,40.694145,-73.988059,40.67744
18.4,2011-07-26 08:37:43 UTC,-73.985923,40.783625,-73.991302,40.782509
25.2,2011-01-29 18:40:21 UTC,-73.984899,40.770528,-73.967375,40.777973
22.8,2011-12-10 12:47:12 UTC,-73.974943,40.722214,-73.963976,40.712877
20.8,2013-01-06 17:21:34 UTC,-73.997588,40.769834,-74.007669,40.767656
20.5,2012-06-12 21:04:24 UTC,-73.944183,40.753345,-73.934407,40.752641
22.5,2012-11-23 16:30:16 UTC,-73.980666,40.71973,-73.988919,40.730754
17.3,2011-11-11 00:38:53 UTC,-73.954271,40.689314,-73.951028,40.689615
20.0,2011-03-09 10:13:12 UTC,-74.013598,40.759493,-74.005339,40.762374
22.9,2013-05-05 07:52:51 UTC,-73.996691,40.726172,-73.982111,40.726085
18.4,2013-06-01 08:10:30 UTC,-73.966274,40.782849,-73.963898,40.777926
21.3,2011-07-19 00:11:34 UTC,-73.984531,40.750421,-73.985871,40.739076
17.1,2011-03-07 11:26:55 UTC,-74.001464,40.729013,-74.001022,40.726162
21.3,2012-10-18 19:20:29 UTC,-74.016773,40.803935,-74.006104,40.807869
19.6,2012-09-09 19:07:17 UTC,-73.965336,40.767293,-73.957452,40.768524
23.0,2013-01-30 17:17:01 UTC,-73.966968,40.640347,-73.967131,40.655143
26.1,2012-04-24 09:07:50 UTC,-73.975134,40.735408,-73.993767,40.744867
29.3,2012-12-15 13:25:46 UTC,-73.989918,40.708477,-74.014263,40.720883
25.9,2013-11-19 23:54:41 UTC,-74.002262,40.726006,-74.000008,40.705683
25.5,2011-05-12 06:10:23 UTC,-73.98106,40.745658,-73.992872,40.761451
18.6,2013-09-08 02:36:57 UTC,-74.006306,40.760621,-74.011595,40.76329
18.0,2013-06-26 20:04:06 UTC,-73.995032,40.757841,-73.997301,40.76193
26.9,2012-03-23 03:42:53 UTC,-73.954775,40.782336,-73.93401,40.791296
16.3,2012-05-03 03:58:21 UTC,-74.017017,40.769098,-74.015793,40.769311
22.1,2012-05-22 08:25:11 UTC,-73.966449,40.767242,-73.95925,40.756539
23.3,2012-01-20 07:32:51 UTC,-73.950116,40.756045,-73.945071,40.770519
28.3,2012-03-27 13:54:28 UTC,-73.963675,40.788604,-73.987894,40.780922
21.0,2012-06-04 08:25:48 UTC,-73.972036,40.740512,-73.976031,40.730655
21.8,2011-05-25 08:03:59 UTC,-73.989271,40.741291,-74.001472,40.738948
24.5,2011-05-11 20:11:53 UTC,-73.992918,40.692833,-73.975646,40.688973
24.7,2012-05-27 00:44:45 UTC,-74.024963,40.781685,-74.043156,40.781723
17.8,2012-03-07 06:09:14 UTC,-73.97926,40.747692,-73.983468,40.74671
22.5,2013-03-18 10:55:45 UTC,-73.988045,40.838008,-73.990652,40.851479
21.1,2013-12-04 22:12:26 UTC,-73.993961,40.737834,-74.003819,40.742427
20.0,2013-01-14 16:49:50 UTC,-73.980402,40.752657,-73.979387,40.744079
19.2,2012-08-19 19:19:30 UTC,-73.978753,40.766395,-73.979175,40.75919
17.7,2011-01-08 23:10:38 UTC,-73.992711,40.716943,-73.991081,40.713061
18.8,2011-02-02 09:14:03 UTC,-73.947738,40.760756,-73.942713,40.756914
18.5,2013-07-16 10:29:36 UTC,-73.965388,40.75104,-73.96302,40.745892
21.5,2011-02-03 06:59:44 UTC,-73.962074,40.740889,-73.95827,40.729872
21.4,2011-07-31 20:11:31 UTC,-73.982066,40.785178,-73.970944,40.788082
24.2,2013-09-08 08:47:39 UTC,-73.969775,40.722888,-73.986272,40.718331
21.5,2011-06-01 17:30:03 UTC,-73.997914,40.758247,-73.990914,40.748729
21.4,2012-08-22 10:16:39 UTC,-73.966675,40.79364,-73.977132,40.798495
21.0,2011-07-30 07:37:54 UTC,-73.984088,40.728801,-73.990512,40.73728
17.0,2012-01-02 00:05:59 UTC,-74.00044,40.741093,-73.999229,40.738637
24.8,2013-07-18 15:17:17 UTC,-73.980455,40.820359,-73.976342,40.838174
27.0,2011-10-21 17:42:31 UTC,-73.985841,40.764232,-73.980551,40.786387
21.0,2011-09-20 22:22:45 UTC,-73.933539,40.734814,-73.94299,40.739783
24.1,2011-07-08 17:06:41 UTC,-73.971292,40.774079,-73.95498,40.769391
18.1,2012-08-22 13:49:04 UTC,-73.948406,40.732957,-73.952584,40.735647
22.7,2011-12-08 21:09:25 UTC,-73.957374,40.703053,-73.964568,40.690808
23.3,2011-06-15 08:41:54 UTC,-73.979244,40.791171,-73.991964,40.782452
26.5,2012-10-02 13:35:30 UTC,-73.988874,40.716908,-74.00258,40.700081
23.3,2012-06-23 01:34:59 UTC,-74.014805,40.823551,-74.028803,40.817267
22.0,2011-11-14 22:45:43 UTC,-73.997419,40.73532,-73.994275,40.722995
20.0,2013-09-05 17:14:00 UTC,-73.966745,40.813998,-73.960703,40.820239
21.4,2011-10-09 02:56:14 UTC,-73.986043,40.70894,-73.994685,40.701448
21.5,2011-07-10 03:14:41 UTC,-73.972484,40.780765,-73.983902,40.783531
19.5,2012-11-09 21:00:21 UTC,-74.020606,40.764992,-74.022722,40.772471
21.5,2013-01-19 05:36:50 UTC,-73.97093,40.775132,-73.969957,40.786846
17.8,2011-03-31 18:26:57 UTC,-73.95807,40.779041,-73.955441,40.775506
20.7,2012-10-09 13:50:50 UTC,-74.015515,40.735068,-74.025158,40.738174
17.5,2012-10-24 11:54:26 UTC,-73.972569,40.710735,-73.974241,40.71416
25.7,2011-01-09 13:37:46 UTC,-73.953129,40.748472,-73.937458,40.761193
22.8,2011-01-13 06:10:09 UTC,-73.946398,40.756691,-73.958346,40.764526
22.2,2012-11-20 22:02:40 UTC,-73.99007,40.735845,-73.990361,40.748878
24.3,2012-11-07 22:55:44 UTC,-73.964401,40.758327,-73.959402,40.74168
21.5,2011-07-27 15:43:49 UTC,-73.951404,40.759889,-73.961083,40.753246
21.6,2013-09-29 16:06:14 UTC,-73.971972,40.722699,-73.965859,40.733017
22.9,2013-06-20 17:18:51 UTC,-73.954298,40.761849,-73.967691,40.767656
18.9,2013-02-09 13:53:24 UTC,-73.980717,40.741984,-73.974372,40.740733
18.0,2011-11-06 16:27:37 UTC,-73.972114,40.729001,-73.97168,40.72426
23.8,2011-02-01 18:40:35 UTC,-73.992432,40.773621,-74.006626,40.781508
26.1,2011-10-19 10:53:22 UTC,-73.983292,40.72669,-73.976415,40.706894
21.6,2012-07-31 09:05:07 UTC,-73.971326,40.7363,-73.980284,40.744222
16.5,2012-08-27 21:33:19 UTC,-73.993932,40.752162,-73.995465,40.753068
19.6,2013-09-10 17:09:14 UTC,-73.984472,40.791229,-73.97817,40.786341
21.1,2011-02-28 23:10:39 UTC,-73.964783,40.755784,-73.974427,40.760808
18.9,2013-04-10 20:39:37 UTC,-73.938949,40.765849,-73.944232,40.761988
21.3,2011-10-28 13:42:51 UTC,-74.020989,40.741071,-74.009727,40.741361
26.0,2013-07-17 02:39:22 UTC,-73.940468,40.747645,-73.961167,40.747183
23.6,2012-03-03 14:22:26 UTC,-73.985197,40.748534,-73.971011,40.755979
23.0,2011-04-06 21:07:55 UTC,-73.960702,40.758799,-73.975345,40.760391
25.8,2013-06-02 05:17:27 UTC,-73.956778,40.741121,-73.963771,40.72203
22.7,2012-02-16 10:11:54 UTC,-73.94871,40.7902,-73.945886,40.776279
21.8,2013-02-08 04:59:03 UTC,-73.994559,40.738805,-73.988528,40.727963
18.4,2013-07-29 12:46:33 UTC,-73.984505,40.698783,-73.981526,40.703348
18.4,2011-01-13 06:31:22 UTC,-73.981072,40.832284,-73.980599,40.837852
24.3,2013-08-02 07:49:46 UTC,-73.987149,40.740179,-73.991509,40.756883
24.9,2011-10-30 04:33:47 UTC,-73.953625,40.789395,-73.938012,40.779251
23.2,2013-11-18 04:22:37 UTC,-73.981537,40.792144,-73.973807,40.805236
27.0,2012-04-21 11:04:51 UTC,-74.012371,40.778356,-74.000615,40.758978
17.7,2011-11-30 23:48:41 UTC,-73.99266,40.744059,-73.996874,40.744237
27.3,2013-06-16 02:44:48 UTC,-74.011568,40.758601,-74.03485,40.761053
20.9,2011-05-03 02:41:27 UTC,-73.984567,40.711765,-73.974366,40.714181
18.0,2013-04-19 03:44:06 UTC,-73.966549,40.809704,-73.962985,40.806608
16.7,2011-12-13 04:59:16 UTC,-73.99309,40.724446,-73.991261,40.725625
22.4,2012-06-18 13:04:01 UTC,-73.988061,40.742383,-73.993734,40.730031
20.3,2012-10-25 17:26:23 UTC,-73.985495,40.75297,-73.988976,40.761621
18.9,2013-11-18 10:47:17 UTC,-73.977185,40.746777,-73.983176,40.749275
17.5,2012-10-01 15:52:03 UTC,-73.969678,40.730294,-73.969227,40.733916
21.5,2011-02-11 18:03:19 UTC,-73.963855,40.79183,-73.975212,40.78904
19.8,2011-08-01 02:24:03 UTC,-73.93489,40.778508,-73.927264,40.775229
26.1,2012-12-02 14:10:15 UTC,-73.97753,40.759661,-73.957164,40.764909
24.1,2013-08-12 03:05:30 UTC,-73.965284,40.738013,-73.971261,40.753913
26.2,2012-02-28 12:22:51 UTC,-74.011751,40.781928,-74.027679,40.767992
22.9,2012-05-30 04:41:36 UTC,-73.987584,40.736066,-73.988604,40.721625
17.7,2013-09-19 23:41:28 UTC,-73.985408,40.797112,-73.982256,40.799774
18.4,2013-01-10 18:50:19 UTC,-74.000346,40.753337,-73.995814,40.750015
23.7,2012-02-20 11:54:15 UTC,-73.99072,40.786893,-73.974695,40.788135
19.7,2013-05-30 13:11:44 UTC,-73.98215,40.746585,-73.973992,40.746347
25.2,2013-01-10 21:29:22 UTC,-73.990093,40.752146,-74.008209,40.758366
22.0,2012-07-28 17:45:49 UTC,-73.927963,40.786763,-73.940323,40.783901
22.0,2013-11-28 16:02:41 UTC,-73.969754,40.815818,-73.965698,40.803736
20.2,2012-05-06 21:30:14 UTC,-73.93998,40.796811,-73.944521,40.788912
23.3,2013-08-06 15:07:05 UTC,-73.950147,40.776314,-73.934996,40.77471
23.5,2011-08-08 03:29:42 UTC,-73.992785,40.767679,-74.002156,40.755129
20.4,2011-10-17 05:35:34 UTC,-73.979249,40.734792,-73.969642,40.734423
18.9,2013-01-12 06:15:01 UTC,-73.988696,40.758857,-73.99519,40.759464
17.9,2011-05-16 14:26:15 UTC,-73.983236,40.722609,-73.980615,40.71903
19.9,2011-02-28 09:06:47 UTC,-73.999529,40.761273,-74.007808,40.763366
24.2,2012-12-14 11:16:44 UTC,-73.988831,40.763202,-73.983242,40.747059
22.8,2011-03-20 13:50:31 UTC,-73.97281,40.691175,-73.962083,40.681643
21.5,2011-04-25 13:49:25 UTC,-73.973338,40.751162,-73.970808,40.739735
26.1,2012-07-26 04:51:37 UTC,-73.974932,40.762446,-73.955841,40.771245
27.7,2012-09-17 13:03:27 UTC,-73.981193,40.747489,-73.988398,40.77055
20.1,2012-01-20 12:42:02 UTC,-73.962785,40.760741,-73.961805,40.751933
20.0,2012-05-12 09:15:20 UTC,-73.985141,40.709748,-73.976682,40.707396
21.5,2012-09-11 03:07:43 UTC,-73.952169,40.726724,-73.961667,40.71979
16.8,2011-12-05 14:59:15 UTC,-74.016952,40.781048,-74.016329,40.78326
20.1,2011-03-17 19:17:53 UTC,-73.966864,40.750017,-73.960223,40.743933
20.5,2013-02-18 15:24:59 UTC,-73.970233,40.760196,-73.960941,40.763024
22.2,2012-01-01 01:12:45 UTC,-73.993491,40.733604,-73.982073,40.740255
23.1,2012-01-31 06:35:27 UTC,-73.987105,40.750585,-73.995795,40.738347
17.6,2013-04-24 10:39:26 UTC,-73.970704,40.68094,-73.967822,40.683655
0.9,2011-04-25 01:52:17 UTC,-73.961681,40.77538,-73.97483,40.75744
19.5,2011-03-31 20:41:30 UTC,-74.014989,40.804238,-74.022233,40.801673
17.5,2011-12-24 23:21:35 UTC,-73.967435,40.718049,-73.969176,40.714813
21.5,2011-09-27 17:28:16 UTC,-73.989153,40.72179,-73.977713,40.719499
18.7,2012-11-20 17:36:08 UTC,-73.957494,40.763226,-73.952215,40.760106
18.1,2012-03-24 03:57:06 UTC,-74.016786,40.794216,-74.016385,40.789267
18.2,2013-05-23 18:39:02 UTC,-73.931094,40.749937,-73.926607,40.747279
18.5,2011-05-08 07:28:49 UTC,-73.997723,40.71312,-73.992511,40.715502
17.9,2013-11-08 11:26:36 UTC,-73.951401,40.743741,-73.947711,40.746404
18.6,2012-01-03 12:37:47 UTC,-73.981384,40.719102,-73.987134,40.720254
21.2,2012-07-15 16:43:58 UTC,-73.996373,40.729935,-74.00594,40.724199
21.1,2011-06-10 06:13:27 UTC,-73.974698,40.740879,-73.976931,40.751682
24.2,2013-02-24 22:32:51 UTC,-73.959417,40.72212,-73.967356,40.737374
22.8,2012-02-03 10:35:14 UTC,-74.011054,40.726663,-74.004841,40.713779
23.3,2012-03-12 15:29:57 UTC,-73.965968,40.752236,-73.950679,40.753879
19.3,2013-06-29 16:22:42 UTC,-73.980244,40.756451,-73.974607,40.75177
25.8,2013-03-28 15:58:14 UTC,-73.968459,40.707281,-73.986561,40.716537
18.8,2013-03-07 10:44:17 UTC,-73.97978,40.761891,-73.986113,40.761766
15.9,2011-10-14 08:21:10 UTC,-73.991437,40.738542,-73.991256,40.739074
23.2,2011-12-03 00:10:38 UTC,-74.002262,40.771608,-74.01661,40.776558
17.1,2013-06-22 18:56:03 UTC,-73.966547,40.773415,-73.966235,40.77044
24.3,2013-07-03 23:40:48 UTC,-73.966655,40.733664,-73.961961,40.750439
23.1,2012-04-10 00:45:35 UTC,-73.966755,40.768424,-73.952666,40.773522
25.8,2011-09-23 22:13:06 UTC,-73.971448,40.724891,-73.953261,40.734207
21.7,2013-05-03 15:36:10 UTC,-73.961106,40.789713,-73.973021,40.787507
16.5,2011-09-11 07:06:42 UTC,-73.951879,40.726026,-73.953044,40.724797
19.7,2011-02-27 16:21:45 UTC,-74.017528,40.760582,-74.018568,40.768699
20.7,2011-03-25 20:07:21 UTC,-74.026836,40.744372,-74.033966,40.751484
21.9,2013-06-19 05:16:07 UTC,-73.945641,40.719493,-73.944655,40.707006
16.4,2012-10-20 04:22:18 UTC,-74.006821,40.777027,-74.007622,40.778304
19.5,2012-06-09 09:30:12 UTC,-74.001725,40.731576,-73.995587,40.736314
22.4,2013-06-13 21:36:38 UTC,-73.985752,40.698998,-73.972186,40.697695
17.6,2013-11-20 10:34:12 UTC,-74.013079,40.66354,-74.011756,40.667329
18.1,2013-09-20 03:34:46 UTC,-73.987632,40.723749,-73.992532,40.722869
28.0,2013-12-27 22:52:03 UTC,-73.998962,40.791277,-74.009217,40.76881
27.8,2011-05-06 14:05:54 UTC,-73.984667,40.787732,-73.964242,40.774623
22.3,2013-07-12 04:43:38 UTC,-73.974403,40.728442,-73.965334,40.738192
18.0,2011-02-04 06:43:14 UTC,-73.986871,40.738766,-73.982874,40.736323
16.9,2012-12-23 05:31:39 UTC,-73.987881,40.736053,-73.989541,40.73795
23.7,2011-10-12 05:25:26 UTC,-73.97484,40.709997,-73.958721,40.70996
19.8,2011-08-15 04:40:55 UTC,-73.959114,40.721535,-73.96071,40.713282
24.5,2013-04-27 08:17:12 UTC,-73.947941,40.779434,-73.965062,40.774764
17.7,2011-02-12 09:28:09 UTC,-73.984371,40.765117,-73.981721,40.768406
22.1,2011-05-14 15:24:43 UTC,-73.943502,40.758193,-73.95578,40.762503
26.7,2013-01-10 01:18:32 UTC,-73.962466,40.709946,-73.959778,40.73183
22.8,2013-05-15 11:30:15 UTC,-74.00464,40.753021,-73.991199,40.748244
27.5,2013-08-19 16:57:59 UTC,-74.005224,40.680885,-74.021949,40.697591
21.9,2013-05-20 22:46:51 UTC,-73.991546,40.775284,-74.000542,40.76668
20.6,2013-05-18 13:15:42 UTC,-73.951108,40.757757,-73.942461,40.762643
18.3,2013-03-22 18:48:23 UTC,-73.990027,40.709643,-73.995022,40.711422
17.8,2012-07-23 06:29:40 UTC,-74.017847,40.798493,-74.013695,40.797234
17.7,2013-10-08 11:14:11 UTC,-73.984578,40.696115,-73.980405,40.696058
21.1,2013-03-31 20:28:22 UTC,-74.019611,40.765909,-74.010716,40.759683
21.2,2013-04-24 08:23:38 UTC,-74.0011,40.766655,-74.007566,40.775694
29.1,2012-08-28 00:59:09 UTC,-73.991741,40.71281,-74.017259,40.704384
18.2,2011-12-24 14:14:08 UTC,-73.977007,40.748864,-73.973038,40.75204
24.3,2012-06-08 22:32:08 UTC,-73.959517,40.700895,-73.975207,40.708454
24.0,2011-06-02 14:23:31 UTC,-73.966117,40.664609,-73.956766,40.678451
20.5,2012-08-05 03:24:19 UTC,-74.003586,40.717964,-74.004009,40.727681
18.9,2012-08-15 21:35:25 UTC,-73.987434,40.731501,-73.990395,40.737226
20.3,2011-01-19 04:47:02 UTC,-73.978472,40.769328,-73.971567,40.76295
25.2,2013-06-07 21:46:18 UTC,-73.985244,40.752022,-74.002663,40.744164
21.4,2012-03-05 15:55:05 UTC,-73.985386,40.752806,-73.987388,40.741421
22.2,2013-09-23 20:48:47 UTC,-74.014455,40.719567,-74.009976,40.707225
16.9,2013-03-12 10:35:05 UTC,-74.003055,40.7341,-74.000526,40.734086
20.0,2013-02-13 16:31:07 UTC,-73.988059,40.722102,-73.992947,40.714828
22.1,2011-03-01 00:56:46 UTC,-74.041865,40.713251,-74.046652,40.725243
23.9,2011-10-10 21:46:28 UTC,-73.967187,40.732189,-73.951755,40.726399
20.2,2012-10-31 01:14:46 UTC,-74.007454,40.752235,-73.998327,40.753178
19.2,2013-11-16 06:26:20 UTC,-73.966263,40.732821,-73.972905,40.730174
25.4,2011-05-25 10:58:09 UTC,-73.968022,40.740295,-73.954537,40.726256
22.3,2013-03-11 13:36:07 UTC,-73.990874,40.770847,-73.983323,40.781742
19.9,2012-11-03 06:33:06 UTC,-73.959989,40.734977,-73.955105,40.741932
20.5,2012-09-21 03:54:06 UTC,-73.965136,40.709981,-73.95987,40.718086
22.1,2011-03-25 17:44:42 UTC,-73.986179,40.766904,-73.99764,40.772853
24.1,2012-02-28 20:13:20 UTC,-73.988435,40.757975,-73.973383,40.750381
21.7,2013-02-01 13:25:26 UTC,-73.958055,40.75986,-73.94854,40.752459
18.2,2012-02-12 04:41:37 UTC,-73.97536,40.768775,-73.972908,40.773295
23.4,2013-09-14 09:42:57 UTC,-73.959106,40.763699,-73.95667,40.779128
17.6,2011-09-19 09:45:51 UTC,-74.027779,40.750862,-74.028694,40.754722
21.3,2013-06-21 01:06:16 UTC,-73.97803,40.821744,-73.983717,40.831528
19.4,2011-03-26 08:44:46 UTC,-74.011548,40.711451,-74.006203,40.706192
22.4,2011-11-29 16:07:08 UTC,-73.980516,40.732407,-73.98847,40.743386
17.9,2011-11-25 07:47:51 UTC,-73.965724,40.77902,-73.964217,40.774825
16.9,2013-03-08 06:16:38 UTC,-73.945217,40.754278,-73.944244,40.756679
18.3,2012-12-21 07:57:00 UTC,-73.998763,40.772738,-73.994912,40.769076
22.1,2013-03-09 02:44:07 UTC,-73.990514,40.755093,-73.981102,40.763984
20.6,2012-05-18 06:20:14 UTC,-73.981911,40.791222,-73.977877,40.800249
23.8,2012-04-26 23:59:26 UTC,-73.999491,40.719775,-73.992555,40.705007
27.4,2013-10-22 09:04:26 UTC,-73.960429,40.790274,-73.979828,40.803527
27.7,2011-11-20 14:12:16 UTC,-73.981402,40.78513,-73.976798,40.808894
17.4,2011-12-07 22:32:49 UTC,-73.977561,40.713691,-73.97681,40.710138
17.6,2013-06-10 14:13:08 UTC,-73.967597,40.76892,-73.963879,40.767652
22.4,2013-03-08 22:33:54 UTC,-73.981434,40.748709,-73.986725,40.761103
21.4,2012-03-23 22:06:52 UTC,-73.996351,40.731803,-73.984842,40.73247
16.9,2011-09-22 17:03:01 UTC,-73.98126,40.693341,-73.978756,40.693302
25.8,2011-04-30 00:31:56 UTC,-73.997124,40.719676,-74.004572,40.738645
23.0,2011-04-19 13:36:26 UTC,-73.97784,40.771243,-73.983524,40.7577
21.6,2013-09-14 02:59:58 UTC,-73.960061,40.774415,-73.951034,40.766526
17.8,2013-11-25 16:50:42 UTC,-74.0035,40.743679,-74.004352,40.747857
23.7,2013-10-28 11:49:49 UTC,-74.010647,40.77451,-74.010695,40.758314
17.7,2011-02-10 04:52:48 UTC,-73.979015,40.778358,-73.980992,40.774628
21.0,2013-02-06 05:55:21 UTC,-73.995356,40.754639,-73.985245,40.750818
21.0,2011-03-19 14:54:45 UTC,-73.979365,40.72833,-73.974542,40.737948
22.5,2012-02-06 00:11:53 UTC,-73.973592,40.763232,-73.985463,40.77016
25.4,2013-12-01 20:59:49 UTC,-74.022874,40.76461,-74.032631,40.747777
19.1,2011-07-28 18:35:47 UTC,-73.966203,40.770218,-73.966157,40.763287
20.3,2012-10-08 09:07:23 UTC,-74.003393,40.775962,-74.009824,40.769062
26.5,2012-12-21 11:45:30 UTC,-73.980447,40.709135,-74.002052,40.706969
22.3,2011-07-13 11:26:45 UTC,-73.993188,40.734702,-74.000638,40.723727
18.3,2012-10-08 12:52:35 UTC,-73.991039,40.693041,-73.993824,40.697558
19.6,2013-08-18 16:34:29 UTC,-73.946121,40.77241,-73.950121,40.765468
20.3,2012-08-29 16:07:02 UTC,-73.973615,40.743631,-73.966407,40.749517
26.8,2011-01-10 01:21:03 UTC,-73.961906,40.762924,-73.984252,40.762896
21.8,2011-08-12 13:10:45 UTC,-73.976981,40.70573,-73.984705,40.695999
23.6,2012-08-11 03:01:33 UTC,-73.9676,40.792029,-73.959643,40.805912
23.5,2011-01-09 19:20:16 UTC,-73.971652,40.71417,-73.978329,40.728347
21.9,2013-11-01 17:02:04 UTC,-73.974911,40.773237,-73.987025,40.77614
19.2,2013-12-12 19:13:47 UTC,-73.957857,40.753539,-73.964664,40.751146
21.4,2013-09-12 18:40:16 UTC,-73.97687,40.744317,-73.972408,40.733754
21.1,2011-02-23 06:41:03 UTC,-73.934297,40.741895,-73.936831,40.752606
21.1,2011-12-10 08:12:32 UTC,-73.960789,40.730858,-73.968039,40.739085
20.4,2012-12-03 14:30:42 UTC,-74.002791,40.788856,-73.997973,40.780716
19.5,2012-02-16 09:56:06 UTC,-73.983531,40.750378,-73.979782,40.74351
22.4,2013-02-13 04:25:54 UTC,-73.972058,40.711923,-73.984693,40.716493
21.5,2012-08-14 07:21:33 UTC,-73.97911,40.738481,-73.978162,40.726727
22.8,2011-06-17 13:35:55 UTC,-73.966263,40.75385,-73.979257,40.747593
23.5,2013-06-09 01:08:05 UTC,-73.96406,40.776934,-73.952359,40.766529
23.6,2011-05-02 00:02:09 UTC,-74.007192,40.731861,-73.99488,40.721778
19.5,2013-06-13 11:22:32 UTC,-73.954378,40.733867,-73.957255,40.726666
22.6,2013-12-12 12:27:50 UTC,-73.989936,40.750703,-73.979287,40.759763
25.2,2013-04-18 15:39:57 UTC,-73.991918,40.776203,-73.99948,40.758657
17.9,2011-08-06 18:38:54 UTC,-73.991982,40.708937,-73.993381,40.713272
18.8,2012-12-05 16:20:12 UTC,-73.963828,40.765161,-73.969676,40.76774
20.5,2012-04-18 12:08:36 UTC,-73.985341,40.736078,-73.985588,40.745762
17.0,2011-11-15 10:27:35 UTC,-73.993271,40.740267,-73.992609,40.742838
17.5,2012-09-08 04:36:24 UTC,-73.988479,40.810047,-73.988506,40.806259
19.7,2012-07-14 10:46:24 UTC,-74.015894,40.744106,-74.016796,40.735953
20.6,2012-01-05 19:31:51 UTC,-73.996843,40.772641,-73.99557,40.782545
22.4,2012-09-02 01:36:51 UTC,-74.004792,40.771567,-73.992238,40.776537
26.0,2011-04-19 07:26:15 UTC,-73.985383,40.714599,-74.005492,40.709668
26.3,2012-03-07 00:07:59 UTC,-73.966716,40.694638,-73.947507,40.703727
18.5,2012-01-02 13:57:28 UTC,-73.968922,40.774629,-73.97243,40.770171
16.0,2012-02-18 02:06:35 UTC,-73.954865,40.717494,-73.955644,40.717484
22.9,2011-01-11 11:14:37 UTC,-73.95932,40.700075,-73.946027,40.69403
19.7,2011-03-06 17:45:55 UTC,-73.990572,40.780785,-73.984505,40.786123
21.3,2013-02-13 09:40:01 UTC,-73.979619,40.719417,-73.974268,40.709475
22.0,2012-11-24 00:51:29 UTC,-73.980651,40.726824,-73.968195,40.723839
19.0,2013-03-09 01:06:24 UTC,-74.023021,40.809231,-74.024669,40.802686
20.4,2013-06-30 21:35:52 UTC,-74.004345,40.700208,-73.995155,40.702845
22.2,2013-11-06 03:57:34 UTC,-73.983346,40.712311,-73.995951,40.716196
21.5,2012-05-03 21:46:51 UTC,-73.983458,40.736209,-73.979283,40.725167
19.1,2011-11-13 19:39:43 UTC,-73.969753,40.742792,-73.964135,40.746857
25.0,2011-11-27 16:52:55 UTC,-73.970727,40.723188,-73.959267,40.70842
27.1,2011-10-10 11:31:51 UTC,-74.015414,40.71524,-74.008336,40.73716
18.4,2012-06-13 15:34:58 UTC,-73.969628,40.7953,-73.967583,40.790185
21.1,2011-10-22 18:36:50 UTC,-73.976428,40.75789,-73.979604,40.768382
17.6,2012-01-29 19:11:07 UTC,-73.967533,40.767555,-73.97082,40.769567
17.6,2011-11-14 02:18:58 UTC,-73.958663,40.745883,-73.961866,40.748301
24.4,2013-06-25 07:25:44 UTC,-73.982858,40.758684,-73.995836,40.747023
25.3,2013-06-24 17:11:38 UTC,-73.955088,40.777987,-73.937654,40.786421
20.6,2012-10-27 10:09:02 UTC,-73.997788,40.720111,-73.987801,40.720598
18.3,2012-07-27 06:03:39 UTC,-73.998915,40.757945,-73.99637,40.762646
19.7,2013-05-19 12:11:34 UTC,-73.971425,40.770881,-73.963275,40.769974
19.5,2012-03-13 18:42:35 UTC,-73.987375,40.796344,-73.979845,40.797644
22.3,2011-04-21 01:14:48 UTC,-73.974767,40.808437,-73.984697,40.799565
18.9,2012-11-04 06:25:47 UTC,-73.94014,40.752096,-73.933773,40.750567
22.3,2013-08-01 18:33:46 UTC,-73.97213,40.784159,-73.959433,40.77996
20.5,2011-06-19 21:55:28 UTC,-73.975757,40.669895,-73.982536,40.662839
23.3,2011-11-21 17:03:00 UTC,-73.997384,40.796568,-74.012721,40.797914
21.7,2012-07-15 19:05:19 UTC,-74.014,40.728223,-74.02562,40.731857
17.0,2012-06-15 13:26:25 UTC,-73.981451,40.742767,-73.982414,40.745275
21.8,2013-10-30 17:40:11 UTC,-73.958663,40.763233,-73.97086,40.762211
17.9,2012-12-14 23:23:52 UTC,-73.986459,40.745397,-73.988179,40.749508
19.1,2011-02-15 07:54:13 UTC,-73.971971,40.755894,-73.978518,40.758315
16.1,2013-05-05 15:19:37 UTC,-73.95147,40.797631,-73.951478,40.798606
18.3,2011-04-21 14:13:52 UTC,-73.95197,40.738473,-73.957066,40.740135
21.5,2012-08-10 01:07:18 UTC,-73.971424,40.717392,-73.971783,40.729222
22.4,2013-12-22 08:12:31 UTC,-73.976598,40.804404,-73.970573,40.792353
20.7,2013-09-17 08:45:36 UTC,-74.010373,40.765803,-74.019953,40.762617
17.8,2011-07-13 06:47:10 UTC,-73.992604,40.807667,-73.989791,40.811049
24.6,2013-05-04 11:44:07 UTC,-73.985615,40.775909,-73.994138,40.760082
22.5,2012-07-21 15:20:30 UTC,-73.997047,40.710292,-73.997104,40.724118
17.0,2013-02-07 12:10:28 UTC,-73.975031,40.769362,-73.975849,40.77191
20.7,2011-10-19 14:58:02 UTC,-73.941767,40.720482,-73.938211,40.730051
21.3,2011-11-03 20:01:05 UTC,-73.949645,40.750223,-73.947798,40.761421
22.2,2013-07-15 21:23:39 UTC,-73.975122,40.747729,-73.962734,40.751853
26.8,2012-10-18 04:01:57 UTC,-73.964411,40.70147,-73.964672,40.679144
18.9,2011-09-18 09:59:40 UTC,-73.994572,40.725616,-74.000847,40.727093
20.4,2012-10-21 07:00:55 UTC,-73.950718,40.816156,-73.941421,40.818274
21.3,2012-08-04 23:53:10 UTC,-74.011239,40.757151,-74.007929,40.746283
25.6,2011-12-17 14:42:55 UTC,-73.961743,40.744732,-73.952902,40.726835
18.0,2012-01-15 15:52:30 UTC,-73.970088,40.804387,-73.971288,40.809003
24.7,2013-06-21 05:08:38 UTC,-73.995117,40.738113,-74.008204,40.725621
